"kodjaz","typvaz","akrcis1","kodcis1","chodnota1","text1","akrcis2","kodcis2","chodnota2","text2"
"CS","Odvozená vazba","KRAJ_NUTS",100,"3018","Hlavní město Praha","CISOB",43,"554782","Praha"
"CS","Odvozená vazba","KRAJ_NUTS",100,"3026","Středočeský kraj","CISOB",43,"503410","Žitovlice"
"CS","Odvozená vazba","KRAJ_NUTS",100,"3026","Středočeský kraj","CISOB",43,"505781","Zápy"
"CS","Odvozená vazba","KRAJ_NUTS",100,"3026","Středočeský kraj","CISOB",43,"512991","Drnek"
"CS","Odvozená vazba","KRAJ_NUTS",100,"3026","Středočeský kraj","CISOB",43,"513032","Kamenný Most"
"CS","Odvozená vazba","KRAJ_NUTS",100,"3026","Středočeský kraj","CISOB",43,"513041","Lhota"
"CS","Odvozená vazba","KRAJ_NUTS",100,"3026","Středočeský kraj","CISOB",43,"513075","Hobšovice"
"CS","Odvozená vazba","KRAJ_NUTS",100,"3026","Středočeský kraj","CISOB",43,"513113","Malé Přítočno"
"CS","Odvozená vazba","KRAJ_NUTS",100,"3026","Středočeský kraj","CISOB",43,"513130","Dolany"
"CS","Odvozená vazba","KRAJ_NUTS",100,"3026","Středočeský kraj","CISOB",43,"513148","Polní Voděrady"
"CS","Odvozená vazba","KRAJ_NUTS",100,"3026","Středočeský kraj","CISOB",43,"513164","Ždánice"
"CS","Odvozená vazba","KRAJ_NUTS",100,"3026","Středočeský kraj","CISOB",43,"513181","Dománovice"
"CS","Odvozená vazba","KRAJ_NUTS",100,"3026","Středočeský kraj","CISOB",43,"513202","Zalešany"
"CS","Odvozená vazba","KRAJ_NUTS",100,"3026","Středočeský kraj","CISOB",43,"513237","Polní Chrčice"
"CS","Odvozená vazba","KRAJ_NUTS",100,"3026","Středočeský kraj","CISOB",43,"513261","Žabonosy"
"CS","Odvozená vazba","KRAJ_NUTS",100,"3026","Středočeský kraj","CISOB",43,"513270","Lipec"
"CS","Odvozená vazba","KRAJ_NUTS",100,"3026","Středočeský kraj","CISOB",43,"513288","Mrzky"
"CS","Odvozená vazba","KRAJ_NUTS",100,"3026","Středočeský kraj","CISOB",43,"513369","Přehvozdí"
"CS","Odvozená vazba","KRAJ_NUTS",100,"3026","Středočeský kraj","CISOB",43,"513393","Přistoupim"
"CS","Odvozená vazba","KRAJ_NUTS",100,"3026","Středočeský kraj","CISOB",43,"513415","Kbel"
"CS","Odvozená vazba","KRAJ_NUTS",100,"3026","Středočeský kraj","CISOB",43,"513423","Pašinka"
"CS","Odvozená vazba","KRAJ_NUTS",100,"3026","Středočeský kraj","CISOB",43,"513431","Chýnice"
"CS","Odvozená vazba","KRAJ_NUTS",100,"3026","Středočeský kraj","CISOB",43,"513458","Vestec"
"CS","Odvozená vazba","KRAJ_NUTS",100,"3026","Středočeský kraj","CISOB",43,"513482","Vysoký Újezd"
"CS","Odvozená vazba","KRAJ_NUTS",100,"3026","Středočeský kraj","CISOB",43,"513504","Dlouhá Lhota"
"CS","Odvozená vazba","KRAJ_NUTS",100,"3026","Středočeský kraj","CISOB",43,"513512","Zduchovice"
"CS","Odvozená vazba","KRAJ_NUTS",100,"3026","Středočeský kraj","CISOB",43,"513521","Lešetice"
"CS","Odvozená vazba","KRAJ_NUTS",100,"3026","Středočeský kraj","CISOB",43,"513539","Velká Lečice"
"CS","Odvozená vazba","KRAJ_NUTS",100,"3026","Středočeský kraj","CISOB",43,"513547","Příčovy"
"CS","Odvozená vazba","KRAJ_NUTS",100,"3026","Středočeský kraj","CISOB",43,"513555","Kotenčice"
"CS","Odvozená vazba","KRAJ_NUTS",100,"3026","Středočeský kraj","CISOB",43,"513571","Občov"
"CS","Odvozená vazba","KRAJ_NUTS",100,"3026","Středočeský kraj","CISOB",43,"513580","Hudčice"
"CS","Odvozená vazba","KRAJ_NUTS",100,"3026","Středočeský kraj","CISOB",43,"513628","Klokočná"
"CS","Odvozená vazba","KRAJ_NUTS",100,"3026","Středočeský kraj","CISOB",43,"513644","Zlatá"
"CS","Odvozená vazba","KRAJ_NUTS",100,"3026","Středočeský kraj","CISOB",43,"526622","Rohozec"
"CS","Odvozená vazba","KRAJ_NUTS",100,"3026","Středočeský kraj","CISOB",43,"528196","Podveky"
"CS","Odvozená vazba","KRAJ_NUTS",100,"3026","Středočeský kraj","CISOB",43,"529303","Benešov"
"CS","Odvozená vazba","KRAJ_NUTS",100,"3026","Středočeský kraj","CISOB",43,"529451","Bystřice"
"CS","Odvozená vazba","KRAJ_NUTS",100,"3026","Středočeský kraj","CISOB",43,"529478","Čakov"
"CS","Odvozená vazba","KRAJ_NUTS",100,"3026","Středočeský kraj","CISOB",43,"529486","Čechtice"
"CS","Odvozená vazba","KRAJ_NUTS",100,"3026","Středočeský kraj","CISOB",43,"529516","Čerčany"
"CS","Odvozená vazba","KRAJ_NUTS",100,"3026","Středočeský kraj","CISOB",43,"529524","Čejkovice"
"CS","Odvozená vazba","KRAJ_NUTS",100,"3026","Středočeský kraj","CISOB",43,"529532","Červený Újezd"
"CS","Odvozená vazba","KRAJ_NUTS",100,"3026","Středočeský kraj","CISOB",43,"529541","Český Šternberk"
"CS","Odvozená vazba","KRAJ_NUTS",100,"3026","Středočeský kraj","CISOB",43,"529559","Dobrovítov"
"CS","Odvozená vazba","KRAJ_NUTS",100,"3026","Středočeský kraj","CISOB",43,"529567","Čtyřkoly"
"CS","Odvozená vazba","KRAJ_NUTS",100,"3026","Středočeský kraj","CISOB",43,"529575","Medonosy"
"CS","Odvozená vazba","KRAJ_NUTS",100,"3026","Středočeský kraj","CISOB",43,"529583","Tupadly"
"CS","Odvozená vazba","KRAJ_NUTS",100,"3026","Středočeský kraj","CISOB",43,"529591","Sedlec"
"CS","Odvozená vazba","KRAJ_NUTS",100,"3026","Středočeský kraj","CISOB",43,"529605","Rokytá"
"CS","Odvozená vazba","KRAJ_NUTS",100,"3026","Středočeský kraj","CISOB",43,"529613","Josefův Důl"
"CS","Odvozená vazba","KRAJ_NUTS",100,"3026","Středočeský kraj","CISOB",43,"529621","Divišov"
"CS","Odvozená vazba","KRAJ_NUTS",100,"3026","Středočeský kraj","CISOB",43,"529630","Kostomlátky"
"CS","Odvozená vazba","KRAJ_NUTS",100,"3026","Středočeský kraj","CISOB",43,"529648","Dolní Kralovice"
"CS","Odvozená vazba","KRAJ_NUTS",100,"3026","Středočeský kraj","CISOB",43,"529656","Pětihosty"
"CS","Odvozená vazba","KRAJ_NUTS",100,"3026","Středočeský kraj","CISOB",43,"529664","Těchařovice"
"CS","Odvozená vazba","KRAJ_NUTS",100,"3026","Středočeský kraj","CISOB",43,"529672","Bezděkov pod Třemšínem"
"CS","Odvozená vazba","KRAJ_NUTS",100,"3026","Středočeský kraj","CISOB",43,"529681","Koupě"
"CS","Odvozená vazba","KRAJ_NUTS",100,"3026","Středočeský kraj","CISOB",43,"529699","Velká Chmelištná"
"CS","Odvozená vazba","KRAJ_NUTS",100,"3026","Středočeský kraj","CISOB",43,"529702","Heřmaničky"
"CS","Odvozená vazba","KRAJ_NUTS",100,"3026","Středočeský kraj","CISOB",43,"529711","Drahouš"
"CS","Odvozená vazba","KRAJ_NUTS",100,"3026","Středočeský kraj","CISOB",43,"529737","Hulice"
"CS","Odvozená vazba","KRAJ_NUTS",100,"3026","Středočeský kraj","CISOB",43,"529745","Hvězdonice"
"CS","Odvozená vazba","KRAJ_NUTS",100,"3026","Středočeský kraj","CISOB",43,"529770","Chlum"
"CS","Odvozená vazba","KRAJ_NUTS",100,"3026","Středočeský kraj","CISOB",43,"529788","Chmelná"
"CS","Odvozená vazba","KRAJ_NUTS",100,"3026","Středočeský kraj","CISOB",43,"529796","Chocerady"
"CS","Odvozená vazba","KRAJ_NUTS",100,"3026","Středočeský kraj","CISOB",43,"529818","Chotýšany"
"CS","Odvozená vazba","KRAJ_NUTS",100,"3026","Středočeský kraj","CISOB",43,"529842","Jankov"
"CS","Odvozená vazba","KRAJ_NUTS",100,"3026","Středočeský kraj","CISOB",43,"529851","Javorník"
"CS","Odvozená vazba","KRAJ_NUTS",100,"3026","Středočeský kraj","CISOB",43,"529907","Keblov"
"CS","Odvozená vazba","KRAJ_NUTS",100,"3026","Středočeský kraj","CISOB",43,"529931","Kondrac"
"CS","Odvozená vazba","KRAJ_NUTS",100,"3026","Středočeský kraj","CISOB",43,"529940","Kozmice"
"CS","Odvozená vazba","KRAJ_NUTS",100,"3026","Středočeský kraj","CISOB",43,"529958","Krhanice"
"CS","Odvozená vazba","KRAJ_NUTS",100,"3026","Středočeský kraj","CISOB",43,"529974","Krňany"
"CS","Odvozená vazba","KRAJ_NUTS",100,"3026","Středočeský kraj","CISOB",43,"529991","Křečovice"
"CS","Odvozená vazba","KRAJ_NUTS",100,"3026","Středočeský kraj","CISOB",43,"530000","Křivsoudov"
"CS","Odvozená vazba","KRAJ_NUTS",100,"3026","Středočeský kraj","CISOB",43,"530026","Kuňovice"
"CS","Odvozená vazba","KRAJ_NUTS",100,"3026","Středočeský kraj","CISOB",43,"530051","Lešany"
"CS","Odvozená vazba","KRAJ_NUTS",100,"3026","Středočeský kraj","CISOB",43,"530069","Libež"
"CS","Odvozená vazba","KRAJ_NUTS",100,"3026","Středočeský kraj","CISOB",43,"530093","Loket"
"CS","Odvozená vazba","KRAJ_NUTS",100,"3026","Středočeský kraj","CISOB",43,"530107","Louňovice pod Blaníkem"
"CS","Odvozená vazba","KRAJ_NUTS",100,"3026","Středočeský kraj","CISOB",43,"530115","Maršovice"
"CS","Odvozená vazba","KRAJ_NUTS",100,"3026","Středočeský kraj","CISOB",43,"530158","Mezno"
"CS","Odvozená vazba","KRAJ_NUTS",100,"3026","Středočeský kraj","CISOB",43,"530166","Miličín"
"CS","Odvozená vazba","KRAJ_NUTS",100,"3026","Středočeský kraj","CISOB",43,"530174","Miřetice"
"CS","Odvozená vazba","KRAJ_NUTS",100,"3026","Středočeský kraj","CISOB",43,"530191","Mnichovice"
"CS","Odvozená vazba","KRAJ_NUTS",100,"3026","Středočeský kraj","CISOB",43,"530204","Mrač"
"CS","Odvozená vazba","KRAJ_NUTS",100,"3026","Středočeský kraj","CISOB",43,"530212","Načeradec"
"CS","Odvozená vazba","KRAJ_NUTS",100,"3026","Středočeský kraj","CISOB",43,"530263","Nespeky"
"CS","Odvozená vazba","KRAJ_NUTS",100,"3026","Středočeský kraj","CISOB",43,"530298","Netvořice"
"CS","Odvozená vazba","KRAJ_NUTS",100,"3026","Středočeský kraj","CISOB",43,"530301","Neustupov"
"CS","Odvozená vazba","KRAJ_NUTS",100,"3026","Středočeský kraj","CISOB",43,"530310","Neveklov"
"CS","Odvozená vazba","KRAJ_NUTS",100,"3026","Středočeský kraj","CISOB",43,"530344","Olbramovice"
"CS","Odvozená vazba","KRAJ_NUTS",100,"3026","Středočeský kraj","CISOB",43,"530352","Ostředek"
"CS","Odvozená vazba","KRAJ_NUTS",100,"3026","Středočeský kraj","CISOB",43,"530409","Petroupim"
"CS","Odvozená vazba","KRAJ_NUTS",100,"3026","Středočeský kraj","CISOB",43,"530441","Poříčí nad Sázavou"
"CS","Odvozená vazba","KRAJ_NUTS",100,"3026","Středočeský kraj","CISOB",43,"530450","Postupice"
"CS","Odvozená vazba","KRAJ_NUTS",100,"3026","Středočeský kraj","CISOB",43,"530476","Pravonín"
"CS","Odvozená vazba","KRAJ_NUTS",100,"3026","Středočeský kraj","CISOB",43,"530492","Přestavlky u Čerčan"
"CS","Odvozená vazba","KRAJ_NUTS",100,"3026","Středočeský kraj","CISOB",43,"530514","Psáře"
"CS","Odvozená vazba","KRAJ_NUTS",100,"3026","Středočeský kraj","CISOB",43,"530522","Rabyně"
"CS","Odvozená vazba","KRAJ_NUTS",100,"3026","Středočeský kraj","CISOB",43,"530531","Radošovice"
"CS","Odvozená vazba","KRAJ_NUTS",100,"3026","Středočeský kraj","CISOB",43,"530549","Rataje"
"CS","Odvozená vazba","KRAJ_NUTS",100,"3026","Středočeský kraj","CISOB",43,"530573","Sedlec-Prčice"
"CS","Odvozená vazba","KRAJ_NUTS",100,"3026","Středočeský kraj","CISOB",43,"530611","Smilkov"
"CS","Odvozená vazba","KRAJ_NUTS",100,"3026","Středočeský kraj","CISOB",43,"530638","Soběhrdy"
"CS","Odvozená vazba","KRAJ_NUTS",100,"3026","Středočeský kraj","CISOB",43,"530689","Struhařov"
"CS","Odvozená vazba","KRAJ_NUTS",100,"3026","Středočeský kraj","CISOB",43,"530701","Střezimíř"
"CS","Odvozená vazba","KRAJ_NUTS",100,"3026","Středočeský kraj","CISOB",43,"530719","Studený"
"CS","Odvozená vazba","KRAJ_NUTS",100,"3026","Středočeský kraj","CISOB",43,"530743","Bílkovice"
"CS","Odvozená vazba","KRAJ_NUTS",100,"3026","Středočeský kraj","CISOB",43,"530751","Tehov"
"CS","Odvozená vazba","KRAJ_NUTS",100,"3026","Středočeský kraj","CISOB",43,"530760","Teplýšovice"
"CS","Odvozená vazba","KRAJ_NUTS",100,"3026","Středočeský kraj","CISOB",43,"530778","Tichonice"
"CS","Odvozená vazba","KRAJ_NUTS",100,"3026","Středočeský kraj","CISOB",43,"530816","Trhový Štěpánov"
"CS","Odvozená vazba","KRAJ_NUTS",100,"3026","Středočeský kraj","CISOB",43,"530832","Brambory"
"CS","Odvozená vazba","KRAJ_NUTS",100,"3026","Středočeský kraj","CISOB",43,"530841","Týnec nad Sázavou"
"CS","Odvozená vazba","KRAJ_NUTS",100,"3026","Středočeský kraj","CISOB",43,"530859","Semtěš"
"CS","Odvozená vazba","KRAJ_NUTS",100,"3026","Středočeský kraj","CISOB",43,"530867","Veliš"
"CS","Odvozená vazba","KRAJ_NUTS",100,"3026","Středočeský kraj","CISOB",43,"530875","Starkoč"
"CS","Odvozená vazba","KRAJ_NUTS",100,"3026","Středočeský kraj","CISOB",43,"530883","Vlašim"
"CS","Odvozená vazba","KRAJ_NUTS",100,"3026","Středočeský kraj","CISOB",43,"530891","Vojkov"
"CS","Odvozená vazba","KRAJ_NUTS",100,"3026","Středočeský kraj","CISOB",43,"530905","Votice"
"CS","Odvozená vazba","KRAJ_NUTS",100,"3026","Středočeský kraj","CISOB",43,"530913","Vracovice"
"CS","Odvozená vazba","KRAJ_NUTS",100,"3026","Středočeský kraj","CISOB",43,"530921","Vranov"
"CS","Odvozená vazba","KRAJ_NUTS",100,"3026","Středočeský kraj","CISOB",43,"530930","Štipoklasy"
"CS","Odvozená vazba","KRAJ_NUTS",100,"3026","Středočeský kraj","CISOB",43,"530948","Vrchotovy Janovice"
"CS","Odvozená vazba","KRAJ_NUTS",100,"3026","Středočeský kraj","CISOB",43,"530956","Opatovice I"
"CS","Odvozená vazba","KRAJ_NUTS",100,"3026","Středočeský kraj","CISOB",43,"530964","Bludov"
"CS","Odvozená vazba","KRAJ_NUTS",100,"3026","Středočeský kraj","CISOB",43,"530972","Třebětín"
"CS","Odvozená vazba","KRAJ_NUTS",100,"3026","Středočeský kraj","CISOB",43,"530981","Třebešice"
"CS","Odvozená vazba","KRAJ_NUTS",100,"3026","Středočeský kraj","CISOB",43,"530999","Močovice"
"CS","Odvozená vazba","KRAJ_NUTS",100,"3026","Středočeský kraj","CISOB",43,"531014","Vodranty"
"CS","Odvozená vazba","KRAJ_NUTS",100,"3026","Středočeský kraj","CISOB",43,"531022","Zdislavice"
"CS","Odvozená vazba","KRAJ_NUTS",100,"3026","Středočeský kraj","CISOB",43,"531031","Kamberk"
"CS","Odvozená vazba","KRAJ_NUTS",100,"3026","Středočeský kraj","CISOB",43,"531049","Zvěstov"
"CS","Odvozená vazba","KRAJ_NUTS",100,"3026","Středočeský kraj","CISOB",43,"531057","Beroun"
"CS","Odvozená vazba","KRAJ_NUTS",100,"3026","Středočeský kraj","CISOB",43,"531065","Souňov"
"CS","Odvozená vazba","KRAJ_NUTS",100,"3026","Středočeský kraj","CISOB",43,"531073","Běštín"
"CS","Odvozená vazba","KRAJ_NUTS",100,"3026","Středočeský kraj","CISOB",43,"531081","Broumy"
"CS","Odvozená vazba","KRAJ_NUTS",100,"3026","Středočeský kraj","CISOB",43,"531090","Březová"
"CS","Odvozená vazba","KRAJ_NUTS",100,"3026","Středočeský kraj","CISOB",43,"531103","Bubovice"
"CS","Odvozená vazba","KRAJ_NUTS",100,"3026","Středočeský kraj","CISOB",43,"531111","Bernardov"
"CS","Odvozená vazba","KRAJ_NUTS",100,"3026","Středočeský kraj","CISOB",43,"531120","Bzová"
"CS","Odvozená vazba","KRAJ_NUTS",100,"3026","Středočeský kraj","CISOB",43,"531138","Cerhovice"
"CS","Odvozená vazba","KRAJ_NUTS",100,"3026","Středočeský kraj","CISOB",43,"531146","Drahelčice"
"CS","Odvozená vazba","KRAJ_NUTS",100,"3026","Středočeský kraj","CISOB",43,"531154","Drozdov"
"CS","Odvozená vazba","KRAJ_NUTS",100,"3026","Středočeský kraj","CISOB",43,"531162","Felbabka"
"CS","Odvozená vazba","KRAJ_NUTS",100,"3026","Středočeský kraj","CISOB",43,"531171","Hlásná Třebaň"
"CS","Odvozená vazba","KRAJ_NUTS",100,"3026","Středočeský kraj","CISOB",43,"531189","Hořovice"
"CS","Odvozená vazba","KRAJ_NUTS",100,"3026","Středočeský kraj","CISOB",43,"531197","Hlízov"
"CS","Odvozená vazba","KRAJ_NUTS",100,"3026","Středočeský kraj","CISOB",43,"531201","Hostomice"
"CS","Odvozená vazba","KRAJ_NUTS",100,"3026","Středočeský kraj","CISOB",43,"531219","Hředle"
"CS","Odvozená vazba","KRAJ_NUTS",100,"3026","Středočeský kraj","CISOB",43,"531227","Hudlice"
"CS","Odvozená vazba","KRAJ_NUTS",100,"3026","Středočeský kraj","CISOB",43,"531235","Hvozdec"
"CS","Odvozená vazba","KRAJ_NUTS",100,"3026","Středočeský kraj","CISOB",43,"531243","Hýskov"
"CS","Odvozená vazba","KRAJ_NUTS",100,"3026","Středočeský kraj","CISOB",43,"531251","Chaloupky"
"CS","Odvozená vazba","KRAJ_NUTS",100,"3026","Středočeský kraj","CISOB",43,"531260","Dolní Pohleď"
"CS","Odvozená vazba","KRAJ_NUTS",100,"3026","Středočeský kraj","CISOB",43,"531278","Paběnice"
"CS","Odvozená vazba","KRAJ_NUTS",100,"3026","Středočeský kraj","CISOB",43,"531286","Bratčice"
"CS","Odvozená vazba","KRAJ_NUTS",100,"3026","Středočeský kraj","CISOB",43,"531294","Chyňava"
"CS","Odvozená vazba","KRAJ_NUTS",100,"3026","Středočeský kraj","CISOB",43,"531308","Jivina"
"CS","Odvozená vazba","KRAJ_NUTS",100,"3026","Středočeský kraj","CISOB",43,"531316","Karlštejn"
"CS","Odvozená vazba","KRAJ_NUTS",100,"3026","Středočeský kraj","CISOB",43,"531324","Komárov"
"CS","Odvozená vazba","KRAJ_NUTS",100,"3026","Středočeský kraj","CISOB",43,"531332","Koněprusy"
"CS","Odvozená vazba","KRAJ_NUTS",100,"3026","Středočeský kraj","CISOB",43,"531341","Drobovice"
"CS","Odvozená vazba","KRAJ_NUTS",100,"3026","Středočeský kraj","CISOB",43,"531359","Horky"
"CS","Odvozená vazba","KRAJ_NUTS",100,"3026","Středočeský kraj","CISOB",43,"531367","Adamov"
"CS","Odvozená vazba","KRAJ_NUTS",100,"3026","Středočeský kraj","CISOB",43,"531375","Kublov"
"CS","Odvozená vazba","KRAJ_NUTS",100,"3026","Středočeský kraj","CISOB",43,"531383","Schořov"
"CS","Odvozená vazba","KRAJ_NUTS",100,"3026","Středočeský kraj","CISOB",43,"531391","Sudějov"
"CS","Odvozená vazba","KRAJ_NUTS",100,"3026","Středočeský kraj","CISOB",43,"531405","Kobylnice"
"CS","Odvozená vazba","KRAJ_NUTS",100,"3026","Středočeský kraj","CISOB",43,"531413","Hraběšín"
"CS","Odvozená vazba","KRAJ_NUTS",100,"3026","Středočeský kraj","CISOB",43,"531421","Šebestěnice"
"CS","Odvozená vazba","KRAJ_NUTS",100,"3026","Středočeský kraj","CISOB",43,"531430","Horka I"
"CS","Odvozená vazba","KRAJ_NUTS",100,"3026","Středočeský kraj","CISOB",43,"531448","Libomyšl"
"CS","Odvozená vazba","KRAJ_NUTS",100,"3026","Středočeský kraj","CISOB",43,"531456","Liteň"
"CS","Odvozená vazba","KRAJ_NUTS",100,"3026","Středočeský kraj","CISOB",43,"531464","Loděnice"
"CS","Odvozená vazba","KRAJ_NUTS",100,"3026","Středočeský kraj","CISOB",43,"531472","Lochovice"
"CS","Odvozená vazba","KRAJ_NUTS",100,"3026","Středočeský kraj","CISOB",43,"531481","Horušice"
"CS","Odvozená vazba","KRAJ_NUTS",100,"3026","Středočeský kraj","CISOB",43,"531499","Hostín"
"CS","Odvozená vazba","KRAJ_NUTS",100,"3026","Středočeský kraj","CISOB",43,"531502","Liblice"
"CS","Odvozená vazba","KRAJ_NUTS",100,"3026","Středočeský kraj","CISOB",43,"531511","Zlončice"
"CS","Odvozená vazba","KRAJ_NUTS",100,"3026","Středočeský kraj","CISOB",43,"531529","Měňany"
"CS","Odvozená vazba","KRAJ_NUTS",100,"3026","Středočeský kraj","CISOB",43,"531537","Mezouň"
"CS","Odvozená vazba","KRAJ_NUTS",100,"3026","Středočeský kraj","CISOB",43,"531545","Mořina"
"CS","Odvozená vazba","KRAJ_NUTS",100,"3026","Středočeský kraj","CISOB",43,"531553","Konětopy"
"CS","Odvozená vazba","KRAJ_NUTS",100,"3026","Středočeský kraj","CISOB",43,"531561","Tuhaň"
"CS","Odvozená vazba","KRAJ_NUTS",100,"3026","Středočeský kraj","CISOB",43,"531570","Dobřeň"
"CS","Odvozená vazba","KRAJ_NUTS",100,"3026","Středočeský kraj","CISOB",43,"531588","Neumětely"
"CS","Odvozená vazba","KRAJ_NUTS",100,"3026","Středočeský kraj","CISOB",43,"531596","Nižbor"
"CS","Odvozená vazba","KRAJ_NUTS",100,"3026","Středočeský kraj","CISOB",43,"531600","Nový Jáchymov"
"CS","Odvozená vazba","KRAJ_NUTS",100,"3026","Středočeský kraj","CISOB",43,"531618","Nučice"
"CS","Odvozená vazba","KRAJ_NUTS",100,"3026","Středočeský kraj","CISOB",43,"531626","Olešná"
"CS","Odvozená vazba","KRAJ_NUTS",100,"3026","Středočeský kraj","CISOB",43,"531634","Osek"
"CS","Odvozená vazba","KRAJ_NUTS",100,"3026","Středočeský kraj","CISOB",43,"531642","Osov"
"CS","Odvozená vazba","KRAJ_NUTS",100,"3026","Středočeský kraj","CISOB",43,"531651","Kanina"
"CS","Odvozená vazba","KRAJ_NUTS",100,"3026","Středočeský kraj","CISOB",43,"531669","Otročiněves"
"CS","Odvozená vazba","KRAJ_NUTS",100,"3026","Středočeský kraj","CISOB",43,"531677","Lobeč"
"CS","Odvozená vazba","KRAJ_NUTS",100,"3026","Středočeský kraj","CISOB",43,"531685","Podluhy"
"CS","Odvozená vazba","KRAJ_NUTS",100,"3026","Středočeský kraj","CISOB",43,"531693","Praskolesy"
"CS","Odvozená vazba","KRAJ_NUTS",100,"3026","Středočeský kraj","CISOB",43,"531707","Nosálov"
"CS","Odvozená vazba","KRAJ_NUTS",100,"3026","Středočeský kraj","CISOB",43,"531715","Rpety"
"CS","Odvozená vazba","KRAJ_NUTS",100,"3026","Středočeský kraj","CISOB",43,"531723","Rudná"
"CS","Odvozená vazba","KRAJ_NUTS",100,"3026","Středočeský kraj","CISOB",43,"531731","Stránka"
"CS","Odvozená vazba","KRAJ_NUTS",100,"3026","Středočeský kraj","CISOB",43,"531740","Skuhrov"
"CS","Odvozená vazba","KRAJ_NUTS",100,"3026","Středočeský kraj","CISOB",43,"531758","Srbsko"
"CS","Odvozená vazba","KRAJ_NUTS",100,"3026","Středočeský kraj","CISOB",43,"531766","Stašov"
"CS","Odvozená vazba","KRAJ_NUTS",100,"3026","Středočeský kraj","CISOB",43,"531774","Kadlín"
"CS","Odvozená vazba","KRAJ_NUTS",100,"3026","Středočeský kraj","CISOB",43,"531782","Suchomasty"
"CS","Odvozená vazba","KRAJ_NUTS",100,"3026","Středočeský kraj","CISOB",43,"531791","Svatá"
"CS","Odvozená vazba","KRAJ_NUTS",100,"3026","Středočeský kraj","CISOB",43,"531804","Svatý Jan pod Skalou"
"CS","Odvozená vazba","KRAJ_NUTS",100,"3026","Středočeský kraj","CISOB",43,"531812","Svinaře"
"CS","Odvozená vazba","KRAJ_NUTS",100,"3026","Středočeský kraj","CISOB",43,"531821","Tachlovice"
"CS","Odvozená vazba","KRAJ_NUTS",100,"3026","Středočeský kraj","CISOB",43,"531839","Tetín"
"CS","Odvozená vazba","KRAJ_NUTS",100,"3026","Středočeský kraj","CISOB",43,"531847","Tlustice"
"CS","Odvozená vazba","KRAJ_NUTS",100,"3026","Středočeský kraj","CISOB",43,"531855","Tmaň"
"CS","Odvozená vazba","KRAJ_NUTS",100,"3026","Středočeský kraj","CISOB",43,"531863","Nedomice"
"CS","Odvozená vazba","KRAJ_NUTS",100,"3026","Středočeský kraj","CISOB",43,"531871","Jeviněves"
"CS","Odvozená vazba","KRAJ_NUTS",100,"3026","Středočeský kraj","CISOB",43,"531880","Trubská"
"CS","Odvozená vazba","KRAJ_NUTS",100,"3026","Středočeský kraj","CISOB",43,"531898","Lhotka"
"CS","Odvozená vazba","KRAJ_NUTS",100,"3026","Středočeský kraj","CISOB",43,"531901","Újezd"
"CS","Odvozená vazba","KRAJ_NUTS",100,"3026","Středočeský kraj","CISOB",43,"531910","Velký Chlumec"
"CS","Odvozená vazba","KRAJ_NUTS",100,"3026","Středočeský kraj","CISOB",43,"531928","Hostín u Vojkovic"
"CS","Odvozená vazba","KRAJ_NUTS",100,"3026","Středočeský kraj","CISOB",43,"531936","Vidim"
"CS","Odvozená vazba","KRAJ_NUTS",100,"3026","Středočeský kraj","CISOB",43,"531944","Vráž"
"CS","Odvozená vazba","KRAJ_NUTS",100,"3026","Středočeský kraj","CISOB",43,"531952","Všeradice"
"CS","Odvozená vazba","KRAJ_NUTS",100,"3026","Středočeský kraj","CISOB",43,"531961","Vysoký Újezd"
"CS","Odvozená vazba","KRAJ_NUTS",100,"3026","Středočeský kraj","CISOB",43,"531979","Zadní Třebaň"
"CS","Odvozená vazba","KRAJ_NUTS",100,"3026","Středočeský kraj","CISOB",43,"531987","Dolní Zimoř"
"CS","Odvozená vazba","KRAJ_NUTS",100,"3026","Středočeský kraj","CISOB",43,"531995","Zaječov"
"CS","Odvozená vazba","KRAJ_NUTS",100,"3026","Středočeský kraj","CISOB",43,"532002","Záluží"
"CS","Odvozená vazba","KRAJ_NUTS",100,"3026","Středočeský kraj","CISOB",43,"532011","Zdice"
"CS","Odvozená vazba","KRAJ_NUTS",100,"3026","Středočeský kraj","CISOB",43,"532029","Žebrák"
"CS","Odvozená vazba","KRAJ_NUTS",100,"3026","Středočeský kraj","CISOB",43,"532037","Chrášťany"
"CS","Odvozená vazba","KRAJ_NUTS",100,"3026","Středočeský kraj","CISOB",43,"532045","Chlístov"
"CS","Odvozená vazba","KRAJ_NUTS",100,"3026","Středočeský kraj","CISOB",43,"532053","Kladno"
"CS","Odvozená vazba","KRAJ_NUTS",100,"3026","Středočeský kraj","CISOB",43,"532061","Václavice"
"CS","Odvozená vazba","KRAJ_NUTS",100,"3026","Středočeský kraj","CISOB",43,"532070","Běloky"
"CS","Odvozená vazba","KRAJ_NUTS",100,"3026","Středočeský kraj","CISOB",43,"532088","Beřovice"
"CS","Odvozená vazba","KRAJ_NUTS",100,"3026","Středočeský kraj","CISOB",43,"532096","Borovnice"
"CS","Odvozená vazba","KRAJ_NUTS",100,"3026","Středočeský kraj","CISOB",43,"532100","Blevice"
"CS","Odvozená vazba","KRAJ_NUTS",100,"3026","Středočeský kraj","CISOB",43,"532118","Brandýsek"
"CS","Odvozená vazba","KRAJ_NUTS",100,"3026","Středočeský kraj","CISOB",43,"532126","Braškov"
"CS","Odvozená vazba","KRAJ_NUTS",100,"3026","Středočeský kraj","CISOB",43,"532134","Ješetice"
"CS","Odvozená vazba","KRAJ_NUTS",100,"3026","Středočeský kraj","CISOB",43,"532142","Bratronice"
"CS","Odvozená vazba","KRAJ_NUTS",100,"3026","Středočeský kraj","CISOB",43,"532151","Drahňovice"
"CS","Odvozená vazba","KRAJ_NUTS",100,"3026","Středočeský kraj","CISOB",43,"532169","Buštěhrad"
"CS","Odvozená vazba","KRAJ_NUTS",100,"3026","Středočeský kraj","CISOB",43,"532177","Tuřany"
"CS","Odvozená vazba","KRAJ_NUTS",100,"3026","Středočeský kraj","CISOB",43,"532185","Cvrčovice"
"CS","Odvozená vazba","KRAJ_NUTS",100,"3026","Středočeský kraj","CISOB",43,"532193","Lštění"
"CS","Odvozená vazba","KRAJ_NUTS",100,"3026","Středočeský kraj","CISOB",43,"532207","Černuc"
"CS","Odvozená vazba","KRAJ_NUTS",100,"3026","Středočeský kraj","CISOB",43,"532215","Červený Újezd"
"CS","Odvozená vazba","KRAJ_NUTS",100,"3026","Středočeský kraj","CISOB",43,"532223","Doksy"
"CS","Odvozená vazba","KRAJ_NUTS",100,"3026","Středočeský kraj","CISOB",43,"532231","Slověnice"
"CS","Odvozená vazba","KRAJ_NUTS",100,"3026","Středočeský kraj","CISOB",43,"532258","Litichovice"
"CS","Odvozená vazba","KRAJ_NUTS",100,"3026","Středočeský kraj","CISOB",43,"532266","Všechlapy"
"CS","Odvozená vazba","KRAJ_NUTS",100,"3026","Středočeský kraj","CISOB",43,"532274","Družec"
"CS","Odvozená vazba","KRAJ_NUTS",100,"3026","Středočeský kraj","CISOB",43,"532282","Dřetovice"
"CS","Odvozená vazba","KRAJ_NUTS",100,"3026","Středočeský kraj","CISOB",43,"532291","Dřínov"
"CS","Odvozená vazba","KRAJ_NUTS",100,"3026","Středočeský kraj","CISOB",43,"532304","Třebešice"
"CS","Odvozená vazba","KRAJ_NUTS",100,"3026","Středočeský kraj","CISOB",43,"532312","Horní Bezděkov"
"CS","Odvozená vazba","KRAJ_NUTS",100,"3026","Středočeský kraj","CISOB",43,"532321","Hořešovice"
"CS","Odvozená vazba","KRAJ_NUTS",100,"3026","Středočeský kraj","CISOB",43,"532339","Hospozín"
"CS","Odvozená vazba","KRAJ_NUTS",100,"3026","Středočeský kraj","CISOB",43,"532347","Hostouň"
"CS","Odvozená vazba","KRAJ_NUTS",100,"3026","Středočeský kraj","CISOB",43,"532355","Hradečno"
"CS","Odvozená vazba","KRAJ_NUTS",100,"3026","Středočeský kraj","CISOB",43,"532363","Hrdlív"
"CS","Odvozená vazba","KRAJ_NUTS",100,"3026","Středočeský kraj","CISOB",43,"532371","Hřebeč"
"CS","Odvozená vazba","KRAJ_NUTS",100,"3026","Středočeský kraj","CISOB",43,"532380","Blažejovice"
"CS","Odvozená vazba","KRAJ_NUTS",100,"3026","Středočeský kraj","CISOB",43,"532398","Chržín"
"CS","Odvozená vazba","KRAJ_NUTS",100,"3026","Středočeský kraj","CISOB",43,"532401","Jarpice"
"CS","Odvozená vazba","KRAJ_NUTS",100,"3026","Středočeský kraj","CISOB",43,"532410","Jedomělice"
"CS","Odvozená vazba","KRAJ_NUTS",100,"3026","Středočeský kraj","CISOB",43,"532428","Jemníky"
"CS","Odvozená vazba","KRAJ_NUTS",100,"3026","Středočeský kraj","CISOB",43,"532436","Snět"
"CS","Odvozená vazba","KRAJ_NUTS",100,"3026","Středočeský kraj","CISOB",43,"532444","Kačice"
"CS","Odvozená vazba","KRAJ_NUTS",100,"3026","Středočeský kraj","CISOB",43,"532452","Kamenné Žehrovice"
"CS","Odvozená vazba","KRAJ_NUTS",100,"3026","Středočeský kraj","CISOB",43,"532461","Klobuky"
"CS","Odvozená vazba","KRAJ_NUTS",100,"3026","Středočeský kraj","CISOB",43,"532479","Kmetiněves"
"CS","Odvozená vazba","KRAJ_NUTS",100,"3026","Středočeský kraj","CISOB",43,"532487","Knovíz"
"CS","Odvozená vazba","KRAJ_NUTS",100,"3026","Středočeský kraj","CISOB",43,"532495","Koleč"
"CS","Odvozená vazba","KRAJ_NUTS",100,"3026","Středočeský kraj","CISOB",43,"532509","Šetějovice"
"CS","Odvozená vazba","KRAJ_NUTS",100,"3026","Středočeský kraj","CISOB",43,"532517","Kvílice"
"CS","Odvozená vazba","KRAJ_NUTS",100,"3026","Středočeský kraj","CISOB",43,"532525","Kyšice"
"CS","Odvozená vazba","KRAJ_NUTS",100,"3026","Středočeský kraj","CISOB",43,"532533","Ledce"
"CS","Odvozená vazba","KRAJ_NUTS",100,"3026","Středočeský kraj","CISOB",43,"532541","Tomice"
"CS","Odvozená vazba","KRAJ_NUTS",100,"3026","Středočeský kraj","CISOB",43,"532550","Ratměřice"
"CS","Odvozená vazba","KRAJ_NUTS",100,"3026","Středočeský kraj","CISOB",43,"532568","Bernartice"
"CS","Odvozená vazba","KRAJ_NUTS",100,"3026","Středočeský kraj","CISOB",43,"532576","Libušín"
"CS","Odvozená vazba","KRAJ_NUTS",100,"3026","Středočeský kraj","CISOB",43,"532584","Lidice"
"CS","Odvozená vazba","KRAJ_NUTS",100,"3026","Středočeský kraj","CISOB",43,"532592","Tisem"
"CS","Odvozená vazba","KRAJ_NUTS",100,"3026","Středočeský kraj","CISOB",43,"532606","Choratice"
"CS","Odvozená vazba","KRAJ_NUTS",100,"3026","Středočeský kraj","CISOB",43,"532614","Vodslivy"
"CS","Odvozená vazba","KRAJ_NUTS",100,"3026","Středočeský kraj","CISOB",43,"532622","Makotřasy"
"CS","Odvozená vazba","KRAJ_NUTS",100,"3026","Středočeský kraj","CISOB",43,"532631","Malé Kyšice"
"CS","Odvozená vazba","KRAJ_NUTS",100,"3026","Středočeský kraj","CISOB",43,"532649","Popovice"
"CS","Odvozená vazba","KRAJ_NUTS",100,"3026","Středočeský kraj","CISOB",43,"532657","Malíkovice"
"CS","Odvozená vazba","KRAJ_NUTS",100,"3026","Středočeský kraj","CISOB",43,"532665","Neuměřice"
"CS","Odvozená vazba","KRAJ_NUTS",100,"3026","Středočeský kraj","CISOB",43,"532673","Olovnice"
"CS","Odvozená vazba","KRAJ_NUTS",100,"3026","Středočeský kraj","CISOB",43,"532681","Otvovice"
"CS","Odvozená vazba","KRAJ_NUTS",100,"3026","Středočeský kraj","CISOB",43,"532690","Ctiboř"
"CS","Odvozená vazba","KRAJ_NUTS",100,"3026","Středočeský kraj","CISOB",43,"532711","Pavlov"
"CS","Odvozená vazba","KRAJ_NUTS",100,"3026","Středočeský kraj","CISOB",43,"532720","Pchery"
"CS","Odvozená vazba","KRAJ_NUTS",100,"3026","Středočeský kraj","CISOB",43,"532738","Pletený Újezd"
"CS","Odvozená vazba","KRAJ_NUTS",100,"3026","Středočeský kraj","CISOB",43,"532746","Děkanovice"
"CS","Odvozená vazba","KRAJ_NUTS",100,"3026","Středočeský kraj","CISOB",43,"532754","Podlešín"
"CS","Odvozená vazba","KRAJ_NUTS",100,"3026","Středočeský kraj","CISOB",43,"532762","Pozdeň"
"CS","Odvozená vazba","KRAJ_NUTS",100,"3026","Středočeský kraj","CISOB",43,"532771","Přelíc"
"CS","Odvozená vazba","KRAJ_NUTS",100,"3026","Středočeský kraj","CISOB",43,"532789","Ptice"
"CS","Odvozená vazba","KRAJ_NUTS",100,"3026","Středočeský kraj","CISOB",43,"532797","Řisuty"
"CS","Odvozená vazba","KRAJ_NUTS",100,"3026","Středočeský kraj","CISOB",43,"532801","Sazená"
"CS","Odvozená vazba","KRAJ_NUTS",100,"3026","Středočeský kraj","CISOB",43,"532819","Slaný"
"CS","Odvozená vazba","KRAJ_NUTS",100,"3026","Středočeský kraj","CISOB",43,"532827","Slatina"
"CS","Odvozená vazba","KRAJ_NUTS",100,"3026","Středočeský kraj","CISOB",43,"532835","Smečno"
"CS","Odvozená vazba","KRAJ_NUTS",100,"3026","Středočeský kraj","CISOB",43,"532843","Dunice"
"CS","Odvozená vazba","KRAJ_NUTS",100,"3026","Středočeský kraj","CISOB",43,"532851","Stehelčeves"
"CS","Odvozená vazba","KRAJ_NUTS",100,"3026","Středočeský kraj","CISOB",43,"532860","Stochov"
"CS","Odvozená vazba","KRAJ_NUTS",100,"3026","Středočeský kraj","CISOB",43,"532878","Chleby"
"CS","Odvozená vazba","KRAJ_NUTS",100,"3026","Středočeský kraj","CISOB",43,"532886","Chářovice"
"CS","Odvozená vazba","KRAJ_NUTS",100,"3026","Středočeský kraj","CISOB",43,"532908","Svinařov"
"CS","Odvozená vazba","KRAJ_NUTS",100,"3026","Středočeský kraj","CISOB",43,"532916","Šlapanice"
"CS","Odvozená vazba","KRAJ_NUTS",100,"3026","Středočeský kraj","CISOB",43,"532924","Bukovany"
"CS","Odvozená vazba","KRAJ_NUTS",100,"3026","Středočeský kraj","CISOB",43,"532932","Hradiště"
"CS","Odvozená vazba","KRAJ_NUTS",100,"3026","Středočeský kraj","CISOB",43,"532941","Řimovice"
"CS","Odvozená vazba","KRAJ_NUTS",100,"3026","Středočeský kraj","CISOB",43,"532959","Třebichovice"
"CS","Odvozená vazba","KRAJ_NUTS",100,"3026","Středočeský kraj","CISOB",43,"532967","Třebíz"
"CS","Odvozená vazba","KRAJ_NUTS",100,"3026","Středočeský kraj","CISOB",43,"532975","Třebusice"
"CS","Odvozená vazba","KRAJ_NUTS",100,"3026","Středočeský kraj","CISOB",43,"532983","Tuchlovice"
"CS","Odvozená vazba","KRAJ_NUTS",100,"3026","Středočeský kraj","CISOB",43,"532991","Úhonice"
"CS","Odvozená vazba","KRAJ_NUTS",100,"3026","Středočeský kraj","CISOB",43,"533009","Uhy"
"CS","Odvozená vazba","KRAJ_NUTS",100,"3026","Středočeský kraj","CISOB",43,"533017","Unhošť"
"CS","Odvozená vazba","KRAJ_NUTS",100,"3026","Středočeský kraj","CISOB",43,"533025","Velká Dobrá"
"CS","Odvozená vazba","KRAJ_NUTS",100,"3026","Středočeský kraj","CISOB",43,"533033","Velké Přítočno"
"CS","Odvozená vazba","KRAJ_NUTS",100,"3026","Středočeský kraj","CISOB",43,"533041","Velvary"
"CS","Odvozená vazba","KRAJ_NUTS",100,"3026","Středočeský kraj","CISOB",43,"533050","Vinařice"
"CS","Odvozená vazba","KRAJ_NUTS",100,"3026","Středočeský kraj","CISOB",43,"533068","Vraný"
"CS","Odvozená vazba","KRAJ_NUTS",100,"3026","Středočeský kraj","CISOB",43,"533076","Pavlovice"
"CS","Odvozená vazba","KRAJ_NUTS",100,"3026","Středočeský kraj","CISOB",43,"533084","Kladruby"
"CS","Odvozená vazba","KRAJ_NUTS",100,"3026","Středočeský kraj","CISOB",43,"533092","Zákolany"
"CS","Odvozená vazba","KRAJ_NUTS",100,"3026","Středočeský kraj","CISOB",43,"533106","Trubín"
"CS","Odvozená vazba","KRAJ_NUTS",100,"3026","Středočeský kraj","CISOB",43,"533114","Zlonice"
"CS","Odvozená vazba","KRAJ_NUTS",100,"3026","Středočeský kraj","CISOB",43,"533122","Zvoleněves"
"CS","Odvozená vazba","KRAJ_NUTS",100,"3026","Středočeský kraj","CISOB",43,"533149","Žilina"
"CS","Odvozená vazba","KRAJ_NUTS",100,"3026","Středočeský kraj","CISOB",43,"533157","Žižice"
"CS","Odvozená vazba","KRAJ_NUTS",100,"3026","Středočeský kraj","CISOB",43,"533165","Kolín"
"CS","Odvozená vazba","KRAJ_NUTS",100,"3026","Středočeský kraj","CISOB",43,"533173","Barchovice"
"CS","Odvozená vazba","KRAJ_NUTS",100,"3026","Středočeský kraj","CISOB",43,"533181","Bečváry"
"CS","Odvozená vazba","KRAJ_NUTS",100,"3026","Středočeský kraj","CISOB",43,"533190","Bělušice"
"CS","Odvozená vazba","KRAJ_NUTS",100,"3026","Středočeský kraj","CISOB",43,"533203","Králův Dvůr"
"CS","Odvozená vazba","KRAJ_NUTS",100,"3026","Středočeský kraj","CISOB",43,"533211","Břežany I"
"CS","Odvozená vazba","KRAJ_NUTS",100,"3026","Středočeský kraj","CISOB",43,"533220","Břežany II"
"CS","Odvozená vazba","KRAJ_NUTS",100,"3026","Středočeský kraj","CISOB",43,"533238","Býchory"
"CS","Odvozená vazba","KRAJ_NUTS",100,"3026","Středočeský kraj","CISOB",43,"533246","Cerhenice"
"CS","Odvozená vazba","KRAJ_NUTS",100,"3026","Středočeský kraj","CISOB",43,"533254","Černé Voděrady"
"CS","Odvozená vazba","KRAJ_NUTS",100,"3026","Středočeský kraj","CISOB",43,"533262","Červené Pečky"
"CS","Odvozená vazba","KRAJ_NUTS",100,"3026","Středočeský kraj","CISOB",43,"533271","Český Brod"
"CS","Odvozená vazba","KRAJ_NUTS",100,"3026","Středočeský kraj","CISOB",43,"533289","Dobřichov"
"CS","Odvozená vazba","KRAJ_NUTS",100,"3026","Středočeský kraj","CISOB",43,"533297","Dolní Chvatliny"
"CS","Odvozená vazba","KRAJ_NUTS",100,"3026","Středočeský kraj","CISOB",43,"533301","Doubravčice"
"CS","Odvozená vazba","KRAJ_NUTS",100,"3026","Středočeský kraj","CISOB",43,"533319","Malá Víska"
"CS","Odvozená vazba","KRAJ_NUTS",100,"3026","Středočeský kraj","CISOB",43,"533327","Horní Kruty"
"CS","Odvozená vazba","KRAJ_NUTS",100,"3026","Středočeský kraj","CISOB",43,"533335","Lhotka"
"CS","Odvozená vazba","KRAJ_NUTS",100,"3026","Středočeský kraj","CISOB",43,"533343","Chotutice"
"CS","Odvozená vazba","KRAJ_NUTS",100,"3026","Středočeský kraj","CISOB",43,"533351","Chrášťany"
"CS","Odvozená vazba","KRAJ_NUTS",100,"3026","Středočeský kraj","CISOB",43,"533360","Jestřabí Lhota"
"CS","Odvozená vazba","KRAJ_NUTS",100,"3026","Středočeský kraj","CISOB",43,"533378","Jevany"
"CS","Odvozená vazba","KRAJ_NUTS",100,"3026","Středočeský kraj","CISOB",43,"533386","Klučov"
"CS","Odvozená vazba","KRAJ_NUTS",100,"3026","Středočeský kraj","CISOB",43,"533394","Konárovice"
"CS","Odvozená vazba","KRAJ_NUTS",100,"3026","Středočeský kraj","CISOB",43,"533408","Kořenice"
"CS","Odvozená vazba","KRAJ_NUTS",100,"3026","Středočeský kraj","CISOB",43,"533416","Kostelec nad Černými lesy"
"CS","Odvozená vazba","KRAJ_NUTS",100,"3026","Středočeský kraj","CISOB",43,"533424","Kouřim"
"CS","Odvozená vazba","KRAJ_NUTS",100,"3026","Středočeský kraj","CISOB",43,"533432","Kozojedy"
"CS","Odvozená vazba","KRAJ_NUTS",100,"3026","Středočeský kraj","CISOB",43,"533441","Krakovany"
"CS","Odvozená vazba","KRAJ_NUTS",100,"3026","Středočeský kraj","CISOB",43,"533459","Krupá"
"CS","Odvozená vazba","KRAJ_NUTS",100,"3026","Středočeský kraj","CISOB",43,"533467","Křečhoř"
"CS","Odvozená vazba","KRAJ_NUTS",100,"3026","Středočeský kraj","CISOB",43,"533475","Libenice"
"CS","Odvozená vazba","KRAJ_NUTS",100,"3026","Středočeský kraj","CISOB",43,"533483","Libodřice"
"CS","Odvozená vazba","KRAJ_NUTS",100,"3026","Středočeský kraj","CISOB",43,"533505","Lošany"
"CS","Odvozená vazba","KRAJ_NUTS",100,"3026","Středočeský kraj","CISOB",43,"533513","Malotice"
"CS","Odvozená vazba","KRAJ_NUTS",100,"3026","Středočeský kraj","CISOB",43,"533521","Nebovidy"
"CS","Odvozená vazba","KRAJ_NUTS",100,"3026","Středočeský kraj","CISOB",43,"533530","Nová Ves I"
"CS","Odvozená vazba","KRAJ_NUTS",100,"3026","Středočeský kraj","CISOB",43,"533548","Nučice"
"CS","Odvozená vazba","KRAJ_NUTS",100,"3026","Středočeský kraj","CISOB",43,"533556","Ohaře"
"CS","Odvozená vazba","KRAJ_NUTS",100,"3026","Středočeský kraj","CISOB",43,"533564","Oleška"
"CS","Odvozená vazba","KRAJ_NUTS",100,"3026","Středočeský kraj","CISOB",43,"533572","Ovčáry"
"CS","Odvozená vazba","KRAJ_NUTS",100,"3026","Středočeský kraj","CISOB",43,"533581","Plaňany"
"CS","Odvozená vazba","KRAJ_NUTS",100,"3026","Středočeský kraj","CISOB",43,"533599","Polepy"
"CS","Odvozená vazba","KRAJ_NUTS",100,"3026","Středočeský kraj","CISOB",43,"533602","Nenačovice"
"CS","Odvozená vazba","KRAJ_NUTS",100,"3026","Středočeský kraj","CISOB",43,"533611","Přišimasy"
"CS","Odvozená vazba","KRAJ_NUTS",100,"3026","Středočeský kraj","CISOB",43,"533629","Radim"
"CS","Odvozená vazba","KRAJ_NUTS",100,"3026","Středočeský kraj","CISOB",43,"533637","Radovesnice I"
"CS","Odvozená vazba","KRAJ_NUTS",100,"3026","Středočeský kraj","CISOB",43,"533645","Radovesnice II"
"CS","Odvozená vazba","KRAJ_NUTS",100,"3026","Středočeský kraj","CISOB",43,"533653","Ratboř"
"CS","Odvozená vazba","KRAJ_NUTS",100,"3026","Středočeský kraj","CISOB",43,"533661","Rostoklaty"
"CS","Odvozená vazba","KRAJ_NUTS",100,"3026","Středočeský kraj","CISOB",43,"533670","Chrustenice"
"CS","Odvozená vazba","KRAJ_NUTS",100,"3026","Středočeský kraj","CISOB",43,"533696","Skvrňov"
"CS","Odvozená vazba","KRAJ_NUTS",100,"3026","Středočeský kraj","CISOB",43,"533700","Starý Kolín"
"CS","Odvozená vazba","KRAJ_NUTS",100,"3026","Středočeský kraj","CISOB",43,"533718","Stříbrná Skalice"
"CS","Odvozená vazba","KRAJ_NUTS",100,"3026","Středočeský kraj","CISOB",43,"533726","Svojšice"
"CS","Odvozená vazba","KRAJ_NUTS",100,"3026","Středočeský kraj","CISOB",43,"533734","Tismice"
"CS","Odvozená vazba","KRAJ_NUTS",100,"3026","Středočeský kraj","CISOB",43,"533742","Toušice"
"CS","Odvozená vazba","KRAJ_NUTS",100,"3026","Středočeský kraj","CISOB",43,"533751","Třebovle"
"CS","Odvozená vazba","KRAJ_NUTS",100,"3026","Středočeský kraj","CISOB",43,"533769","Tři Dvory"
"CS","Odvozená vazba","KRAJ_NUTS",100,"3026","Středočeský kraj","CISOB",43,"533777","Tuchoraz"
"CS","Odvozená vazba","KRAJ_NUTS",100,"3026","Středočeský kraj","CISOB",43,"533785","Tuklaty"
"CS","Odvozená vazba","KRAJ_NUTS",100,"3026","Středočeský kraj","CISOB",43,"533793","Korno"
"CS","Odvozená vazba","KRAJ_NUTS",100,"3026","Středočeský kraj","CISOB",43,"533807","Týnec nad Labem"
"CS","Odvozená vazba","KRAJ_NUTS",100,"3026","Středočeský kraj","CISOB",43,"533815","Uhlířská Lhota"
"CS","Odvozená vazba","KRAJ_NUTS",100,"3026","Středočeský kraj","CISOB",43,"533823","Veletov"
"CS","Odvozená vazba","KRAJ_NUTS",100,"3026","Středočeský kraj","CISOB",43,"533831","Velim"
"CS","Odvozená vazba","KRAJ_NUTS",100,"3026","Středočeský kraj","CISOB",43,"533840","Velký Osek"
"CS","Odvozená vazba","KRAJ_NUTS",100,"3026","Středočeský kraj","CISOB",43,"533858","Veltruby"
"CS","Odvozená vazba","KRAJ_NUTS",100,"3026","Středočeský kraj","CISOB",43,"533866","Vitice"
"CS","Odvozená vazba","KRAJ_NUTS",100,"3026","Středočeský kraj","CISOB",43,"533874","Vlkančice"
"CS","Odvozená vazba","KRAJ_NUTS",100,"3026","Středočeský kraj","CISOB",43,"533882","Volárna"
"CS","Odvozená vazba","KRAJ_NUTS",100,"3026","Středočeský kraj","CISOB",43,"533891","Vrbčany"
"CS","Odvozená vazba","KRAJ_NUTS",100,"3026","Středočeský kraj","CISOB",43,"533904","Vyžlovka"
"CS","Odvozená vazba","KRAJ_NUTS",100,"3026","Středočeský kraj","CISOB",43,"533912","Mořinka"
"CS","Odvozená vazba","KRAJ_NUTS",100,"3026","Středočeský kraj","CISOB",43,"533921","Zásmuky"
"CS","Odvozená vazba","KRAJ_NUTS",100,"3026","Středočeský kraj","CISOB",43,"533939","Lážovice"
"CS","Odvozená vazba","KRAJ_NUTS",100,"3026","Středočeský kraj","CISOB",43,"533947","Žiželice"
"CS","Odvozená vazba","KRAJ_NUTS",100,"3026","Středočeský kraj","CISOB",43,"533955","Kutná Hora"
"CS","Odvozená vazba","KRAJ_NUTS",100,"3026","Středočeský kraj","CISOB",43,"533963","Skřipel"
"CS","Odvozená vazba","KRAJ_NUTS",100,"3026","Středočeský kraj","CISOB",43,"533971","Bílé Podolí"
"CS","Odvozená vazba","KRAJ_NUTS",100,"3026","Středočeský kraj","CISOB",43,"533980","Bohdaneč"
"CS","Odvozená vazba","KRAJ_NUTS",100,"3026","Středočeský kraj","CISOB",43,"533998","Církvice"
"CS","Odvozená vazba","KRAJ_NUTS",100,"3026","Středočeský kraj","CISOB",43,"534005","Čáslav"
"CS","Odvozená vazba","KRAJ_NUTS",100,"3026","Středočeský kraj","CISOB",43,"534013","Černíny"
"CS","Odvozená vazba","KRAJ_NUTS",100,"3026","Středočeský kraj","CISOB",43,"534021","Červené Janovice"
"CS","Odvozená vazba","KRAJ_NUTS",100,"3026","Středočeský kraj","CISOB",43,"534030","Čestín"
"CS","Odvozená vazba","KRAJ_NUTS",100,"3026","Středočeský kraj","CISOB",43,"534048","Vižina"
"CS","Odvozená vazba","KRAJ_NUTS",100,"3026","Středočeský kraj","CISOB",43,"534056","Horka II"
"CS","Odvozená vazba","KRAJ_NUTS",100,"3026","Středočeský kraj","CISOB",43,"534064","Hostovlice"
"CS","Odvozená vazba","KRAJ_NUTS",100,"3026","Středočeský kraj","CISOB",43,"534072","Kotopeky"
"CS","Odvozená vazba","KRAJ_NUTS",100,"3026","Středočeský kraj","CISOB",43,"534081","Chabeřice"
"CS","Odvozená vazba","KRAJ_NUTS",100,"3026","Středočeský kraj","CISOB",43,"534099","Chlístovice"
"CS","Odvozená vazba","KRAJ_NUTS",100,"3026","Středočeský kraj","CISOB",43,"534102","Chotusice"
"CS","Odvozená vazba","KRAJ_NUTS",100,"3026","Středočeský kraj","CISOB",43,"534111","Otmíče"
"CS","Odvozená vazba","KRAJ_NUTS",100,"3026","Středočeský kraj","CISOB",43,"534129","Kácov"
"CS","Odvozená vazba","KRAJ_NUTS",100,"3026","Středočeský kraj","CISOB",43,"534137","Kluky"
"CS","Odvozená vazba","KRAJ_NUTS",100,"3026","Středočeský kraj","CISOB",43,"534145","Bykoš"
"CS","Odvozená vazba","KRAJ_NUTS",100,"3026","Středočeský kraj","CISOB",43,"534153","Krchleby"
"CS","Odvozená vazba","KRAJ_NUTS",100,"3026","Středočeský kraj","CISOB",43,"534161","Křesetice"
"CS","Odvozená vazba","KRAJ_NUTS",100,"3026","Středočeský kraj","CISOB",43,"534170","Ledečko"
"CS","Odvozená vazba","KRAJ_NUTS",100,"3026","Středočeský kraj","CISOB",43,"534188","Malešov"
"CS","Odvozená vazba","KRAJ_NUTS",100,"3026","Středočeský kraj","CISOB",43,"534196","Svatý Mikuláš"
"CS","Odvozená vazba","KRAJ_NUTS",100,"3026","Středočeský kraj","CISOB",43,"534200","Miskovice"
"CS","Odvozená vazba","KRAJ_NUTS",100,"3026","Středočeský kraj","CISOB",43,"534218","Málkov"
"CS","Odvozená vazba","KRAJ_NUTS",100,"3026","Středočeský kraj","CISOB",43,"534226","Nepoměřice"
"CS","Odvozená vazba","KRAJ_NUTS",100,"3026","Středočeský kraj","CISOB",43,"534234","Vinařice"
"CS","Odvozená vazba","KRAJ_NUTS",100,"3026","Středočeský kraj","CISOB",43,"534242","Nové Dvory"
"CS","Odvozená vazba","KRAJ_NUTS",100,"3026","Středočeský kraj","CISOB",43,"534251","Okřesaneč"
"CS","Odvozená vazba","KRAJ_NUTS",100,"3026","Středočeský kraj","CISOB",43,"534269","Nesvačily"
"CS","Odvozená vazba","KRAJ_NUTS",100,"3026","Středočeský kraj","CISOB",43,"534277","Onomyšl"
"CS","Odvozená vazba","KRAJ_NUTS",100,"3026","Středočeský kraj","CISOB",43,"534285","Podbrdy"
"CS","Odvozená vazba","KRAJ_NUTS",100,"3026","Středočeský kraj","CISOB",43,"534293","Soběšín"
"CS","Odvozená vazba","KRAJ_NUTS",100,"3026","Středočeský kraj","CISOB",43,"534307","Pertoltice"
"CS","Odvozená vazba","KRAJ_NUTS",100,"3026","Středočeský kraj","CISOB",43,"534315","Petrovice I"
"CS","Odvozená vazba","KRAJ_NUTS",100,"3026","Středočeský kraj","CISOB",43,"534323","Petrovice II"
"CS","Odvozená vazba","KRAJ_NUTS",100,"3026","Středočeský kraj","CISOB",43,"534331","Potěhy"
"CS","Odvozená vazba","KRAJ_NUTS",100,"3026","Středočeský kraj","CISOB",43,"534340","Rašovice"
"CS","Odvozená vazba","KRAJ_NUTS",100,"3026","Středočeský kraj","CISOB",43,"534358","Rataje nad Sázavou"
"CS","Odvozená vazba","KRAJ_NUTS",100,"3026","Středočeský kraj","CISOB",43,"534366","Řendějov"
"CS","Odvozená vazba","KRAJ_NUTS",100,"3026","Středočeský kraj","CISOB",43,"534374","Samopše"
"CS","Odvozená vazba","KRAJ_NUTS",100,"3026","Středočeský kraj","CISOB",43,"534382","Sázava"
"CS","Odvozená vazba","KRAJ_NUTS",100,"3026","Středočeský kraj","CISOB",43,"534391","Slavošov"
"CS","Odvozená vazba","KRAJ_NUTS",100,"3026","Středočeský kraj","CISOB",43,"534404","Lužce"
"CS","Odvozená vazba","KRAJ_NUTS",100,"3026","Středočeský kraj","CISOB",43,"534412","Staňkovice"
"CS","Odvozená vazba","KRAJ_NUTS",100,"3026","Středočeský kraj","CISOB",43,"534421","Bavoryně"
"CS","Odvozená vazba","KRAJ_NUTS",100,"3026","Středočeský kraj","CISOB",43,"534439","Suchdol"
"CS","Odvozená vazba","KRAJ_NUTS",100,"3026","Středočeský kraj","CISOB",43,"534447","Chodouň"
"CS","Odvozená vazba","KRAJ_NUTS",100,"3026","Středočeský kraj","CISOB",43,"534455","Chlustina"
"CS","Odvozená vazba","KRAJ_NUTS",100,"3026","Středočeský kraj","CISOB",43,"534463","Točník"
"CS","Odvozená vazba","KRAJ_NUTS",100,"3026","Středočeský kraj","CISOB",43,"534471","Záhornice"
"CS","Odvozená vazba","KRAJ_NUTS",100,"3026","Středočeský kraj","CISOB",43,"534480","Tupadly"
"CS","Odvozená vazba","KRAJ_NUTS",100,"3026","Středočeský kraj","CISOB",43,"534498","Uhlířské Janovice"
"CS","Odvozená vazba","KRAJ_NUTS",100,"3026","Středočeský kraj","CISOB",43,"534501","Úmonín"
"CS","Odvozená vazba","KRAJ_NUTS",100,"3026","Středočeský kraj","CISOB",43,"534510","Úžice"
"CS","Odvozená vazba","KRAJ_NUTS",100,"3026","Středočeský kraj","CISOB",43,"534528","Vavřinec"
"CS","Odvozená vazba","KRAJ_NUTS",100,"3026","Středočeský kraj","CISOB",43,"534536","Vidice"
"CS","Odvozená vazba","KRAJ_NUTS",100,"3026","Středočeský kraj","CISOB",43,"534544","Vinaře"
"CS","Odvozená vazba","KRAJ_NUTS",100,"3026","Středočeský kraj","CISOB",43,"534552","Vlačice"
"CS","Odvozená vazba","KRAJ_NUTS",100,"3026","Středočeský kraj","CISOB",43,"534561","Vlastějovice"
"CS","Odvozená vazba","KRAJ_NUTS",100,"3026","Středočeský kraj","CISOB",43,"534579","Vlkaneč"
"CS","Odvozená vazba","KRAJ_NUTS",100,"3026","Středočeský kraj","CISOB",43,"534587","Vrdy"
"CS","Odvozená vazba","KRAJ_NUTS",100,"3026","Středočeský kraj","CISOB",43,"534595","Záboří nad Labem"
"CS","Odvozená vazba","KRAJ_NUTS",100,"3026","Středočeský kraj","CISOB",43,"534609","Zbizuby"
"CS","Odvozená vazba","KRAJ_NUTS",100,"3026","Středočeský kraj","CISOB",43,"534617","Zbraslavice"
"CS","Odvozená vazba","KRAJ_NUTS",100,"3026","Středočeský kraj","CISOB",43,"534625","Zbýšov"
"CS","Odvozená vazba","KRAJ_NUTS",100,"3026","Středočeský kraj","CISOB",43,"534633","Zruč nad Sázavou"
"CS","Odvozená vazba","KRAJ_NUTS",100,"3026","Středočeský kraj","CISOB",43,"534641","Žáky"
"CS","Odvozená vazba","KRAJ_NUTS",100,"3026","Středočeský kraj","CISOB",43,"534650","Žehušice"
"CS","Odvozená vazba","KRAJ_NUTS",100,"3026","Středočeský kraj","CISOB",43,"534668","Žleby"
"CS","Odvozená vazba","KRAJ_NUTS",100,"3026","Středočeský kraj","CISOB",43,"534676","Mělník"
"CS","Odvozená vazba","KRAJ_NUTS",100,"3026","Středočeský kraj","CISOB",43,"534684","Borek"
"CS","Odvozená vazba","KRAJ_NUTS",100,"3026","Středočeský kraj","CISOB",43,"534706","Chroustov"
"CS","Odvozená vazba","KRAJ_NUTS",100,"3026","Středočeský kraj","CISOB",43,"534714","Býkev"
"CS","Odvozená vazba","KRAJ_NUTS",100,"3026","Středočeský kraj","CISOB",43,"534722","Byšice"
"CS","Odvozená vazba","KRAJ_NUTS",100,"3026","Středočeský kraj","CISOB",43,"534731","Cítov"
"CS","Odvozená vazba","KRAJ_NUTS",100,"3026","Středočeský kraj","CISOB",43,"534749","Čečelice"
"CS","Odvozená vazba","KRAJ_NUTS",100,"3026","Středočeský kraj","CISOB",43,"534757","Seletice"
"CS","Odvozená vazba","KRAJ_NUTS",100,"3026","Středočeský kraj","CISOB",43,"534765","Dolní Beřkovice"
"CS","Odvozená vazba","KRAJ_NUTS",100,"3026","Středočeský kraj","CISOB",43,"534773","Dřínov"
"CS","Odvozená vazba","KRAJ_NUTS",100,"3026","Středočeský kraj","CISOB",43,"534781","Dřísy"
"CS","Odvozená vazba","KRAJ_NUTS",100,"3026","Středočeský kraj","CISOB",43,"534790","Horní Počaply"
"CS","Odvozená vazba","KRAJ_NUTS",100,"3026","Středočeský kraj","CISOB",43,"534803","Hořín"
"CS","Odvozená vazba","KRAJ_NUTS",100,"3026","Středočeský kraj","CISOB",43,"534820","Chlumín"
"CS","Odvozená vazba","KRAJ_NUTS",100,"3026","Středočeský kraj","CISOB",43,"534838","Chorušice"
"CS","Odvozená vazba","KRAJ_NUTS",100,"3026","Středočeský kraj","CISOB",43,"534846","Chvatěruby"
"CS","Odvozená vazba","KRAJ_NUTS",100,"3026","Středočeský kraj","CISOB",43,"534854","Hořany"
"CS","Odvozená vazba","KRAJ_NUTS",100,"3026","Středočeský kraj","CISOB",43,"534862","Zvěřínek"
"CS","Odvozená vazba","KRAJ_NUTS",100,"3026","Středočeský kraj","CISOB",43,"534871","Velenka"
"CS","Odvozená vazba","KRAJ_NUTS",100,"3026","Středočeský kraj","CISOB",43,"534889","Starý Vestec"
"CS","Odvozená vazba","KRAJ_NUTS",100,"3026","Středočeský kraj","CISOB",43,"534897","Kly"
"CS","Odvozená vazba","KRAJ_NUTS",100,"3026","Středočeský kraj","CISOB",43,"534901","Kokořín"
"CS","Odvozená vazba","KRAJ_NUTS",100,"3026","Středočeský kraj","CISOB",43,"534919","Netřebice"
"CS","Odvozená vazba","KRAJ_NUTS",100,"3026","Středočeský kraj","CISOB",43,"534935","Kostelec nad Labem"
"CS","Odvozená vazba","KRAJ_NUTS",100,"3026","Středočeský kraj","CISOB",43,"534943","Kouty"
"CS","Odvozená vazba","KRAJ_NUTS",100,"3026","Středočeský kraj","CISOB",43,"534951","Kralupy nad Vltavou"
"CS","Odvozená vazba","KRAJ_NUTS",100,"3026","Středočeský kraj","CISOB",43,"534960","Křenek"
"CS","Odvozená vazba","KRAJ_NUTS",100,"3026","Středočeský kraj","CISOB",43,"534978","Ledčice"
"CS","Odvozená vazba","KRAJ_NUTS",100,"3026","Středočeský kraj","CISOB",43,"534986","Lhota"
"CS","Odvozená vazba","KRAJ_NUTS",100,"3026","Středočeský kraj","CISOB",43,"534994","Choťovice"
"CS","Odvozená vazba","KRAJ_NUTS",100,"3026","Středočeský kraj","CISOB",43,"535001","Liběchov"
"CS","Odvozená vazba","KRAJ_NUTS",100,"3026","Středočeský kraj","CISOB",43,"535010","Běleč"
"CS","Odvozená vazba","KRAJ_NUTS",100,"3026","Středočeský kraj","CISOB",43,"535028","Lužec nad Vltavou"
"CS","Odvozená vazba","KRAJ_NUTS",100,"3026","Středočeský kraj","CISOB",43,"535036","Malý Újezd"
"CS","Odvozená vazba","KRAJ_NUTS",100,"3026","Středočeský kraj","CISOB",43,"535044","Mělnické Vtelno"
"CS","Odvozená vazba","KRAJ_NUTS",100,"3026","Středočeský kraj","CISOB",43,"535052","Mšeno"
"CS","Odvozená vazba","KRAJ_NUTS",100,"3026","Středočeský kraj","CISOB",43,"535061","Nebužely"
"CS","Odvozená vazba","KRAJ_NUTS",100,"3026","Středočeský kraj","CISOB",43,"535079","Nelahozeves"
"CS","Odvozená vazba","KRAJ_NUTS",100,"3026","Středočeský kraj","CISOB",43,"535087","Neratovice"
"CS","Odvozená vazba","KRAJ_NUTS",100,"3026","Středočeský kraj","CISOB",43,"535095","Loucká"
"CS","Odvozená vazba","KRAJ_NUTS",100,"3026","Středočeský kraj","CISOB",43,"535109","Královice"
"CS","Odvozená vazba","KRAJ_NUTS",100,"3026","Středočeský kraj","CISOB",43,"535117","Nová Ves"
"CS","Odvozená vazba","KRAJ_NUTS",100,"3026","Středočeský kraj","CISOB",43,"535125","Bílichov"
"CS","Odvozená vazba","KRAJ_NUTS",100,"3026","Středočeský kraj","CISOB",43,"535133","Obříství"
"CS","Odvozená vazba","KRAJ_NUTS",100,"3026","Středočeský kraj","CISOB",43,"535141","Ovčáry"
"CS","Odvozená vazba","KRAJ_NUTS",100,"3026","Středočeský kraj","CISOB",43,"535150","Hořešovičky"
"CS","Odvozená vazba","KRAJ_NUTS",100,"3026","Středočeský kraj","CISOB",43,"535168","Řepín"
"CS","Odvozená vazba","KRAJ_NUTS",100,"3026","Středočeský kraj","CISOB",43,"535192","Spomyšl"
"CS","Odvozená vazba","KRAJ_NUTS",100,"3026","Středočeský kraj","CISOB",43,"535214","Střemy"
"CS","Odvozená vazba","KRAJ_NUTS",100,"3026","Středočeský kraj","CISOB",43,"535222","Tišice"
"CS","Odvozená vazba","KRAJ_NUTS",100,"3026","Středočeský kraj","CISOB",43,"535257","Úžice"
"CS","Odvozená vazba","KRAJ_NUTS",100,"3026","Středočeský kraj","CISOB",43,"535265","Velký Borek"
"CS","Odvozená vazba","KRAJ_NUTS",100,"3026","Středočeský kraj","CISOB",43,"535273","Veltrusy"
"CS","Odvozená vazba","KRAJ_NUTS",100,"3026","Středočeský kraj","CISOB",43,"535290","Vojkovice"
"CS","Odvozená vazba","KRAJ_NUTS",100,"3026","Středočeský kraj","CISOB",43,"535303","Vraňany"
"CS","Odvozená vazba","KRAJ_NUTS",100,"3026","Středočeský kraj","CISOB",43,"535311","Všestudy"
"CS","Odvozená vazba","KRAJ_NUTS",100,"3026","Středočeský kraj","CISOB",43,"535320","Všetaty"
"CS","Odvozená vazba","KRAJ_NUTS",100,"3026","Středočeský kraj","CISOB",43,"535338","Vysoká"
"CS","Odvozená vazba","KRAJ_NUTS",100,"3026","Středočeský kraj","CISOB",43,"535354","Zálezlice"
"CS","Odvozená vazba","KRAJ_NUTS",100,"3026","Středočeský kraj","CISOB",43,"535362","Záryby"
"CS","Odvozená vazba","KRAJ_NUTS",100,"3026","Středočeský kraj","CISOB",43,"535389","Zlosyň"
"CS","Odvozená vazba","KRAJ_NUTS",100,"3026","Středočeský kraj","CISOB",43,"535397","Želízy"
"CS","Odvozená vazba","KRAJ_NUTS",100,"3026","Středočeský kraj","CISOB",43,"535419","Mladá Boleslav"
"CS","Odvozená vazba","KRAJ_NUTS",100,"3026","Středočeský kraj","CISOB",43,"535427","Bakov nad Jizerou"
"CS","Odvozená vazba","KRAJ_NUTS",100,"3026","Středočeský kraj","CISOB",43,"535443","Bělá pod Bezdězem"
"CS","Odvozená vazba","KRAJ_NUTS",100,"3026","Středočeský kraj","CISOB",43,"535451","Benátky nad Jizerou"
"CS","Odvozená vazba","KRAJ_NUTS",100,"3026","Středočeský kraj","CISOB",43,"535478","Bezno"
"CS","Odvozená vazba","KRAJ_NUTS",100,"3026","Středočeský kraj","CISOB",43,"535486","Bítouchov"
"CS","Odvozená vazba","KRAJ_NUTS",100,"3026","Středočeský kraj","CISOB",43,"535508","Boreč"
"CS","Odvozená vazba","KRAJ_NUTS",100,"3026","Středočeský kraj","CISOB",43,"535516","Boseň"
"CS","Odvozená vazba","KRAJ_NUTS",100,"3026","Středočeský kraj","CISOB",43,"535559","Brodce"
"CS","Odvozená vazba","KRAJ_NUTS",100,"3026","Středočeský kraj","CISOB",43,"535567","Březina"
"CS","Odvozená vazba","KRAJ_NUTS",100,"3026","Středočeský kraj","CISOB",43,"535583","Březno"
"CS","Odvozená vazba","KRAJ_NUTS",100,"3026","Středočeský kraj","CISOB",43,"535605","Bukovno"
"CS","Odvozená vazba","KRAJ_NUTS",100,"3026","Středočeský kraj","CISOB",43,"535621","Čachovice"
"CS","Odvozená vazba","KRAJ_NUTS",100,"3026","Středočeský kraj","CISOB",43,"535630","Čistá"
"CS","Odvozená vazba","KRAJ_NUTS",100,"3026","Středočeský kraj","CISOB",43,"535656","Dlouhá Lhota"
"CS","Odvozená vazba","KRAJ_NUTS",100,"3026","Středočeský kraj","CISOB",43,"535672","Dobrovice"
"CS","Odvozená vazba","KRAJ_NUTS",100,"3026","Středočeský kraj","CISOB",43,"535702","Dolní Bousov"
"CS","Odvozená vazba","KRAJ_NUTS",100,"3026","Středočeský kraj","CISOB",43,"535711","Dolní Krupá"
"CS","Odvozená vazba","KRAJ_NUTS",100,"3026","Středočeský kraj","CISOB",43,"535729","Dolní Slivno"
"CS","Odvozená vazba","KRAJ_NUTS",100,"3026","Středočeský kraj","CISOB",43,"535745","Domousnice"
"CS","Odvozená vazba","KRAJ_NUTS",100,"3026","Středočeský kraj","CISOB",43,"535818","Horky nad Jizerou"
"CS","Odvozená vazba","KRAJ_NUTS",100,"3026","Středočeský kraj","CISOB",43,"535834","Horní Bukovina"
"CS","Odvozená vazba","KRAJ_NUTS",100,"3026","Středočeský kraj","CISOB",43,"535869","Hrdlořezy"
"CS","Odvozená vazba","KRAJ_NUTS",100,"3026","Středočeský kraj","CISOB",43,"535923","Chocnějovice"
"CS","Odvozená vazba","KRAJ_NUTS",100,"3026","Středočeský kraj","CISOB",43,"535931","Chotětov"
"CS","Odvozená vazba","KRAJ_NUTS",100,"3026","Středočeský kraj","CISOB",43,"535966","Jabkenice"
"CS","Odvozená vazba","KRAJ_NUTS",100,"3026","Středočeský kraj","CISOB",43,"535974","Jivina"
"CS","Odvozená vazba","KRAJ_NUTS",100,"3026","Středočeský kraj","CISOB",43,"536008","Katusice"
"CS","Odvozená vazba","KRAJ_NUTS",100,"3026","Středočeský kraj","CISOB",43,"536024","Klášter Hradiště nad Jizerou"
"CS","Odvozená vazba","KRAJ_NUTS",100,"3026","Středočeský kraj","CISOB",43,"536041","Kněžmost"
"CS","Odvozená vazba","KRAJ_NUTS",100,"3026","Středočeský kraj","CISOB",43,"536067","Kochánky"
"CS","Odvozená vazba","KRAJ_NUTS",100,"3026","Středočeský kraj","CISOB",43,"536083","Velenice"
"CS","Odvozená vazba","KRAJ_NUTS",100,"3026","Středočeský kraj","CISOB",43,"536121","Kosořice"
"CS","Odvozená vazba","KRAJ_NUTS",100,"3026","Středočeský kraj","CISOB",43,"536130","Kostelní Hlavno"
"CS","Odvozená vazba","KRAJ_NUTS",100,"3026","Středočeský kraj","CISOB",43,"536164","Krásná Ves"
"CS","Odvozená vazba","KRAJ_NUTS",100,"3026","Středočeský kraj","CISOB",43,"536172","Krnsko"
"CS","Odvozená vazba","KRAJ_NUTS",100,"3026","Středočeský kraj","CISOB",43,"536181","Kropáčova Vrutice"
"CS","Odvozená vazba","KRAJ_NUTS",100,"3026","Středočeský kraj","CISOB",43,"536202","Ledce"
"CS","Odvozená vazba","KRAJ_NUTS",100,"3026","Středočeský kraj","CISOB",43,"536211","Lhotky"
"CS","Odvozená vazba","KRAJ_NUTS",100,"3026","Středočeský kraj","CISOB",43,"536261","Loukovec"
"CS","Odvozená vazba","KRAJ_NUTS",100,"3026","Středočeský kraj","CISOB",43,"536270","Luštěnice"
"CS","Odvozená vazba","KRAJ_NUTS",100,"3026","Středočeský kraj","CISOB",43,"536326","Mnichovo Hradiště"
"CS","Odvozená vazba","KRAJ_NUTS",100,"3026","Středočeský kraj","CISOB",43,"536334","Němčice"
"CS","Odvozená vazba","KRAJ_NUTS",100,"3026","Středočeský kraj","CISOB",43,"536351","Nepřevázka"
"CS","Odvozená vazba","KRAJ_NUTS",100,"3026","Středočeský kraj","CISOB",43,"536377","Nová Telib"
"CS","Odvozená vazba","KRAJ_NUTS",100,"3026","Středočeský kraj","CISOB",43,"536407","Obruby"
"CS","Odvozená vazba","KRAJ_NUTS",100,"3026","Středočeský kraj","CISOB",43,"536431","Petkovy"
"CS","Odvozená vazba","KRAJ_NUTS",100,"3026","Středočeský kraj","CISOB",43,"536440","Písková Lhota"
"CS","Odvozená vazba","KRAJ_NUTS",100,"3026","Středočeský kraj","CISOB",43,"536458","Plazy"
"CS","Odvozená vazba","KRAJ_NUTS",100,"3026","Středočeský kraj","CISOB",43,"536491","Předměřice nad Jizerou"
"CS","Odvozená vazba","KRAJ_NUTS",100,"3026","Středočeský kraj","CISOB",43,"536580","Řepov"
"CS","Odvozená vazba","KRAJ_NUTS",100,"3026","Středočeský kraj","CISOB",43,"536610","Semčice"
"CS","Odvozená vazba","KRAJ_NUTS",100,"3026","Středočeský kraj","CISOB",43,"536636","Skalsko"
"CS","Odvozená vazba","KRAJ_NUTS",100,"3026","Středočeský kraj","CISOB",43,"536652","Smilovice"
"CS","Odvozená vazba","KRAJ_NUTS",100,"3026","Středočeský kraj","CISOB",43,"536661","Sojovice"
"CS","Odvozená vazba","KRAJ_NUTS",100,"3026","Středočeský kraj","CISOB",43,"536709","Strašnov"
"CS","Odvozená vazba","KRAJ_NUTS",100,"3026","Středočeský kraj","CISOB",43,"536717","Strenice"
"CS","Odvozená vazba","KRAJ_NUTS",100,"3026","Středočeský kraj","CISOB",43,"536768","Sukorady"
"CS","Odvozená vazba","KRAJ_NUTS",100,"3026","Středočeský kraj","CISOB",43,"536857","Velké Všelisy"
"CS","Odvozená vazba","KRAJ_NUTS",100,"3026","Středočeský kraj","CISOB",43,"536938","Všejany"
"CS","Odvozená vazba","KRAJ_NUTS",100,"3026","Středočeský kraj","CISOB",43,"536971","Žďár"
"CS","Odvozená vazba","KRAJ_NUTS",100,"3026","Středočeský kraj","CISOB",43,"536989","Žerčice"
"CS","Odvozená vazba","KRAJ_NUTS",100,"3026","Středočeský kraj","CISOB",43,"536997","Židněves"
"CS","Odvozená vazba","KRAJ_NUTS",100,"3026","Středočeský kraj","CISOB",43,"537004","Nymburk"
"CS","Odvozená vazba","KRAJ_NUTS",100,"3026","Středočeský kraj","CISOB",43,"537021","Běrunice"
"CS","Odvozená vazba","KRAJ_NUTS",100,"3026","Středočeský kraj","CISOB",43,"537039","Bobnice"
"CS","Odvozená vazba","KRAJ_NUTS",100,"3026","Středočeský kraj","CISOB",43,"537047","Bříství"
"CS","Odvozená vazba","KRAJ_NUTS",100,"3026","Středočeský kraj","CISOB",43,"537055","Budiměřice"
"CS","Odvozená vazba","KRAJ_NUTS",100,"3026","Středočeský kraj","CISOB",43,"537080","Činěves"
"CS","Odvozená vazba","KRAJ_NUTS",100,"3026","Středočeský kraj","CISOB",43,"537098","Dlouhopolsko"
"CS","Odvozená vazba","KRAJ_NUTS",100,"3026","Středočeský kraj","CISOB",43,"537101","Dobšice"
"CS","Odvozená vazba","KRAJ_NUTS",100,"3026","Středočeský kraj","CISOB",43,"537110","Dvory"
"CS","Odvozená vazba","KRAJ_NUTS",100,"3026","Středočeský kraj","CISOB",43,"537128","Dymokury"
"CS","Odvozená vazba","KRAJ_NUTS",100,"3026","Středočeský kraj","CISOB",43,"537152","Hořátev"
"CS","Odvozená vazba","KRAJ_NUTS",100,"3026","Středočeský kraj","CISOB",43,"537161","Hradčany"
"CS","Odvozená vazba","KRAJ_NUTS",100,"3026","Středočeský kraj","CISOB",43,"537179","Hradištko"
"CS","Odvozená vazba","KRAJ_NUTS",100,"3026","Středočeský kraj","CISOB",43,"537217","Choťánky"
"CS","Odvozená vazba","KRAJ_NUTS",100,"3026","Středočeský kraj","CISOB",43,"537225","Chotěšice"
"CS","Odvozená vazba","KRAJ_NUTS",100,"3026","Středočeský kraj","CISOB",43,"537233","Chrást"
"CS","Odvozená vazba","KRAJ_NUTS",100,"3026","Středočeský kraj","CISOB",43,"537250","Jíkev"
"CS","Odvozená vazba","KRAJ_NUTS",100,"3026","Středočeský kraj","CISOB",43,"537268","Jizbice"
"CS","Odvozená vazba","KRAJ_NUTS",100,"3026","Středočeský kraj","CISOB",43,"537276","Kamenné Zboží"
"CS","Odvozená vazba","KRAJ_NUTS",100,"3026","Středočeský kraj","CISOB",43,"537292","Kněžice"
"CS","Odvozená vazba","KRAJ_NUTS",100,"3026","Středočeský kraj","CISOB",43,"537306","Kolaje"
"CS","Odvozená vazba","KRAJ_NUTS",100,"3026","Středočeský kraj","CISOB",43,"537314","Kostelní Lhota"
"CS","Odvozená vazba","KRAJ_NUTS",100,"3026","Středočeský kraj","CISOB",43,"537331","Kostomlaty nad Labem"
"CS","Odvozená vazba","KRAJ_NUTS",100,"3026","Středočeský kraj","CISOB",43,"537349","Košík"
"CS","Odvozená vazba","KRAJ_NUTS",100,"3026","Středočeský kraj","CISOB",43,"537357","Kounice"
"CS","Odvozená vazba","KRAJ_NUTS",100,"3026","Středočeský kraj","CISOB",43,"537373","Kovanice"
"CS","Odvozená vazba","KRAJ_NUTS",100,"3026","Středočeský kraj","CISOB",43,"537390","Krchleby"
"CS","Odvozená vazba","KRAJ_NUTS",100,"3026","Středočeský kraj","CISOB",43,"537403","Křečkov"
"CS","Odvozená vazba","KRAJ_NUTS",100,"3026","Středočeský kraj","CISOB",43,"537411","Křinec"
"CS","Odvozená vazba","KRAJ_NUTS",100,"3026","Středočeský kraj","CISOB",43,"537438","Libice nad Cidlinou"
"CS","Odvozená vazba","KRAJ_NUTS",100,"3026","Středočeský kraj","CISOB",43,"537446","Loučeň"
"CS","Odvozená vazba","KRAJ_NUTS",100,"3026","Středočeský kraj","CISOB",43,"537454","Lysá nad Labem"
"CS","Odvozená vazba","KRAJ_NUTS",100,"3026","Středočeský kraj","CISOB",43,"537462","Mcely"
"CS","Odvozená vazba","KRAJ_NUTS",100,"3026","Středočeský kraj","CISOB",43,"537489","Městec Králové"
"CS","Odvozená vazba","KRAJ_NUTS",100,"3026","Středočeský kraj","CISOB",43,"537497","Milčice"
"CS","Odvozená vazba","KRAJ_NUTS",100,"3026","Středočeský kraj","CISOB",43,"537501","Milovice"
"CS","Odvozená vazba","KRAJ_NUTS",100,"3026","Středočeský kraj","CISOB",43,"537551","Odřepsy"
"CS","Odvozená vazba","KRAJ_NUTS",100,"3026","Středočeský kraj","CISOB",43,"537560","Okřínek"
"CS","Odvozená vazba","KRAJ_NUTS",100,"3026","Středočeský kraj","CISOB",43,"537578","Opočnice"
"CS","Odvozená vazba","KRAJ_NUTS",100,"3026","Středočeský kraj","CISOB",43,"537586","Opolany"
"CS","Odvozená vazba","KRAJ_NUTS",100,"3026","Středočeský kraj","CISOB",43,"537616","Oskořínek"
"CS","Odvozená vazba","KRAJ_NUTS",100,"3026","Středočeský kraj","CISOB",43,"537624","Ostrá"
"CS","Odvozená vazba","KRAJ_NUTS",100,"3026","Středočeský kraj","CISOB",43,"537632","Pátek"
"CS","Odvozená vazba","KRAJ_NUTS",100,"3026","Středočeský kraj","CISOB",43,"537641","Pečky"
"CS","Odvozená vazba","KRAJ_NUTS",100,"3026","Středočeský kraj","CISOB",43,"537659","Písková Lhota"
"CS","Odvozená vazba","KRAJ_NUTS",100,"3026","Středočeský kraj","CISOB",43,"537667","Písty"
"CS","Odvozená vazba","KRAJ_NUTS",100,"3026","Středočeský kraj","CISOB",43,"537675","Pňov-Předhradí"
"CS","Odvozená vazba","KRAJ_NUTS",100,"3026","Středočeský kraj","CISOB",43,"537683","Poděbrady"
"CS","Odvozená vazba","KRAJ_NUTS",100,"3026","Středočeský kraj","CISOB",43,"537705","Poříčany"
"CS","Odvozená vazba","KRAJ_NUTS",100,"3026","Středočeský kraj","CISOB",43,"537721","Přerov nad Labem"
"CS","Odvozená vazba","KRAJ_NUTS",100,"3026","Středočeský kraj","CISOB",43,"537748","Ratenice"
"CS","Odvozená vazba","KRAJ_NUTS",100,"3026","Středočeský kraj","CISOB",43,"537756","Rožďalovice"
"CS","Odvozená vazba","KRAJ_NUTS",100,"3026","Středočeský kraj","CISOB",43,"537764","Sadská"
"CS","Odvozená vazba","KRAJ_NUTS",100,"3026","Středočeský kraj","CISOB",43,"537772","Sány"
"CS","Odvozená vazba","KRAJ_NUTS",100,"3026","Středočeský kraj","CISOB",43,"537781","Semice"
"CS","Odvozená vazba","KRAJ_NUTS",100,"3026","Středočeský kraj","CISOB",43,"537799","Senice"
"CS","Odvozená vazba","KRAJ_NUTS",100,"3026","Středočeský kraj","CISOB",43,"537802","Sloveč"
"CS","Odvozená vazba","KRAJ_NUTS",100,"3026","Středočeský kraj","CISOB",43,"537811","Sokoleč"
"CS","Odvozená vazba","KRAJ_NUTS",100,"3026","Středočeský kraj","CISOB",43,"537837","Stará Lysá"
"CS","Odvozená vazba","KRAJ_NUTS",100,"3026","Středočeský kraj","CISOB",43,"537853","Straky"
"CS","Odvozená vazba","KRAJ_NUTS",100,"3026","Středočeský kraj","CISOB",43,"537861","Stratov"
"CS","Odvozená vazba","KRAJ_NUTS",100,"3026","Středočeský kraj","CISOB",43,"537888","Tatce"
"CS","Odvozená vazba","KRAJ_NUTS",100,"3026","Středočeský kraj","CISOB",43,"537896","Třebestovice"
"CS","Odvozená vazba","KRAJ_NUTS",100,"3026","Středočeský kraj","CISOB",43,"537900","Úmyslovice"
"CS","Odvozená vazba","KRAJ_NUTS",100,"3026","Středočeský kraj","CISOB",43,"537942","Vestec"
"CS","Odvozená vazba","KRAJ_NUTS",100,"3026","Středočeský kraj","CISOB",43,"537951","Vlkov pod Oškobrhem"
"CS","Odvozená vazba","KRAJ_NUTS",100,"3026","Středočeský kraj","CISOB",43,"537977","Vrbová Lhota"
"CS","Odvozená vazba","KRAJ_NUTS",100,"3026","Středočeský kraj","CISOB",43,"537985","Všechlapy"
"CS","Odvozená vazba","KRAJ_NUTS",100,"3026","Středočeský kraj","CISOB",43,"537993","Vykáň"
"CS","Odvozená vazba","KRAJ_NUTS",100,"3026","Středočeský kraj","CISOB",43,"538035","Žehuň"
"CS","Odvozená vazba","KRAJ_NUTS",100,"3026","Středočeský kraj","CISOB",43,"538043","Babice"
"CS","Odvozená vazba","KRAJ_NUTS",100,"3026","Středočeský kraj","CISOB",43,"538051","Bašť"
"CS","Odvozená vazba","KRAJ_NUTS",100,"3026","Středočeský kraj","CISOB",43,"538086","Bořanovice"
"CS","Odvozená vazba","KRAJ_NUTS",100,"3026","Středočeský kraj","CISOB",43,"538094","Brandýs nad Labem-Stará Boleslav"
"CS","Odvozená vazba","KRAJ_NUTS",100,"3026","Středočeský kraj","CISOB",43,"538108","Brázdim"
"CS","Odvozená vazba","KRAJ_NUTS",100,"3026","Středočeský kraj","CISOB",43,"538132","Čelákovice"
"CS","Odvozená vazba","KRAJ_NUTS",100,"3026","Středočeský kraj","CISOB",43,"538141","Čestlice"
"CS","Odvozená vazba","KRAJ_NUTS",100,"3026","Středočeský kraj","CISOB",43,"538167","Dobřejovice"
"CS","Odvozená vazba","KRAJ_NUTS",100,"3026","Středočeský kraj","CISOB",43,"538191","Dřevčice"
"CS","Odvozená vazba","KRAJ_NUTS",100,"3026","Středočeský kraj","CISOB",43,"538221","Horoušany"
"CS","Odvozená vazba","KRAJ_NUTS",100,"3026","Středočeský kraj","CISOB",43,"538230","Hovorčovice"
"CS","Odvozená vazba","KRAJ_NUTS",100,"3026","Středočeský kraj","CISOB",43,"538248","Hrusice"
"CS","Odvozená vazba","KRAJ_NUTS",100,"3026","Středočeský kraj","CISOB",43,"538256","Husinec"
"CS","Odvozená vazba","KRAJ_NUTS",100,"3026","Středočeský kraj","CISOB",43,"538264","Jenštejn"
"CS","Odvozená vazba","KRAJ_NUTS",100,"3026","Středočeský kraj","CISOB",43,"538272","Jirny"
"CS","Odvozená vazba","KRAJ_NUTS",100,"3026","Středočeský kraj","CISOB",43,"538281","Kaliště"
"CS","Odvozená vazba","KRAJ_NUTS",100,"3026","Středočeský kraj","CISOB",43,"538299","Kamenice"
"CS","Odvozená vazba","KRAJ_NUTS",100,"3026","Středočeský kraj","CISOB",43,"538311","Klecany"
"CS","Odvozená vazba","KRAJ_NUTS",100,"3026","Středočeský kraj","CISOB",43,"538329","Klíčany"
"CS","Odvozená vazba","KRAJ_NUTS",100,"3026","Středočeský kraj","CISOB",43,"538345","Kojetice"
"CS","Odvozená vazba","KRAJ_NUTS",100,"3026","Středočeský kraj","CISOB",43,"538370","Kostelec u Křížků"
"CS","Odvozená vazba","KRAJ_NUTS",100,"3026","Středočeský kraj","CISOB",43,"538418","Křížkový Újezdec"
"CS","Odvozená vazba","KRAJ_NUTS",100,"3026","Středočeský kraj","CISOB",43,"538426","Kunice"
"CS","Odvozená vazba","KRAJ_NUTS",100,"3026","Středočeský kraj","CISOB",43,"538442","Líbeznice"
"CS","Odvozená vazba","KRAJ_NUTS",100,"3026","Středočeský kraj","CISOB",43,"538451","Louňovice"
"CS","Odvozená vazba","KRAJ_NUTS",100,"3026","Středočeský kraj","CISOB",43,"538469","Máslovice"
"CS","Odvozená vazba","KRAJ_NUTS",100,"3026","Středočeský kraj","CISOB",43,"538477","Měšice"
"CS","Odvozená vazba","KRAJ_NUTS",100,"3026","Středočeský kraj","CISOB",43,"538485","Mirošovice"
"CS","Odvozená vazba","KRAJ_NUTS",100,"3026","Středočeský kraj","CISOB",43,"538493","Mnichovice"
"CS","Odvozená vazba","KRAJ_NUTS",100,"3026","Středočeský kraj","CISOB",43,"538507","Mochov"
"CS","Odvozená vazba","KRAJ_NUTS",100,"3026","Středočeský kraj","CISOB",43,"538515","Mratín"
"CS","Odvozená vazba","KRAJ_NUTS",100,"3026","Středočeský kraj","CISOB",43,"538523","Mukařov"
"CS","Odvozená vazba","KRAJ_NUTS",100,"3026","Středočeský kraj","CISOB",43,"538540","Nehvizdy"
"CS","Odvozená vazba","KRAJ_NUTS",100,"3026","Středočeský kraj","CISOB",43,"538558","Nová Ves"
"CS","Odvozená vazba","KRAJ_NUTS",100,"3026","Středočeský kraj","CISOB",43,"538566","Nový Vestec"
"CS","Odvozená vazba","KRAJ_NUTS",100,"3026","Středočeský kraj","CISOB",43,"538574","Odolena Voda"
"CS","Odvozená vazba","KRAJ_NUTS",100,"3026","Středočeský kraj","CISOB",43,"538582","Ondřejov"
"CS","Odvozená vazba","KRAJ_NUTS",100,"3026","Středočeský kraj","CISOB",43,"538604","Panenské Břežany"
"CS","Odvozená vazba","KRAJ_NUTS",100,"3026","Středočeský kraj","CISOB",43,"538612","Petříkov"
"CS","Odvozená vazba","KRAJ_NUTS",100,"3026","Středočeský kraj","CISOB",43,"538621","Podolanka"
"CS","Odvozená vazba","KRAJ_NUTS",100,"3026","Středočeský kraj","CISOB",43,"538639","Polerady"
"CS","Odvozená vazba","KRAJ_NUTS",100,"3026","Středočeský kraj","CISOB",43,"538647","Postřižín"
"CS","Odvozená vazba","KRAJ_NUTS",100,"3026","Středočeský kraj","CISOB",43,"538655","Předboj"
"CS","Odvozená vazba","KRAJ_NUTS",100,"3026","Středočeský kraj","CISOB",43,"538671","Přezletice"
"CS","Odvozená vazba","KRAJ_NUTS",100,"3026","Středočeský kraj","CISOB",43,"538680","Pyšely"
"CS","Odvozená vazba","KRAJ_NUTS",100,"3026","Středočeský kraj","CISOB",43,"538698","Radějovice"
"CS","Odvozená vazba","KRAJ_NUTS",100,"3026","Středočeský kraj","CISOB",43,"538701","Radonice"
"CS","Odvozená vazba","KRAJ_NUTS",100,"3026","Středočeský kraj","CISOB",43,"538710","Řehenice"
"CS","Odvozená vazba","KRAJ_NUTS",100,"3026","Středočeský kraj","CISOB",43,"538728","Říčany"
"CS","Odvozená vazba","KRAJ_NUTS",100,"3026","Středočeský kraj","CISOB",43,"538752","Senohraby"
"CS","Odvozená vazba","KRAJ_NUTS",100,"3026","Středočeský kraj","CISOB",43,"538761","Sibřina"
"CS","Odvozená vazba","KRAJ_NUTS",100,"3026","Středočeský kraj","CISOB",43,"538779","Sluhy"
"CS","Odvozená vazba","KRAJ_NUTS",100,"3026","Středočeský kraj","CISOB",43,"538787","Sluštice"
"CS","Odvozená vazba","KRAJ_NUTS",100,"3026","Středočeský kraj","CISOB",43,"538809","Strančice"
"CS","Odvozená vazba","KRAJ_NUTS",100,"3026","Středočeský kraj","CISOB",43,"538825","Struhařov"
"CS","Odvozená vazba","KRAJ_NUTS",100,"3026","Středočeský kraj","CISOB",43,"538833","Sulice"
"CS","Odvozená vazba","KRAJ_NUTS",100,"3026","Středočeský kraj","CISOB",43,"538841","Světice"
"CS","Odvozená vazba","KRAJ_NUTS",100,"3026","Středočeský kraj","CISOB",43,"538850","Svojetice"
"CS","Odvozená vazba","KRAJ_NUTS",100,"3026","Středočeský kraj","CISOB",43,"538876","Šestajovice"
"CS","Odvozená vazba","KRAJ_NUTS",100,"3026","Středočeský kraj","CISOB",43,"538884","Škvorec"
"CS","Odvozená vazba","KRAJ_NUTS",100,"3026","Středočeský kraj","CISOB",43,"538892","Tehov"
"CS","Odvozená vazba","KRAJ_NUTS",100,"3026","Středočeský kraj","CISOB",43,"538914","Lázně Toušeň"
"CS","Odvozená vazba","KRAJ_NUTS",100,"3026","Středočeský kraj","CISOB",43,"538957","Úvaly"
"CS","Odvozená vazba","KRAJ_NUTS",100,"3026","Středočeský kraj","CISOB",43,"538965","Veleň"
"CS","Odvozená vazba","KRAJ_NUTS",100,"3026","Středočeský kraj","CISOB",43,"538973","Veliká Ves"
"CS","Odvozená vazba","KRAJ_NUTS",100,"3026","Středočeský kraj","CISOB",43,"538981","Velké Popovice"
"CS","Odvozená vazba","KRAJ_NUTS",100,"3026","Středočeský kraj","CISOB",43,"538990","Větrušice"
"CS","Odvozená vazba","KRAJ_NUTS",100,"3026","Středočeský kraj","CISOB",43,"539015","Vodochody"
"CS","Odvozená vazba","KRAJ_NUTS",100,"3026","Středočeský kraj","CISOB",43,"539031","Všestary"
"CS","Odvozená vazba","KRAJ_NUTS",100,"3026","Středočeský kraj","CISOB",43,"539040","Vyšehořovice"
"CS","Odvozená vazba","KRAJ_NUTS",100,"3026","Středočeský kraj","CISOB",43,"539058","Zdiby"
"CS","Odvozená vazba","KRAJ_NUTS",100,"3026","Středočeský kraj","CISOB",43,"539066","Zeleneč"
"CS","Odvozená vazba","KRAJ_NUTS",100,"3026","Středočeský kraj","CISOB",43,"539082","Zlonín"
"CS","Odvozená vazba","KRAJ_NUTS",100,"3026","Středočeský kraj","CISOB",43,"539091","Zvánovice"
"CS","Odvozená vazba","KRAJ_NUTS",100,"3026","Středočeský kraj","CISOB",43,"539104","Bojanovice"
"CS","Odvozená vazba","KRAJ_NUTS",100,"3026","Středočeský kraj","CISOB",43,"539121","Černolice"
"CS","Odvozená vazba","KRAJ_NUTS",100,"3026","Středočeský kraj","CISOB",43,"539139","Černošice"
"CS","Odvozená vazba","KRAJ_NUTS",100,"3026","Středočeský kraj","CISOB",43,"539147","Číčovice"
"CS","Odvozená vazba","KRAJ_NUTS",100,"3026","Středočeský kraj","CISOB",43,"539155","Čisovice"
"CS","Odvozená vazba","KRAJ_NUTS",100,"3026","Středočeský kraj","CISOB",43,"539163","Davle"
"CS","Odvozená vazba","KRAJ_NUTS",100,"3026","Středočeský kraj","CISOB",43,"539171","Dobrovíz"
"CS","Odvozená vazba","KRAJ_NUTS",100,"3026","Středočeský kraj","CISOB",43,"539180","Dobříč"
"CS","Odvozená vazba","KRAJ_NUTS",100,"3026","Středočeský kraj","CISOB",43,"539198","Dobřichovice"
"CS","Odvozená vazba","KRAJ_NUTS",100,"3026","Středočeský kraj","CISOB",43,"539201","Dolany nad Vltavou"
"CS","Odvozená vazba","KRAJ_NUTS",100,"3026","Středočeský kraj","CISOB",43,"539210","Dolní Břežany"
"CS","Odvozená vazba","KRAJ_NUTS",100,"3026","Středočeský kraj","CISOB",43,"539228","Holubice"
"CS","Odvozená vazba","KRAJ_NUTS",100,"3026","Středočeský kraj","CISOB",43,"539236","Horoměřice"
"CS","Odvozená vazba","KRAJ_NUTS",100,"3026","Středočeský kraj","CISOB",43,"539244","Hostivice"
"CS","Odvozená vazba","KRAJ_NUTS",100,"3026","Středočeský kraj","CISOB",43,"539252","Hradištko"
"CS","Odvozená vazba","KRAJ_NUTS",100,"3026","Středočeský kraj","CISOB",43,"539261","Hvozdnice"
"CS","Odvozená vazba","KRAJ_NUTS",100,"3026","Středočeský kraj","CISOB",43,"539287","Choteč"
"CS","Odvozená vazba","KRAJ_NUTS",100,"3026","Středočeský kraj","CISOB",43,"539295","Chrášťany"
"CS","Odvozená vazba","KRAJ_NUTS",100,"3026","Středočeský kraj","CISOB",43,"539309","Chýně"
"CS","Odvozená vazba","KRAJ_NUTS",100,"3026","Středočeský kraj","CISOB",43,"539317","Jeneč"
"CS","Odvozená vazba","KRAJ_NUTS",100,"3026","Středočeský kraj","CISOB",43,"539325","Jesenice"
"CS","Odvozená vazba","KRAJ_NUTS",100,"3026","Středočeský kraj","CISOB",43,"539333","Jílové u Prahy"
"CS","Odvozená vazba","KRAJ_NUTS",100,"3026","Středočeský kraj","CISOB",43,"539341","Jíloviště"
"CS","Odvozená vazba","KRAJ_NUTS",100,"3026","Středočeský kraj","CISOB",43,"539350","Jinočany"
"CS","Odvozená vazba","KRAJ_NUTS",100,"3026","Středočeský kraj","CISOB",43,"539368","Kamenný Přívoz"
"CS","Odvozená vazba","KRAJ_NUTS",100,"3026","Středočeský kraj","CISOB",43,"539384","Kněževes"
"CS","Odvozená vazba","KRAJ_NUTS",100,"3026","Středočeský kraj","CISOB",43,"539392","Kosoř"
"CS","Odvozená vazba","KRAJ_NUTS",100,"3026","Středočeský kraj","CISOB",43,"539406","Lety"
"CS","Odvozená vazba","KRAJ_NUTS",100,"3026","Středočeský kraj","CISOB",43,"539414","Libčice nad Vltavou"
"CS","Odvozená vazba","KRAJ_NUTS",100,"3026","Středočeský kraj","CISOB",43,"539422","Libeř"
"CS","Odvozená vazba","KRAJ_NUTS",100,"3026","Středočeský kraj","CISOB",43,"539457","Líšnice"
"CS","Odvozená vazba","KRAJ_NUTS",100,"3026","Středočeský kraj","CISOB",43,"539490","Měchenice"
"CS","Odvozená vazba","KRAJ_NUTS",100,"3026","Středočeský kraj","CISOB",43,"539503","Ohrobec"
"CS","Odvozená vazba","KRAJ_NUTS",100,"3026","Středočeský kraj","CISOB",43,"539511","Okrouhlo"
"CS","Odvozená vazba","KRAJ_NUTS",100,"3026","Středočeský kraj","CISOB",43,"539520","Ořech"
"CS","Odvozená vazba","KRAJ_NUTS",100,"3026","Středočeský kraj","CISOB",43,"539546","Petrov"
"CS","Odvozená vazba","KRAJ_NUTS",100,"3026","Středočeský kraj","CISOB",43,"539562","Pohoří"
"CS","Odvozená vazba","KRAJ_NUTS",100,"3026","Středočeský kraj","CISOB",43,"539571","Průhonice"
"CS","Odvozená vazba","KRAJ_NUTS",100,"3026","Středočeský kraj","CISOB",43,"539597","Psáry"
"CS","Odvozená vazba","KRAJ_NUTS",100,"3026","Středočeský kraj","CISOB",43,"539627","Roztoky"
"CS","Odvozená vazba","KRAJ_NUTS",100,"3026","Středočeský kraj","CISOB",43,"539643","Řevnice"
"CS","Odvozená vazba","KRAJ_NUTS",100,"3026","Středočeský kraj","CISOB",43,"539651","Řitka"
"CS","Odvozená vazba","KRAJ_NUTS",100,"3026","Středočeský kraj","CISOB",43,"539660","Slapy"
"CS","Odvozená vazba","KRAJ_NUTS",100,"3026","Středočeský kraj","CISOB",43,"539686","Statenice"
"CS","Odvozená vazba","KRAJ_NUTS",100,"3026","Středočeský kraj","CISOB",43,"539708","Středokluky"
"CS","Odvozená vazba","KRAJ_NUTS",100,"3026","Středočeský kraj","CISOB",43,"539732","Štěchovice"
"CS","Odvozená vazba","KRAJ_NUTS",100,"3026","Středočeský kraj","CISOB",43,"539759","Třebotov"
"CS","Odvozená vazba","KRAJ_NUTS",100,"3026","Středočeský kraj","CISOB",43,"539767","Tuchoměřice"
"CS","Odvozená vazba","KRAJ_NUTS",100,"3026","Středočeský kraj","CISOB",43,"539775","Tursko"
"CS","Odvozená vazba","KRAJ_NUTS",100,"3026","Středočeský kraj","CISOB",43,"539805","Únětice"
"CS","Odvozená vazba","KRAJ_NUTS",100,"3026","Středočeský kraj","CISOB",43,"539813","Velké Přílepy"
"CS","Odvozená vazba","KRAJ_NUTS",100,"3026","Středočeský kraj","CISOB",43,"539830","Vonoklasy"
"CS","Odvozená vazba","KRAJ_NUTS",100,"3026","Středočeský kraj","CISOB",43,"539848","Vrané nad Vltavou"
"CS","Odvozená vazba","KRAJ_NUTS",100,"3026","Středočeský kraj","CISOB",43,"539856","Všenory"
"CS","Odvozená vazba","KRAJ_NUTS",100,"3026","Středočeský kraj","CISOB",43,"539872","Zbuzany"
"CS","Odvozená vazba","KRAJ_NUTS",100,"3026","Středočeský kraj","CISOB",43,"539881","Zlatníky-Hodkovice"
"CS","Odvozená vazba","KRAJ_NUTS",100,"3026","Středočeský kraj","CISOB",43,"539902","Zvole"
"CS","Odvozená vazba","KRAJ_NUTS",100,"3026","Středočeský kraj","CISOB",43,"539911","Příbram"
"CS","Odvozená vazba","KRAJ_NUTS",100,"3026","Středočeský kraj","CISOB",43,"539953","Bohutín"
"CS","Odvozená vazba","KRAJ_NUTS",100,"3026","Středočeský kraj","CISOB",43,"539970","Borotice"
"CS","Odvozená vazba","KRAJ_NUTS",100,"3026","Středočeský kraj","CISOB",43,"539988","Bratkovice"
"CS","Odvozená vazba","KRAJ_NUTS",100,"3026","Středočeský kraj","CISOB",43,"540013","Březnice"
"CS","Odvozená vazba","KRAJ_NUTS",100,"3026","Středočeský kraj","CISOB",43,"540021","Buková u Příbramě"
"CS","Odvozená vazba","KRAJ_NUTS",100,"3026","Středočeský kraj","CISOB",43,"540048","Buš"
"CS","Odvozená vazba","KRAJ_NUTS",100,"3026","Středočeský kraj","CISOB",43,"540072","Čenkov"
"CS","Odvozená vazba","KRAJ_NUTS",100,"3026","Středočeský kraj","CISOB",43,"540081","Čím"
"CS","Odvozená vazba","KRAJ_NUTS",100,"3026","Středočeský kraj","CISOB",43,"540099","Daleké Dušníky"
"CS","Odvozená vazba","KRAJ_NUTS",100,"3026","Středočeský kraj","CISOB",43,"540111","Dobříš"
"CS","Odvozená vazba","KRAJ_NUTS",100,"3026","Středočeský kraj","CISOB",43,"540129","Dolní Hbity"
"CS","Odvozená vazba","KRAJ_NUTS",100,"3026","Středočeský kraj","CISOB",43,"540145","Drahlín"
"CS","Odvozená vazba","KRAJ_NUTS",100,"3026","Středočeský kraj","CISOB",43,"540153","Drásov"
"CS","Odvozená vazba","KRAJ_NUTS",100,"3026","Středočeský kraj","CISOB",43,"540170","Drevníky"
"CS","Odvozená vazba","KRAJ_NUTS",100,"3026","Středočeský kraj","CISOB",43,"540188","Drhovy"
"CS","Odvozená vazba","KRAJ_NUTS",100,"3026","Středočeský kraj","CISOB",43,"540218","Dublovice"
"CS","Odvozená vazba","KRAJ_NUTS",100,"3026","Středočeský kraj","CISOB",43,"540242","Hluboš"
"CS","Odvozená vazba","KRAJ_NUTS",100,"3026","Středočeský kraj","CISOB",43,"540285","Hřiměždice"
"CS","Odvozená vazba","KRAJ_NUTS",100,"3026","Středočeský kraj","CISOB",43,"540315","Hvožďany"
"CS","Odvozená vazba","KRAJ_NUTS",100,"3026","Středočeský kraj","CISOB",43,"540323","Chotilsko"
"CS","Odvozená vazba","KRAJ_NUTS",100,"3026","Středočeský kraj","CISOB",43,"540358","Chraštice"
"CS","Odvozená vazba","KRAJ_NUTS",100,"3026","Středočeský kraj","CISOB",43,"540374","Jablonná"
"CS","Odvozená vazba","KRAJ_NUTS",100,"3026","Středočeský kraj","CISOB",43,"540391","Jesenice"
"CS","Odvozená vazba","KRAJ_NUTS",100,"3026","Středočeský kraj","CISOB",43,"540404","Jince"
"CS","Odvozená vazba","KRAJ_NUTS",100,"3026","Středočeský kraj","CISOB",43,"540439","Kamýk nad Vltavou"
"CS","Odvozená vazba","KRAJ_NUTS",100,"3026","Středočeský kraj","CISOB",43,"540447","Klučenice"
"CS","Odvozená vazba","KRAJ_NUTS",100,"3026","Středočeský kraj","CISOB",43,"540498","Kosova Hora"
"CS","Odvozená vazba","KRAJ_NUTS",100,"3026","Středočeský kraj","CISOB",43,"540536","Kozárovice"
"CS","Odvozená vazba","KRAJ_NUTS",100,"3026","Středočeský kraj","CISOB",43,"540552","Krásná Hora nad Vltavou"
"CS","Odvozená vazba","KRAJ_NUTS",100,"3026","Středočeský kraj","CISOB",43,"540579","Křepenice"
"CS","Odvozená vazba","KRAJ_NUTS",100,"3026","Středočeský kraj","CISOB",43,"540587","Křešín"
"CS","Odvozená vazba","KRAJ_NUTS",100,"3026","Středočeský kraj","CISOB",43,"540625","Láz"
"CS","Odvozená vazba","KRAJ_NUTS",100,"3026","Středočeský kraj","CISOB",43,"540714","Malá Hraštice"
"CS","Odvozená vazba","KRAJ_NUTS",100,"3026","Středočeský kraj","CISOB",43,"540749","Milešov"
"CS","Odvozená vazba","KRAJ_NUTS",100,"3026","Středočeský kraj","CISOB",43,"540757","Milín"
"CS","Odvozená vazba","KRAJ_NUTS",100,"3026","Středočeský kraj","CISOB",43,"540765","Mníšek pod Brdy"
"CS","Odvozená vazba","KRAJ_NUTS",100,"3026","Středočeský kraj","CISOB",43,"540781","Mokrovraty"
"CS","Odvozená vazba","KRAJ_NUTS",100,"3026","Středočeský kraj","CISOB",43,"540790","Nalžovice"
"CS","Odvozená vazba","KRAJ_NUTS",100,"3026","Středočeský kraj","CISOB",43,"540811","Nečín"
"CS","Odvozená vazba","KRAJ_NUTS",100,"3026","Středočeský kraj","CISOB",43,"540820","Nedrahovice"
"CS","Odvozená vazba","KRAJ_NUTS",100,"3026","Středočeský kraj","CISOB",43,"540846","Nechvalice"
"CS","Odvozená vazba","KRAJ_NUTS",100,"3026","Středočeský kraj","CISOB",43,"540889","Nová Ves pod Pleší"
"CS","Odvozená vazba","KRAJ_NUTS",100,"3026","Středočeský kraj","CISOB",43,"540897","Nové Dvory"
"CS","Odvozená vazba","KRAJ_NUTS",100,"3026","Středočeský kraj","CISOB",43,"540901","Nový Knín"
"CS","Odvozená vazba","KRAJ_NUTS",100,"3026","Středočeský kraj","CISOB",43,"540935","Obecnice"
"CS","Odvozená vazba","KRAJ_NUTS",100,"3026","Středočeský kraj","CISOB",43,"540943","Obory"
"CS","Odvozená vazba","KRAJ_NUTS",100,"3026","Středočeský kraj","CISOB",43,"540951","Obořiště"
"CS","Odvozená vazba","KRAJ_NUTS",100,"3026","Středočeský kraj","CISOB",43,"540960","Ohrazenice"
"CS","Odvozená vazba","KRAJ_NUTS",100,"3026","Středočeský kraj","CISOB",43,"541010","Ouběnice"
"CS","Odvozená vazba","KRAJ_NUTS",100,"3026","Středočeský kraj","CISOB",43,"541028","Pečice"
"CS","Odvozená vazba","KRAJ_NUTS",100,"3026","Středočeský kraj","CISOB",43,"541044","Petrovice"
"CS","Odvozená vazba","KRAJ_NUTS",100,"3026","Středočeský kraj","CISOB",43,"541052","Pičín"
"CS","Odvozená vazba","KRAJ_NUTS",100,"3026","Středočeský kraj","CISOB",43,"541087","Počepice"
"CS","Odvozená vazba","KRAJ_NUTS",100,"3026","Středočeský kraj","CISOB",43,"541133","Prosenická Lhota"
"CS","Odvozená vazba","KRAJ_NUTS",100,"3026","Středočeský kraj","CISOB",43,"541206","Rosovice"
"CS","Odvozená vazba","KRAJ_NUTS",100,"3026","Středočeský kraj","CISOB",43,"541231","Rožmitál pod Třemšínem"
"CS","Odvozená vazba","KRAJ_NUTS",100,"3026","Středočeský kraj","CISOB",43,"541257","Rybníky"
"CS","Odvozená vazba","KRAJ_NUTS",100,"3026","Středočeský kraj","CISOB",43,"541273","Sádek"
"CS","Odvozená vazba","KRAJ_NUTS",100,"3026","Středočeský kraj","CISOB",43,"541281","Sedlčany"
"CS","Odvozená vazba","KRAJ_NUTS",100,"3026","Středočeský kraj","CISOB",43,"541311","Smolotely"
"CS","Odvozená vazba","KRAJ_NUTS",100,"3026","Středočeský kraj","CISOB",43,"541320","Solenice"
"CS","Odvozená vazba","KRAJ_NUTS",100,"3026","Středočeský kraj","CISOB",43,"541338","Stará Huť"
"CS","Odvozená vazba","KRAJ_NUTS",100,"3026","Středočeský kraj","CISOB",43,"541371","Suchodol"
"CS","Odvozená vazba","KRAJ_NUTS",100,"3026","Středočeský kraj","CISOB",43,"541389","Svaté Pole"
"CS","Odvozená vazba","KRAJ_NUTS",100,"3026","Středočeský kraj","CISOB",43,"541397","Svatý Jan"
"CS","Odvozená vazba","KRAJ_NUTS",100,"3026","Středočeský kraj","CISOB",43,"541419","Štětkovice"
"CS","Odvozená vazba","KRAJ_NUTS",100,"3026","Středočeský kraj","CISOB",43,"541427","Tochovice"
"CS","Odvozená vazba","KRAJ_NUTS",100,"3026","Středočeský kraj","CISOB",43,"541451","Třebsko"
"CS","Odvozená vazba","KRAJ_NUTS",100,"3026","Středočeský kraj","CISOB",43,"541508","Věšín"
"CS","Odvozená vazba","KRAJ_NUTS",100,"3026","Středočeský kraj","CISOB",43,"541516","Višňová"
"CS","Odvozená vazba","KRAJ_NUTS",100,"3026","Středočeský kraj","CISOB",43,"541524","Volenice"
"CS","Odvozená vazba","KRAJ_NUTS",100,"3026","Středočeský kraj","CISOB",43,"541541","Voznice"
"CS","Odvozená vazba","KRAJ_NUTS",100,"3026","Středočeský kraj","CISOB",43,"541567","Vranovice"
"CS","Odvozená vazba","KRAJ_NUTS",100,"3026","Středočeský kraj","CISOB",43,"541583","Vysoká u Příbramě"
"CS","Odvozená vazba","KRAJ_NUTS",100,"3026","Středočeský kraj","CISOB",43,"541591","Vysoký Chlumec"
"CS","Odvozená vazba","KRAJ_NUTS",100,"3026","Středočeský kraj","CISOB",43,"541613","Zalužany"
"CS","Odvozená vazba","KRAJ_NUTS",100,"3026","Středočeský kraj","CISOB",43,"541656","Rakovník"
"CS","Odvozená vazba","KRAJ_NUTS",100,"3026","Středočeský kraj","CISOB",43,"541672","Branov"
"CS","Odvozená vazba","KRAJ_NUTS",100,"3026","Středočeský kraj","CISOB",43,"541699","Čistá"
"CS","Odvozená vazba","KRAJ_NUTS",100,"3026","Středočeský kraj","CISOB",43,"541729","Hořesedly"
"CS","Odvozená vazba","KRAJ_NUTS",100,"3026","Středočeský kraj","CISOB",43,"541737","Hořovičky"
"CS","Odvozená vazba","KRAJ_NUTS",100,"3026","Středočeský kraj","CISOB",43,"541761","Hřebečníky"
"CS","Odvozená vazba","KRAJ_NUTS",100,"3026","Středočeský kraj","CISOB",43,"541770","Hředle"
"CS","Odvozená vazba","KRAJ_NUTS",100,"3026","Středočeský kraj","CISOB",43,"541818","Chrášťany"
"CS","Odvozená vazba","KRAJ_NUTS",100,"3026","Středočeský kraj","CISOB",43,"541834","Jesenice"
"CS","Odvozená vazba","KRAJ_NUTS",100,"3026","Středočeský kraj","CISOB",43,"541877","Kněževes"
"CS","Odvozená vazba","KRAJ_NUTS",100,"3026","Středočeský kraj","CISOB",43,"541893","Kolešovice"
"CS","Odvozená vazba","KRAJ_NUTS",100,"3026","Středočeský kraj","CISOB",43,"541907","Kounov"
"CS","Odvozená vazba","KRAJ_NUTS",100,"3026","Středočeský kraj","CISOB",43,"541940","Kroučová"
"CS","Odvozená vazba","KRAJ_NUTS",100,"3026","Středočeský kraj","CISOB",43,"541966","Krupá"
"CS","Odvozená vazba","KRAJ_NUTS",100,"3026","Středočeský kraj","CISOB",43,"541974","Krušovice"
"CS","Odvozená vazba","KRAJ_NUTS",100,"3026","Středočeský kraj","CISOB",43,"541982","Křivoklát"
"CS","Odvozená vazba","KRAJ_NUTS",100,"3026","Středočeský kraj","CISOB",43,"541991","Lány"
"CS","Odvozená vazba","KRAJ_NUTS",100,"3026","Středočeský kraj","CISOB",43,"542008","Lašovice"
"CS","Odvozená vazba","KRAJ_NUTS",100,"3026","Středočeský kraj","CISOB",43,"542016","Lišany"
"CS","Odvozená vazba","KRAJ_NUTS",100,"3026","Středočeský kraj","CISOB",43,"542032","Lubná"
"CS","Odvozená vazba","KRAJ_NUTS",100,"3026","Středočeský kraj","CISOB",43,"542041","Lužná"
"CS","Odvozená vazba","KRAJ_NUTS",100,"3026","Středočeský kraj","CISOB",43,"542067","Městečko"
"CS","Odvozená vazba","KRAJ_NUTS",100,"3026","Středočeský kraj","CISOB",43,"542075","Milostín"
"CS","Odvozená vazba","KRAJ_NUTS",100,"3026","Středočeský kraj","CISOB",43,"542105","Mšec"
"CS","Odvozená vazba","KRAJ_NUTS",100,"3026","Středočeský kraj","CISOB",43,"542113","Mšecké Žehrovice"
"CS","Odvozená vazba","KRAJ_NUTS",100,"3026","Středočeský kraj","CISOB",43,"542121","Mutějovice"
"CS","Odvozená vazba","KRAJ_NUTS",100,"3026","Středočeský kraj","CISOB",43,"542130","Nesuchyně"
"CS","Odvozená vazba","KRAJ_NUTS",100,"3026","Středočeský kraj","CISOB",43,"542164","Nové Strašecí"
"CS","Odvozená vazba","KRAJ_NUTS",100,"3026","Středočeský kraj","CISOB",43,"542181","Nový Dům"
"CS","Odvozená vazba","KRAJ_NUTS",100,"3026","Středočeský kraj","CISOB",43,"542199","Olešná"
"CS","Odvozená vazba","KRAJ_NUTS",100,"3026","Středočeský kraj","CISOB",43,"542202","Oráčov"
"CS","Odvozená vazba","KRAJ_NUTS",100,"3026","Středočeský kraj","CISOB",43,"542211","Panoší Újezd"
"CS","Odvozená vazba","KRAJ_NUTS",100,"3026","Středočeský kraj","CISOB",43,"542229","Petrovice"
"CS","Odvozená vazba","KRAJ_NUTS",100,"3026","Středočeský kraj","CISOB",43,"542237","Pochvalov"
"CS","Odvozená vazba","KRAJ_NUTS",100,"3026","Středočeský kraj","CISOB",43,"542253","Příčina"
"CS","Odvozená vazba","KRAJ_NUTS",100,"3026","Středočeský kraj","CISOB",43,"542270","Pšovlky"
"CS","Odvozená vazba","KRAJ_NUTS",100,"3026","Středočeský kraj","CISOB",43,"542288","Pustověty"
"CS","Odvozená vazba","KRAJ_NUTS",100,"3026","Středočeský kraj","CISOB",43,"542326","Ruda"
"CS","Odvozená vazba","KRAJ_NUTS",100,"3026","Středočeský kraj","CISOB",43,"542334","Rynholec"
"CS","Odvozená vazba","KRAJ_NUTS",100,"3026","Středočeský kraj","CISOB",43,"542351","Řevničov"
"CS","Odvozená vazba","KRAJ_NUTS",100,"3026","Středočeský kraj","CISOB",43,"542369","Senec"
"CS","Odvozená vazba","KRAJ_NUTS",100,"3026","Středočeský kraj","CISOB",43,"542377","Senomaty"
"CS","Odvozená vazba","KRAJ_NUTS",100,"3026","Středočeský kraj","CISOB",43,"542385","Skryje"
"CS","Odvozená vazba","KRAJ_NUTS",100,"3026","Středočeský kraj","CISOB",43,"542415","Slabce"
"CS","Odvozená vazba","KRAJ_NUTS",100,"3026","Středočeský kraj","CISOB",43,"542431","Srbeč"
"CS","Odvozená vazba","KRAJ_NUTS",100,"3026","Středočeský kraj","CISOB",43,"542458","Svojetín"
"CS","Odvozená vazba","KRAJ_NUTS",100,"3026","Středočeský kraj","CISOB",43,"542466","Sýkořice"
"CS","Odvozená vazba","KRAJ_NUTS",100,"3026","Středočeský kraj","CISOB",43,"542474","Šanov"
"CS","Odvozená vazba","KRAJ_NUTS",100,"3026","Středočeský kraj","CISOB",43,"542504","Třeboc"
"CS","Odvozená vazba","KRAJ_NUTS",100,"3026","Středočeský kraj","CISOB",43,"542512","Třtice"
"CS","Odvozená vazba","KRAJ_NUTS",100,"3026","Středočeský kraj","CISOB",43,"542563","Velká Buková"
"CS","Odvozená vazba","KRAJ_NUTS",100,"3026","Středočeský kraj","CISOB",43,"542598","Všetaty"
"CS","Odvozená vazba","KRAJ_NUTS",100,"3026","Středočeský kraj","CISOB",43,"542601","Zavidov"
"CS","Odvozená vazba","KRAJ_NUTS",100,"3026","Středočeský kraj","CISOB",43,"542610","Zbečno"
"CS","Odvozená vazba","KRAJ_NUTS",100,"3026","Středočeský kraj","CISOB",43,"544248","Pavlíkov"
"CS","Odvozená vazba","KRAJ_NUTS",100,"3026","Středočeský kraj","CISOB",43,"551457","Studeněves"
"CS","Odvozená vazba","KRAJ_NUTS",100,"3026","Středočeský kraj","CISOB",43,"551465","Košice"
"CS","Odvozená vazba","KRAJ_NUTS",100,"3026","Středočeský kraj","CISOB",43,"551481","Kněžičky"
"CS","Odvozená vazba","KRAJ_NUTS",100,"3026","Středočeský kraj","CISOB",43,"557030","Skorkov"
"CS","Odvozená vazba","KRAJ_NUTS",100,"3026","Středočeský kraj","CISOB",43,"564087","Poštovice"
"CS","Odvozená vazba","KRAJ_NUTS",100,"3026","Středočeský kraj","CISOB",43,"564125","Plchov"
"CS","Odvozená vazba","KRAJ_NUTS",100,"3026","Středočeský kraj","CISOB",43,"564150","Libochovičky"
"CS","Odvozená vazba","KRAJ_NUTS",100,"3026","Středočeský kraj","CISOB",43,"564192","Páleč"
"CS","Odvozená vazba","KRAJ_NUTS",100,"3026","Středočeský kraj","CISOB",43,"564214","Počaply"
"CS","Odvozená vazba","KRAJ_NUTS",100,"3026","Středočeský kraj","CISOB",43,"564222","Nestrašovice"
"CS","Odvozená vazba","KRAJ_NUTS",100,"3026","Středočeský kraj","CISOB",43,"564249","Chrást"
"CS","Odvozená vazba","KRAJ_NUTS",100,"3026","Středočeský kraj","CISOB",43,"564257","Horčápsko"
"CS","Odvozená vazba","KRAJ_NUTS",100,"3026","Středočeský kraj","CISOB",43,"564273","Svojšice"
"CS","Odvozená vazba","KRAJ_NUTS",100,"3026","Středočeský kraj","CISOB",43,"564320","Zbenice"
"CS","Odvozená vazba","KRAJ_NUTS",100,"3026","Středočeský kraj","CISOB",43,"564338","Županovice"
"CS","Odvozená vazba","KRAJ_NUTS",100,"3026","Středočeský kraj","CISOB",43,"564346","Lazsko"
"CS","Odvozená vazba","KRAJ_NUTS",100,"3026","Středočeský kraj","CISOB",43,"564362","Vrančice"
"CS","Odvozená vazba","KRAJ_NUTS",100,"3026","Středočeský kraj","CISOB",43,"564389","Radětice"
"CS","Odvozená vazba","KRAJ_NUTS",100,"3026","Středočeský kraj","CISOB",43,"564419","Cetyně"
"CS","Odvozená vazba","KRAJ_NUTS",100,"3026","Středočeský kraj","CISOB",43,"564478","Narysov"
"CS","Odvozená vazba","KRAJ_NUTS",100,"3026","Středočeský kraj","CISOB",43,"564486","Podlesí"
"CS","Odvozená vazba","KRAJ_NUTS",100,"3026","Středočeský kraj","CISOB",43,"564508","Dubno"
"CS","Odvozená vazba","KRAJ_NUTS",100,"3026","Středočeský kraj","CISOB",43,"564524","Nepomuk"
"CS","Odvozená vazba","KRAJ_NUTS",100,"3026","Středočeský kraj","CISOB",43,"564559","Bohostice"
"CS","Odvozená vazba","KRAJ_NUTS",100,"3026","Středočeský kraj","CISOB",43,"564583","Starosedlský Hrádek"
"CS","Odvozená vazba","KRAJ_NUTS",100,"3026","Středočeský kraj","CISOB",43,"564605","Hlubyně"
"CS","Odvozená vazba","KRAJ_NUTS",100,"3026","Středočeský kraj","CISOB",43,"564630","Sedlice"
"CS","Odvozená vazba","KRAJ_NUTS",100,"3026","Středočeský kraj","CISOB",43,"564664","Bukovany"
"CS","Odvozená vazba","KRAJ_NUTS",100,"3026","Středočeský kraj","CISOB",43,"564681","Drahobudice"
"CS","Odvozená vazba","KRAJ_NUTS",100,"3026","Středočeský kraj","CISOB",43,"564702","Masojedy"
"CS","Odvozená vazba","KRAJ_NUTS",100,"3026","Středočeský kraj","CISOB",43,"564761","Konojedy"
"CS","Odvozená vazba","KRAJ_NUTS",100,"3026","Středočeský kraj","CISOB",43,"564788","Prusice"
"CS","Odvozená vazba","KRAJ_NUTS",100,"3026","Středočeský kraj","CISOB",43,"564796","Výžerky"
"CS","Odvozená vazba","KRAJ_NUTS",100,"3026","Středočeský kraj","CISOB",43,"564800","Hradešín"
"CS","Odvozená vazba","KRAJ_NUTS",100,"3026","Středočeský kraj","CISOB",43,"564826","Vrátkov"
"CS","Odvozená vazba","KRAJ_NUTS",100,"3026","Středočeský kraj","CISOB",43,"564869","Březí"
"CS","Odvozená vazba","KRAJ_NUTS",100,"3026","Středočeský kraj","CISOB",43,"564885","Doubek"
"CS","Odvozená vazba","KRAJ_NUTS",100,"3026","Středočeský kraj","CISOB",43,"564907","Nupaky"
"CS","Odvozená vazba","KRAJ_NUTS",100,"3026","Středočeský kraj","CISOB",43,"564915","Herink"
"CS","Odvozená vazba","KRAJ_NUTS",100,"3026","Středočeský kraj","CISOB",43,"564974","Káraný"
"CS","Odvozená vazba","KRAJ_NUTS",100,"3026","Středočeský kraj","CISOB",43,"564982","Květnice"
"CS","Odvozená vazba","KRAJ_NUTS",100,"3026","Středočeský kraj","CISOB",43,"564991","Křenice"
"CS","Odvozená vazba","KRAJ_NUTS",100,"3026","Středočeský kraj","CISOB",43,"565008","Dobročovice"
"CS","Odvozená vazba","KRAJ_NUTS",100,"3026","Středočeský kraj","CISOB",43,"565041","Břežany"
"CS","Odvozená vazba","KRAJ_NUTS",100,"3026","Středočeský kraj","CISOB",43,"565130","Všesulov"
"CS","Odvozená vazba","KRAJ_NUTS",100,"3026","Středočeský kraj","CISOB",43,"565181","Děkov"
"CS","Odvozená vazba","KRAJ_NUTS",100,"3026","Středočeský kraj","CISOB",43,"565199","Kolešov"
"CS","Odvozená vazba","KRAJ_NUTS",100,"3026","Středočeský kraj","CISOB",43,"565202","Hracholusky"
"CS","Odvozená vazba","KRAJ_NUTS",100,"3026","Středočeský kraj","CISOB",43,"565261","Přílepy"
"CS","Odvozená vazba","KRAJ_NUTS",100,"3026","Středočeský kraj","CISOB",43,"565270","Janov"
"CS","Odvozená vazba","KRAJ_NUTS",100,"3026","Středočeský kraj","CISOB",43,"565288","Karlova Ves"
"CS","Odvozená vazba","KRAJ_NUTS",100,"3026","Středočeský kraj","CISOB",43,"565326","Švihov"
"CS","Odvozená vazba","KRAJ_NUTS",100,"3026","Středočeský kraj","CISOB",43,"565334","Hvozd"
"CS","Odvozená vazba","KRAJ_NUTS",100,"3026","Středočeský kraj","CISOB",43,"565351","Krakov"
"CS","Odvozená vazba","KRAJ_NUTS",100,"3026","Středočeský kraj","CISOB",43,"565369","Krakovec"
"CS","Odvozená vazba","KRAJ_NUTS",100,"3026","Středočeský kraj","CISOB",43,"565377","Malinová"
"CS","Odvozená vazba","KRAJ_NUTS",100,"3026","Středočeský kraj","CISOB",43,"565385","Kozojedy"
"CS","Odvozená vazba","KRAJ_NUTS",100,"3026","Středočeský kraj","CISOB",43,"565407","Smilovice"
"CS","Odvozená vazba","KRAJ_NUTS",100,"3026","Středočeský kraj","CISOB",43,"565423","Bdín"
"CS","Odvozená vazba","KRAJ_NUTS",100,"3026","Středočeský kraj","CISOB",43,"565440","Kalivody"
"CS","Odvozená vazba","KRAJ_NUTS",100,"3026","Středočeský kraj","CISOB",43,"565466","Milý"
"CS","Odvozená vazba","KRAJ_NUTS",100,"3026","Středočeský kraj","CISOB",43,"565504","Řeřichy"
"CS","Odvozená vazba","KRAJ_NUTS",100,"3026","Středočeský kraj","CISOB",43,"565512","Václavy"
"CS","Odvozená vazba","KRAJ_NUTS",100,"3026","Středočeský kraj","CISOB",43,"565539","Sovínky"
"CS","Odvozená vazba","KRAJ_NUTS",100,"3026","Středočeský kraj","CISOB",43,"565563","Lipník"
"CS","Odvozená vazba","KRAJ_NUTS",100,"3026","Středočeský kraj","CISOB",43,"565571","Vlkava"
"CS","Odvozená vazba","KRAJ_NUTS",100,"3026","Středočeský kraj","CISOB",43,"565580","Plužná"
"CS","Odvozená vazba","KRAJ_NUTS",100,"3026","Středočeský kraj","CISOB",43,"565628","Vinařice"
"CS","Odvozená vazba","KRAJ_NUTS",100,"3026","Středočeský kraj","CISOB",43,"565636","Rohatsko"
"CS","Odvozená vazba","KRAJ_NUTS",100,"3026","Středočeský kraj","CISOB",43,"565644","Mečeříž"
"CS","Odvozená vazba","KRAJ_NUTS",100,"3026","Středočeský kraj","CISOB",43,"565652","Rabakov"
"CS","Odvozená vazba","KRAJ_NUTS",100,"3026","Středočeský kraj","CISOB",43,"565661","Řitonice"
"CS","Odvozená vazba","KRAJ_NUTS",100,"3026","Středočeský kraj","CISOB",43,"565725","Veselice"
"CS","Odvozená vazba","KRAJ_NUTS",100,"3026","Středočeský kraj","CISOB",43,"565733","Hrušov"
"CS","Odvozená vazba","KRAJ_NUTS",100,"3026","Středočeský kraj","CISOB",43,"565750","Bílá Hlína"
"CS","Odvozená vazba","KRAJ_NUTS",100,"3026","Středočeský kraj","CISOB",43,"565784","Charvatce"
"CS","Odvozená vazba","KRAJ_NUTS",100,"3026","Středočeský kraj","CISOB",43,"565822","Mohelnice nad Jizerou"
"CS","Odvozená vazba","KRAJ_NUTS",100,"3026","Středočeský kraj","CISOB",43,"565920","Sudoměř"
"CS","Odvozená vazba","KRAJ_NUTS",100,"3026","Středočeský kraj","CISOB",43,"565989","Hlavenec"
"CS","Odvozená vazba","KRAJ_NUTS",100,"3026","Středočeský kraj","CISOB",43,"566039","Jizerní Vtelno"
"CS","Odvozená vazba","KRAJ_NUTS",100,"3026","Středočeský kraj","CISOB",43,"566047","Košátky"
"CS","Odvozená vazba","KRAJ_NUTS",100,"3026","Středočeský kraj","CISOB",43,"570753","Prodašice"
"CS","Odvozená vazba","KRAJ_NUTS",100,"3026","Středočeský kraj","CISOB",43,"570761","Ujkovice"
"CS","Odvozená vazba","KRAJ_NUTS",100,"3026","Středočeský kraj","CISOB",43,"570770","Loukov"
"CS","Odvozená vazba","KRAJ_NUTS",100,"3026","Středočeský kraj","CISOB",43,"570788","Bradlec"
"CS","Odvozená vazba","KRAJ_NUTS",100,"3026","Středočeský kraj","CISOB",43,"570818","Dalovice"
"CS","Odvozená vazba","KRAJ_NUTS",100,"3026","Středočeský kraj","CISOB",43,"570826","Kosmonosy"
"CS","Odvozená vazba","KRAJ_NUTS",100,"3026","Středočeský kraj","CISOB",43,"570842","Vinec"
"CS","Odvozená vazba","KRAJ_NUTS",100,"3026","Středočeský kraj","CISOB",43,"570893","Obrubce"
"CS","Odvozená vazba","KRAJ_NUTS",100,"3026","Středočeský kraj","CISOB",43,"570923","Přepeře"
"CS","Odvozená vazba","KRAJ_NUTS",100,"3026","Středočeský kraj","CISOB",43,"570940","Dolní Stakory"
"CS","Odvozená vazba","KRAJ_NUTS",100,"3026","Středočeský kraj","CISOB",43,"570974","Kolomuty"
"CS","Odvozená vazba","KRAJ_NUTS",100,"3026","Středočeský kraj","CISOB",43,"570982","Tuřice"
"CS","Odvozená vazba","KRAJ_NUTS",100,"3026","Středočeský kraj","CISOB",43,"570991","Ctiměřice"
"CS","Odvozená vazba","KRAJ_NUTS",100,"3026","Středočeský kraj","CISOB",43,"571032","Pěčice"
"CS","Odvozená vazba","KRAJ_NUTS",100,"3026","Středočeský kraj","CISOB",43,"571067","Doubravička"
"CS","Odvozená vazba","KRAJ_NUTS",100,"3026","Středočeský kraj","CISOB",43,"571075","Kluky"
"CS","Odvozená vazba","KRAJ_NUTS",100,"3026","Středočeský kraj","CISOB",43,"571121","Niměřice"
"CS","Odvozená vazba","KRAJ_NUTS",100,"3026","Středočeský kraj","CISOB",43,"571148","Rokytovec"
"CS","Odvozená vazba","KRAJ_NUTS",100,"3026","Středočeský kraj","CISOB",43,"571156","Nemyslovice"
"CS","Odvozená vazba","KRAJ_NUTS",100,"3026","Středočeský kraj","CISOB",43,"571172","Kobylnice"
"CS","Odvozená vazba","KRAJ_NUTS",100,"3026","Středočeský kraj","CISOB",43,"571199","Bratřínov"
"CS","Odvozená vazba","KRAJ_NUTS",100,"3026","Středočeský kraj","CISOB",43,"571211","Klínec"
"CS","Odvozená vazba","KRAJ_NUTS",100,"3026","Středočeský kraj","CISOB",43,"571261","Kytín"
"CS","Odvozená vazba","KRAJ_NUTS",100,"3026","Středočeský kraj","CISOB",43,"571288","Zahořany"
"CS","Odvozená vazba","KRAJ_NUTS",100,"3026","Středočeský kraj","CISOB",43,"571318","Roblín"
"CS","Odvozená vazba","KRAJ_NUTS",100,"3026","Středočeský kraj","CISOB",43,"571326","Lichoceves"
"CS","Odvozená vazba","KRAJ_NUTS",100,"3026","Středočeský kraj","CISOB",43,"571334","Okoř"
"CS","Odvozená vazba","KRAJ_NUTS",100,"3026","Středočeský kraj","CISOB",43,"571342","Svrkyně"
"CS","Odvozená vazba","KRAJ_NUTS",100,"3026","Středočeský kraj","CISOB",43,"571351","Úholičky"
"CS","Odvozená vazba","KRAJ_NUTS",100,"3026","Středočeský kraj","CISOB",43,"571415","Xaverov"
"CS","Odvozená vazba","KRAJ_NUTS",100,"3026","Středočeský kraj","CISOB",43,"571423","Zichovec"
"CS","Odvozená vazba","KRAJ_NUTS",100,"3026","Středočeský kraj","CISOB",43,"571431","Vrbičany"
"CS","Odvozená vazba","KRAJ_NUTS",100,"3026","Středočeský kraj","CISOB",43,"571512","Kutrovice"
"CS","Odvozená vazba","KRAJ_NUTS",100,"3026","Středočeský kraj","CISOB",43,"571521","Neprobylice"
"CS","Odvozená vazba","KRAJ_NUTS",100,"3026","Středočeský kraj","CISOB",43,"571555","Líský"
"CS","Odvozená vazba","KRAJ_NUTS",100,"3026","Středočeský kraj","CISOB",43,"571598","Zájezd"
"CS","Odvozená vazba","KRAJ_NUTS",100,"3026","Středočeský kraj","CISOB",43,"571601","Libovice"
"CS","Odvozená vazba","KRAJ_NUTS",100,"3026","Středočeský kraj","CISOB",43,"571636","Němčice"
"CS","Odvozená vazba","KRAJ_NUTS",100,"3026","Středočeský kraj","CISOB",43,"571644","Štíhlice"
"CS","Odvozená vazba","KRAJ_NUTS",100,"3026","Středočeský kraj","CISOB",43,"571679","Oplany"
"CS","Odvozená vazba","KRAJ_NUTS",100,"3026","Středočeský kraj","CISOB",43,"571687","Klášterní Skalice"
"CS","Odvozená vazba","KRAJ_NUTS",100,"3026","Středočeský kraj","CISOB",43,"571717","Kšely"
"CS","Odvozená vazba","KRAJ_NUTS",100,"3026","Středočeský kraj","CISOB",43,"571741","Třebonín"
"CS","Odvozená vazba","KRAJ_NUTS",100,"3026","Středočeský kraj","CISOB",43,"571784","Libiš"
"CS","Odvozená vazba","KRAJ_NUTS",100,"3026","Středočeský kraj","CISOB",43,"571792","Kozomín"
"CS","Odvozená vazba","KRAJ_NUTS",100,"3026","Středočeský kraj","CISOB",43,"571806","Nová Ves u Bakova"
"CS","Odvozená vazba","KRAJ_NUTS",100,"3026","Středočeský kraj","CISOB",43,"571814","Zdětín"
"CS","Odvozená vazba","KRAJ_NUTS",100,"3026","Středočeský kraj","CISOB",43,"571849","Chudíř"
"CS","Odvozená vazba","KRAJ_NUTS",100,"3026","Středočeský kraj","CISOB",43,"571865","Mukařov"
"CS","Odvozená vazba","KRAJ_NUTS",100,"3026","Středočeský kraj","CISOB",43,"571881","Strážiště"
"CS","Odvozená vazba","KRAJ_NUTS",100,"3026","Středočeský kraj","CISOB",43,"571938","Ptýrov"
"CS","Odvozená vazba","KRAJ_NUTS",100,"3026","Středočeský kraj","CISOB",43,"571946","Branžež"
"CS","Odvozená vazba","KRAJ_NUTS",100,"3026","Středočeský kraj","CISOB",43,"571954","Sudovo Hlavno"
"CS","Odvozená vazba","KRAJ_NUTS",100,"3026","Středočeský kraj","CISOB",43,"571971","Kováň"
"CS","Odvozená vazba","KRAJ_NUTS",100,"3026","Středočeský kraj","CISOB",43,"571989","Dobšín"
"CS","Odvozená vazba","KRAJ_NUTS",100,"3026","Středočeský kraj","CISOB",43,"571997","Neveklovice"
"CS","Odvozená vazba","KRAJ_NUTS",100,"3026","Středočeský kraj","CISOB",43,"572012","Kovanec"
"CS","Odvozená vazba","KRAJ_NUTS",100,"3026","Středočeský kraj","CISOB",43,"572021","Vrátno"
"CS","Odvozená vazba","KRAJ_NUTS",100,"3026","Středočeský kraj","CISOB",43,"598241","Pětikozly"
"CS","Odvozená vazba","KRAJ_NUTS",100,"3026","Středočeský kraj","CISOB",43,"598267","Modletice"
"CS","Odvozená vazba","KRAJ_NUTS",100,"3026","Středočeský kraj","CISOB",43,"598283","Sedlec"
"CS","Odvozená vazba","KRAJ_NUTS",100,"3026","Středočeský kraj","CISOB",43,"598291","Čakovičky"
"CS","Odvozená vazba","KRAJ_NUTS",100,"3026","Středočeský kraj","CISOB",43,"598305","Svémyslice"
"CS","Odvozená vazba","KRAJ_NUTS",100,"3026","Středočeský kraj","CISOB",43,"598313","Trnová"
"CS","Odvozená vazba","KRAJ_NUTS",100,"3026","Středočeský kraj","CISOB",43,"598330","Tušovice"
"CS","Odvozená vazba","KRAJ_NUTS",100,"3026","Středočeský kraj","CISOB",43,"598372","Ostrov"
"CS","Odvozená vazba","KRAJ_NUTS",100,"3026","Středočeský kraj","CISOB",43,"598381","Dubenec"
"CS","Odvozená vazba","KRAJ_NUTS",100,"3026","Středočeský kraj","CISOB",43,"598402","Háje"
"CS","Odvozená vazba","KRAJ_NUTS",100,"3026","Středočeský kraj","CISOB",43,"598411","Lhota u Příbramě"
"CS","Odvozená vazba","KRAJ_NUTS",100,"3026","Středočeský kraj","CISOB",43,"598429","Trhové Dušníky"
"CS","Odvozená vazba","KRAJ_NUTS",100,"3026","Středočeský kraj","CISOB",43,"598437","Vševily"
"CS","Odvozená vazba","KRAJ_NUTS",100,"3026","Středočeský kraj","CISOB",43,"598461","Kňovice"
"CS","Odvozená vazba","KRAJ_NUTS",100,"3026","Středočeský kraj","CISOB",43,"598470","Osečany"
"CS","Odvozená vazba","KRAJ_NUTS",100,"3026","Středočeský kraj","CISOB",43,"598488","Radíč"
"CS","Odvozená vazba","KRAJ_NUTS",100,"3026","Středočeský kraj","CISOB",43,"598496","Šípy"
"CS","Odvozená vazba","KRAJ_NUTS",100,"3026","Středočeský kraj","CISOB",43,"598500","Krty"
"CS","Odvozená vazba","KRAJ_NUTS",100,"3026","Středočeský kraj","CISOB",43,"598518","Žďár"
"CS","Odvozená vazba","KRAJ_NUTS",100,"3026","Středočeský kraj","CISOB",43,"598526","Roztoky"
"CS","Odvozená vazba","KRAJ_NUTS",100,"3026","Středočeský kraj","CISOB",43,"598577","Přerubenice"
"CS","Odvozená vazba","KRAJ_NUTS",100,"3026","Středočeský kraj","CISOB",43,"598585","Nezabudice"
"CS","Odvozená vazba","KRAJ_NUTS",100,"3026","Středočeský kraj","CISOB",43,"599204","Korkyně"
"CS","Odvozená vazba","KRAJ_NUTS",100,"3026","Středočeský kraj","CISOB",43,"599221","Popovičky"
"CS","Odvozená vazba","KRAJ_NUTS",100,"3026","Středočeský kraj","CISOB",43,"599298","Drahenice"
"CS","Odvozená vazba","KRAJ_NUTS",100,"3026","Středočeský kraj","CISOB",43,"599301","Černíky"
"CS","Odvozená vazba","KRAJ_NUTS",100,"3026","Středočeský kraj","CISOB",43,"599361","Strojetice"
"CS","Odvozená vazba","KRAJ_NUTS",100,"3026","Středočeský kraj","CISOB",43,"599379","Stranný"
"CS","Odvozená vazba","KRAJ_NUTS",100,"3026","Středočeský kraj","CISOB",43,"599387","Soutice"
"CS","Odvozená vazba","KRAJ_NUTS",100,"3026","Středočeský kraj","CISOB",43,"599395","Ostrov"
"CS","Odvozená vazba","KRAJ_NUTS",100,"3026","Středočeský kraj","CISOB",43,"599417","Železná"
"CS","Odvozená vazba","KRAJ_NUTS",100,"3026","Středočeský kraj","CISOB",43,"599425","Želenice"
"CS","Odvozená vazba","KRAJ_NUTS",100,"3026","Středočeský kraj","CISOB",43,"599433","Svárov"
"CS","Odvozená vazba","KRAJ_NUTS",100,"3026","Středočeský kraj","CISOB",43,"599441","Stradonice"
"CS","Odvozená vazba","KRAJ_NUTS",100,"3026","Středočeský kraj","CISOB",43,"599450","Grunta"
"CS","Odvozená vazba","KRAJ_NUTS",100,"3026","Středočeský kraj","CISOB",43,"599476","Církvice"
"CS","Odvozená vazba","KRAJ_NUTS",100,"3026","Středočeský kraj","CISOB",43,"599484","Krychnov"
"CS","Odvozená vazba","KRAJ_NUTS",100,"3026","Středočeský kraj","CISOB",43,"599492","Újezdec"
"CS","Odvozená vazba","KRAJ_NUTS",100,"3026","Středočeský kraj","CISOB",43,"599514","Březovice"
"CS","Odvozená vazba","KRAJ_NUTS",100,"3026","Středočeský kraj","CISOB",43,"599522","Husí Lhota"
"CS","Odvozená vazba","KRAJ_NUTS",100,"3026","Středočeský kraj","CISOB",43,"599531","Horní Slivno"
"CS","Odvozená vazba","KRAJ_NUTS",100,"3026","Středočeský kraj","CISOB",43,"599557","Koryta"
"CS","Odvozená vazba","KRAJ_NUTS",100,"3026","Středočeský kraj","CISOB",43,"599573","Sezemice"
"CS","Odvozená vazba","KRAJ_NUTS",100,"3026","Středočeský kraj","CISOB",43,"599581","Jiřice"
"CS","Odvozená vazba","KRAJ_NUTS",100,"3026","Středočeský kraj","CISOB",43,"599590","Podmoky"
"CS","Odvozená vazba","KRAJ_NUTS",100,"3026","Středočeský kraj","CISOB",43,"599611","Vrbice"
"CS","Odvozená vazba","KRAJ_NUTS",100,"3026","Středočeský kraj","CISOB",43,"599620","Chleby"
"CS","Odvozená vazba","KRAJ_NUTS",100,"3026","Středočeský kraj","CISOB",43,"599638","Hrubý Jeseník"
"CS","Odvozená vazba","KRAJ_NUTS",100,"3026","Středočeský kraj","CISOB",43,"599654","Nový Dvůr"
"CS","Odvozená vazba","KRAJ_NUTS",100,"3026","Středočeský kraj","CISOB",43,"599662","Oseček"
"CS","Odvozená vazba","KRAJ_NUTS",100,"3026","Středočeský kraj","CISOB",43,"599671","Čilec"
"CS","Odvozená vazba","KRAJ_NUTS",100,"3026","Středočeský kraj","CISOB",43,"599697","Zbožíčko"
"CS","Odvozená vazba","KRAJ_NUTS",100,"3026","Středočeský kraj","CISOB",43,"599719","Tehovec"
"CS","Odvozená vazba","KRAJ_NUTS",100,"3026","Středočeský kraj","CISOB",43,"599727","Karlík"
"CS","Odvozená vazba","KRAJ_NUTS",100,"3026","Středočeský kraj","CISOB",43,"599735","Březová-Oleško"
"CS","Odvozená vazba","KRAJ_NUTS",100,"3026","Středočeský kraj","CISOB",43,"599751","Modřovice"
"CS","Odvozená vazba","KRAJ_NUTS",100,"3026","Středočeský kraj","CISOB",43,"599760","Račice"
"CS","Odvozená vazba","KRAJ_NUTS",100,"3034","Jihočeský kraj","CISOB",43,"500194","Polná na Šumavě"
"CS","Odvozená vazba","KRAJ_NUTS",100,"3034","Jihočeský kraj","CISOB",43,"507610","Doňov"
"CS","Odvozená vazba","KRAJ_NUTS",100,"3034","Jihočeský kraj","CISOB",43,"507628","Pleše"
"CS","Odvozená vazba","KRAJ_NUTS",100,"3034","Jihočeský kraj","CISOB",43,"507644","Újezdec"
"CS","Odvozená vazba","KRAJ_NUTS",100,"3034","Jihočeský kraj","CISOB",43,"507652","Višňová"
"CS","Odvozená vazba","KRAJ_NUTS",100,"3034","Jihočeský kraj","CISOB",43,"507695","Záhoří"
"CS","Odvozená vazba","KRAJ_NUTS",100,"3034","Jihočeský kraj","CISOB",43,"507717","Peč"
"CS","Odvozená vazba","KRAJ_NUTS",100,"3034","Jihočeský kraj","CISOB",43,"507733","Březina"
"CS","Odvozená vazba","KRAJ_NUTS",100,"3034","Jihočeský kraj","CISOB",43,"507784","Ratiboř"
"CS","Odvozená vazba","KRAJ_NUTS",100,"3034","Jihočeský kraj","CISOB",43,"508004","Roseč"
"CS","Odvozená vazba","KRAJ_NUTS",100,"3034","Jihočeský kraj","CISOB",43,"508152","Střížovice"
"CS","Odvozená vazba","KRAJ_NUTS",100,"3034","Jihočeský kraj","CISOB",43,"508357","Kostelní Vydří"
"CS","Odvozená vazba","KRAJ_NUTS",100,"3034","Jihočeský kraj","CISOB",43,"508501","Lužnice"
"CS","Odvozená vazba","KRAJ_NUTS",100,"3034","Jihočeský kraj","CISOB",43,"508683","Záblatí"
"CS","Odvozená vazba","KRAJ_NUTS",100,"3034","Jihočeský kraj","CISOB",43,"509078","Plavsko"
"CS","Odvozená vazba","KRAJ_NUTS",100,"3034","Jihočeský kraj","CISOB",43,"509108","Kostelní Radouň"
"CS","Odvozená vazba","KRAJ_NUTS",100,"3034","Jihočeský kraj","CISOB",43,"509116","Červený Hrádek"
"CS","Odvozená vazba","KRAJ_NUTS",100,"3034","Jihočeský kraj","CISOB",43,"509141","Dvory nad Lužnicí"
"CS","Odvozená vazba","KRAJ_NUTS",100,"3034","Jihočeský kraj","CISOB",43,"509191","Cep"
"CS","Odvozená vazba","KRAJ_NUTS",100,"3034","Jihočeský kraj","CISOB",43,"509621","Předotice"
"CS","Odvozená vazba","KRAJ_NUTS",100,"3034","Jihočeský kraj","CISOB",43,"509752","Křižanov"
"CS","Odvozená vazba","KRAJ_NUTS",100,"3034","Jihočeský kraj","CISOB",43,"510068","Čečelovice"
"CS","Odvozená vazba","KRAJ_NUTS",100,"3034","Jihočeský kraj","CISOB",43,"513661","Nová Ves"
"CS","Odvozená vazba","KRAJ_NUTS",100,"3034","Jihočeský kraj","CISOB",43,"529729","Kvítkovice"
"CS","Odvozená vazba","KRAJ_NUTS",100,"3034","Jihočeský kraj","CISOB",43,"529753","Dívčí Kopy"
"CS","Odvozená vazba","KRAJ_NUTS",100,"3034","Jihočeský kraj","CISOB",43,"529761","Žďár"
"CS","Odvozená vazba","KRAJ_NUTS",100,"3034","Jihočeský kraj","CISOB",43,"529877","Okrouhlá"
"CS","Odvozená vazba","KRAJ_NUTS",100,"3034","Jihočeský kraj","CISOB",43,"529885","Stehlovice"
"CS","Odvozená vazba","KRAJ_NUTS",100,"3034","Jihočeský kraj","CISOB",43,"529893","Nicov"
"CS","Odvozená vazba","KRAJ_NUTS",100,"3034","Jihočeský kraj","CISOB",43,"529915","Vrbice"
"CS","Odvozená vazba","KRAJ_NUTS",100,"3034","Jihočeský kraj","CISOB",43,"529923","Žárovná"
"CS","Odvozená vazba","KRAJ_NUTS",100,"3034","Jihočeský kraj","CISOB",43,"529966","Buzice"
"CS","Odvozená vazba","KRAJ_NUTS",100,"3034","Jihočeský kraj","CISOB",43,"529982","Chlum"
"CS","Odvozená vazba","KRAJ_NUTS",100,"3034","Jihočeský kraj","CISOB",43,"530018","Březí"
"CS","Odvozená vazba","KRAJ_NUTS",100,"3034","Jihočeský kraj","CISOB",43,"530034","Stožice"
"CS","Odvozená vazba","KRAJ_NUTS",100,"3034","Jihočeský kraj","CISOB",43,"530042","Katov"
"CS","Odvozená vazba","KRAJ_NUTS",100,"3034","Jihočeský kraj","CISOB",43,"535176","Planá"
"CS","Odvozená vazba","KRAJ_NUTS",100,"3034","Jihočeský kraj","CISOB",43,"535206","Dobrá Voda u Českých Budějovic"
"CS","Odvozená vazba","KRAJ_NUTS",100,"3034","Jihočeský kraj","CISOB",43,"535231","Ostrolovský Újezd"
"CS","Odvozená vazba","KRAJ_NUTS",100,"3034","Jihočeský kraj","CISOB",43,"535249","Dasný"
"CS","Odvozená vazba","KRAJ_NUTS",100,"3034","Jihočeský kraj","CISOB",43,"535281","Mydlovary"
"CS","Odvozená vazba","KRAJ_NUTS",100,"3034","Jihočeský kraj","CISOB",43,"535346","Plav"
"CS","Odvozená vazba","KRAJ_NUTS",100,"3034","Jihočeský kraj","CISOB",43,"535371","Nákří"
"CS","Odvozená vazba","KRAJ_NUTS",100,"3034","Jihočeský kraj","CISOB",43,"535401","Bošilec"
"CS","Odvozená vazba","KRAJ_NUTS",100,"3034","Jihočeský kraj","CISOB",43,"535435","Neplachov"
"CS","Odvozená vazba","KRAJ_NUTS",100,"3034","Jihočeský kraj","CISOB",43,"535460","Hradce"
"CS","Odvozená vazba","KRAJ_NUTS",100,"3034","Jihočeský kraj","CISOB",43,"535494","Úsilné"
"CS","Odvozená vazba","KRAJ_NUTS",100,"3034","Jihočeský kraj","CISOB",43,"535524","Hosty"
"CS","Odvozená vazba","KRAJ_NUTS",100,"3034","Jihočeský kraj","CISOB",43,"535541","Čakov"
"CS","Odvozená vazba","KRAJ_NUTS",100,"3034","Jihočeský kraj","CISOB",43,"535575","Habří"
"CS","Odvozená vazba","KRAJ_NUTS",100,"3034","Jihočeský kraj","CISOB",43,"535591","Zvíkov"
"CS","Odvozená vazba","KRAJ_NUTS",100,"3034","Jihočeský kraj","CISOB",43,"535613","Hvozdec"
"CS","Odvozená vazba","KRAJ_NUTS",100,"3034","Jihočeský kraj","CISOB",43,"535648","Nová Ves"
"CS","Odvozená vazba","KRAJ_NUTS",100,"3034","Jihočeský kraj","CISOB",43,"535664","Doubravice"
"CS","Odvozená vazba","KRAJ_NUTS",100,"3034","Jihočeský kraj","CISOB",43,"535681","Borovnice"
"CS","Odvozená vazba","KRAJ_NUTS",100,"3034","Jihočeský kraj","CISOB",43,"535699","Petříkov"
"CS","Odvozená vazba","KRAJ_NUTS",100,"3034","Jihočeský kraj","CISOB",43,"535737","Vidov"
"CS","Odvozená vazba","KRAJ_NUTS",100,"3034","Jihočeský kraj","CISOB",43,"535753","Hůry"
"CS","Odvozená vazba","KRAJ_NUTS",100,"3034","Jihočeský kraj","CISOB",43,"535761","Jivno"
"CS","Odvozená vazba","KRAJ_NUTS",100,"3034","Jihočeský kraj","CISOB",43,"535788","Dubičné"
"CS","Odvozená vazba","KRAJ_NUTS",100,"3034","Jihočeský kraj","CISOB",43,"535796","Vráto"
"CS","Odvozená vazba","KRAJ_NUTS",100,"3034","Jihočeský kraj","CISOB",43,"535800","Libníč"
"CS","Odvozená vazba","KRAJ_NUTS",100,"3034","Jihočeský kraj","CISOB",43,"535826","Adamov"
"CS","Odvozená vazba","KRAJ_NUTS",100,"3034","Jihočeský kraj","CISOB",43,"535842","Mokrý Lom"
"CS","Odvozená vazba","KRAJ_NUTS",100,"3034","Jihočeský kraj","CISOB",43,"535851","Hlavatce"
"CS","Odvozená vazba","KRAJ_NUTS",100,"3034","Jihočeský kraj","CISOB",43,"535877","Komařice"
"CS","Odvozená vazba","KRAJ_NUTS",100,"3034","Jihočeský kraj","CISOB",43,"535893","Vitín"
"CS","Odvozená vazba","KRAJ_NUTS",100,"3034","Jihočeský kraj","CISOB",43,"535907","Chotýčany"
"CS","Odvozená vazba","KRAJ_NUTS",100,"3034","Jihočeský kraj","CISOB",43,"535915","Vlkov"
"CS","Odvozená vazba","KRAJ_NUTS",100,"3034","Jihočeský kraj","CISOB",43,"535940","Mazelov"
"CS","Odvozená vazba","KRAJ_NUTS",100,"3034","Jihočeský kraj","CISOB",43,"535958","Drahotěšice"
"CS","Odvozená vazba","KRAJ_NUTS",100,"3034","Jihočeský kraj","CISOB",43,"535982","Kamenná"
"CS","Odvozená vazba","KRAJ_NUTS",100,"3034","Jihočeský kraj","CISOB",43,"535991","Pištín"
"CS","Odvozená vazba","KRAJ_NUTS",100,"3034","Jihočeský kraj","CISOB",43,"536016","Zahájí"
"CS","Odvozená vazba","KRAJ_NUTS",100,"3034","Jihočeský kraj","CISOB",43,"536032","Strýčice"
"CS","Odvozená vazba","KRAJ_NUTS",100,"3034","Jihočeský kraj","CISOB",43,"536059","Břehov"
"CS","Odvozená vazba","KRAJ_NUTS",100,"3034","Jihočeský kraj","CISOB",43,"536075","Hartmanice"
"CS","Odvozená vazba","KRAJ_NUTS",100,"3034","Jihočeský kraj","CISOB",43,"536105","Horní Kněžeklady"
"CS","Odvozená vazba","KRAJ_NUTS",100,"3034","Jihočeský kraj","CISOB",43,"536156","Bečice"
"CS","Odvozená vazba","KRAJ_NUTS",100,"3034","Jihočeský kraj","CISOB",43,"536199","Dobšice"
"CS","Odvozená vazba","KRAJ_NUTS",100,"3034","Jihočeský kraj","CISOB",43,"536229","Chlumec"
"CS","Odvozená vazba","KRAJ_NUTS",100,"3034","Jihočeský kraj","CISOB",43,"536237","Zvíkov"
"CS","Odvozená vazba","KRAJ_NUTS",100,"3034","Jihočeský kraj","CISOB",43,"536245","Srnín"
"CS","Odvozená vazba","KRAJ_NUTS",100,"3034","Jihočeský kraj","CISOB",43,"536253","Bohdalovice"
"CS","Odvozená vazba","KRAJ_NUTS",100,"3034","Jihočeský kraj","CISOB",43,"536296","Malšín"
"CS","Odvozená vazba","KRAJ_NUTS",100,"3034","Jihočeský kraj","CISOB",43,"536300","Věžovatá Pláně"
"CS","Odvozená vazba","KRAJ_NUTS",100,"3034","Jihočeský kraj","CISOB",43,"536342","Krajníčko"
"CS","Odvozená vazba","KRAJ_NUTS",100,"3034","Jihočeský kraj","CISOB",43,"536369","Hornosín"
"CS","Odvozená vazba","KRAJ_NUTS",100,"3034","Jihočeský kraj","CISOB",43,"536415","Měkynec"
"CS","Odvozená vazba","KRAJ_NUTS",100,"3034","Jihočeský kraj","CISOB",43,"536423","Radějovice"
"CS","Odvozená vazba","KRAJ_NUTS",100,"3034","Jihočeský kraj","CISOB",43,"536466","Mačkov"
"CS","Odvozená vazba","KRAJ_NUTS",100,"3034","Jihočeský kraj","CISOB",43,"536474","Němčice"
"CS","Odvozená vazba","KRAJ_NUTS",100,"3034","Jihočeský kraj","CISOB",43,"536482","Zahorčice"
"CS","Odvozená vazba","KRAJ_NUTS",100,"3034","Jihočeský kraj","CISOB",43,"536504","Vacovice"
"CS","Odvozená vazba","KRAJ_NUTS",100,"3034","Jihočeský kraj","CISOB",43,"536512","Truskovice"
"CS","Odvozená vazba","KRAJ_NUTS",100,"3034","Jihočeský kraj","CISOB",43,"536539","Milejovice"
"CS","Odvozená vazba","KRAJ_NUTS",100,"3034","Jihočeský kraj","CISOB",43,"536547","Přechovice"
"CS","Odvozená vazba","KRAJ_NUTS",100,"3034","Jihočeský kraj","CISOB",43,"536555","Krty-Hradec"
"CS","Odvozená vazba","KRAJ_NUTS",100,"3034","Jihočeský kraj","CISOB",43,"536563","Mnichov"
"CS","Odvozená vazba","KRAJ_NUTS",100,"3034","Jihočeský kraj","CISOB",43,"536598","Tchořovice"
"CS","Odvozená vazba","KRAJ_NUTS",100,"3034","Jihočeský kraj","CISOB",43,"536601","Kocelovice"
"CS","Odvozená vazba","KRAJ_NUTS",100,"3034","Jihočeský kraj","CISOB",43,"536628","Hlupín"
"CS","Odvozená vazba","KRAJ_NUTS",100,"3034","Jihočeský kraj","CISOB",43,"536644","Nebřehovice"
"CS","Odvozená vazba","KRAJ_NUTS",100,"3034","Jihočeský kraj","CISOB",43,"536679","Třešovice"
"CS","Odvozená vazba","KRAJ_NUTS",100,"3034","Jihočeský kraj","CISOB",43,"536695","Úlehle"
"CS","Odvozená vazba","KRAJ_NUTS",100,"3034","Jihočeský kraj","CISOB",43,"536725","Němětice"
"CS","Odvozená vazba","KRAJ_NUTS",100,"3034","Jihočeský kraj","CISOB",43,"536741","Velká Turná"
"CS","Odvozená vazba","KRAJ_NUTS",100,"3034","Jihočeský kraj","CISOB",43,"536750","Kváskovice"
"CS","Odvozená vazba","KRAJ_NUTS",100,"3034","Jihočeský kraj","CISOB",43,"536776","Slaník"
"CS","Odvozená vazba","KRAJ_NUTS",100,"3034","Jihočeský kraj","CISOB",43,"536784","Strunkovice nad Volyňkou"
"CS","Odvozená vazba","KRAJ_NUTS",100,"3034","Jihočeský kraj","CISOB",43,"536792","Přední Zborovice"
"CS","Odvozená vazba","KRAJ_NUTS",100,"3034","Jihočeský kraj","CISOB",43,"536806","Krašlovice"
"CS","Odvozená vazba","KRAJ_NUTS",100,"3034","Jihočeský kraj","CISOB",43,"536822","Lom"
"CS","Odvozená vazba","KRAJ_NUTS",100,"3034","Jihočeský kraj","CISOB",43,"536831","Libětice"
"CS","Odvozená vazba","KRAJ_NUTS",100,"3034","Jihočeský kraj","CISOB",43,"536849","Řepice"
"CS","Odvozená vazba","KRAJ_NUTS",100,"3034","Jihočeský kraj","CISOB",43,"536865","Rovná"
"CS","Odvozená vazba","KRAJ_NUTS",100,"3034","Jihočeský kraj","CISOB",43,"536873","Zvotoky"
"CS","Odvozená vazba","KRAJ_NUTS",100,"3034","Jihočeský kraj","CISOB",43,"536881","Horní Poříčí"
"CS","Odvozená vazba","KRAJ_NUTS",100,"3034","Jihočeský kraj","CISOB",43,"536890","Uzeničky"
"CS","Odvozená vazba","KRAJ_NUTS",100,"3034","Jihočeský kraj","CISOB",43,"536903","Chobot"
"CS","Odvozená vazba","KRAJ_NUTS",100,"3034","Jihočeský kraj","CISOB",43,"536911","Pohorovice"
"CS","Odvozená vazba","KRAJ_NUTS",100,"3034","Jihočeský kraj","CISOB",43,"536920","Štěchovice"
"CS","Odvozená vazba","KRAJ_NUTS",100,"3034","Jihočeský kraj","CISOB",43,"536946","Kalenice"
"CS","Odvozená vazba","KRAJ_NUTS",100,"3034","Jihočeský kraj","CISOB",43,"536954","Krejnice"
"CS","Odvozená vazba","KRAJ_NUTS",100,"3034","Jihočeský kraj","CISOB",43,"536962","Nišovice"
"CS","Odvozená vazba","KRAJ_NUTS",100,"3034","Jihočeský kraj","CISOB",43,"537063","Bratronice"
"CS","Odvozená vazba","KRAJ_NUTS",100,"3034","Jihočeský kraj","CISOB",43,"537071","Lipovice"
"CS","Odvozená vazba","KRAJ_NUTS",100,"3034","Jihočeský kraj","CISOB",43,"537136","Kratušín"
"CS","Odvozená vazba","KRAJ_NUTS",100,"3034","Jihočeský kraj","CISOB",43,"537144","Dvory"
"CS","Odvozená vazba","KRAJ_NUTS",100,"3034","Jihočeský kraj","CISOB",43,"537187","Drslavice"
"CS","Odvozená vazba","KRAJ_NUTS",100,"3034","Jihočeský kraj","CISOB",43,"537195","Zábrdí"
"CS","Odvozená vazba","KRAJ_NUTS",100,"3034","Jihočeský kraj","CISOB",43,"537209","Žernovice"
"CS","Odvozená vazba","KRAJ_NUTS",100,"3034","Jihočeský kraj","CISOB",43,"537241","Babice"
"CS","Odvozená vazba","KRAJ_NUTS",100,"3034","Jihočeský kraj","CISOB",43,"537322","Lužice"
"CS","Odvozená vazba","KRAJ_NUTS",100,"3034","Jihočeský kraj","CISOB",43,"537365","Olšovice"
"CS","Odvozená vazba","KRAJ_NUTS",100,"3034","Jihočeský kraj","CISOB",43,"537381","Mahouš"
"CS","Odvozená vazba","KRAJ_NUTS",100,"3034","Jihočeský kraj","CISOB",43,"537420","Chvalovice"
"CS","Odvozená vazba","KRAJ_NUTS",100,"3034","Jihočeský kraj","CISOB",43,"537519","Buk"
"CS","Odvozená vazba","KRAJ_NUTS",100,"3034","Jihočeský kraj","CISOB",43,"537527","Bohunice"
"CS","Odvozená vazba","KRAJ_NUTS",100,"3034","Jihočeský kraj","CISOB",43,"537535","Újezdec"
"CS","Odvozená vazba","KRAJ_NUTS",100,"3034","Jihočeský kraj","CISOB",43,"537543","Pěčnov"
"CS","Odvozená vazba","KRAJ_NUTS",100,"3034","Jihočeský kraj","CISOB",43,"544256","České Budějovice"
"CS","Odvozená vazba","KRAJ_NUTS",100,"3034","Jihočeský kraj","CISOB",43,"544272","Borek"
"CS","Odvozená vazba","KRAJ_NUTS",100,"3034","Jihočeský kraj","CISOB",43,"544281","Borovany"
"CS","Odvozená vazba","KRAJ_NUTS",100,"3034","Jihočeský kraj","CISOB",43,"544299","Boršov nad Vltavou"
"CS","Odvozená vazba","KRAJ_NUTS",100,"3034","Jihočeský kraj","CISOB",43,"544329","Čejkovice"
"CS","Odvozená vazba","KRAJ_NUTS",100,"3034","Jihočeský kraj","CISOB",43,"544361","Dívčice"
"CS","Odvozená vazba","KRAJ_NUTS",100,"3034","Jihočeský kraj","CISOB",43,"544388","Dolní Bukovsko"
"CS","Odvozená vazba","KRAJ_NUTS",100,"3034","Jihočeský kraj","CISOB",43,"544400","Doudleby"
"CS","Odvozená vazba","KRAJ_NUTS",100,"3034","Jihočeský kraj","CISOB",43,"544426","Dříteň"
"CS","Odvozená vazba","KRAJ_NUTS",100,"3034","Jihočeský kraj","CISOB",43,"544442","Dubné"
"CS","Odvozená vazba","KRAJ_NUTS",100,"3034","Jihočeský kraj","CISOB",43,"544451","Dynín"
"CS","Odvozená vazba","KRAJ_NUTS",100,"3034","Jihočeský kraj","CISOB",43,"544485","Hluboká nad Vltavou"
"CS","Odvozená vazba","KRAJ_NUTS",100,"3034","Jihočeský kraj","CISOB",43,"544493","Homole"
"CS","Odvozená vazba","KRAJ_NUTS",100,"3034","Jihočeský kraj","CISOB",43,"544515","Horní Stropnice"
"CS","Odvozená vazba","KRAJ_NUTS",100,"3034","Jihočeský kraj","CISOB",43,"544523","Hosín"
"CS","Odvozená vazba","KRAJ_NUTS",100,"3034","Jihočeský kraj","CISOB",43,"544540","Hranice"
"CS","Odvozená vazba","KRAJ_NUTS",100,"3034","Jihočeský kraj","CISOB",43,"544558","Hrdějovice"
"CS","Odvozená vazba","KRAJ_NUTS",100,"3034","Jihočeský kraj","CISOB",43,"544591","Chrášťany"
"CS","Odvozená vazba","KRAJ_NUTS",100,"3034","Jihočeský kraj","CISOB",43,"544612","Jankov"
"CS","Odvozená vazba","KRAJ_NUTS",100,"3034","Jihočeský kraj","CISOB",43,"544639","Jílovice"
"CS","Odvozená vazba","KRAJ_NUTS",100,"3034","Jihočeský kraj","CISOB",43,"544663","Kamenný Újezd"
"CS","Odvozená vazba","KRAJ_NUTS",100,"3034","Jihočeský kraj","CISOB",43,"544736","Ledenice"
"CS","Odvozená vazba","KRAJ_NUTS",100,"3034","Jihočeský kraj","CISOB",43,"544744","Libín"
"CS","Odvozená vazba","KRAJ_NUTS",100,"3034","Jihočeský kraj","CISOB",43,"544761","Lipí"
"CS","Odvozená vazba","KRAJ_NUTS",100,"3034","Jihočeský kraj","CISOB",43,"544779","Lišov"
"CS","Odvozená vazba","KRAJ_NUTS",100,"3034","Jihočeský kraj","CISOB",43,"544795","Litvínovice"
"CS","Odvozená vazba","KRAJ_NUTS",100,"3034","Jihočeský kraj","CISOB",43,"544809","Ločenice"
"CS","Odvozená vazba","KRAJ_NUTS",100,"3034","Jihočeský kraj","CISOB",43,"544817","Mladošovice"
"CS","Odvozená vazba","KRAJ_NUTS",100,"3034","Jihočeský kraj","CISOB",43,"544825","Nedabyle"
"CS","Odvozená vazba","KRAJ_NUTS",100,"3034","Jihočeský kraj","CISOB",43,"544868","Nové Hrady"
"CS","Odvozená vazba","KRAJ_NUTS",100,"3034","Jihočeský kraj","CISOB",43,"544884","Olešnice"
"CS","Odvozená vazba","KRAJ_NUTS",100,"3034","Jihočeský kraj","CISOB",43,"544892","Olešník"
"CS","Odvozená vazba","KRAJ_NUTS",100,"3034","Jihočeský kraj","CISOB",43,"544965","Radošovice"
"CS","Odvozená vazba","KRAJ_NUTS",100,"3034","Jihočeský kraj","CISOB",43,"544973","Roudné"
"CS","Odvozená vazba","KRAJ_NUTS",100,"3034","Jihočeský kraj","CISOB",43,"544981","Rudolfov"
"CS","Odvozená vazba","KRAJ_NUTS",100,"3034","Jihočeský kraj","CISOB",43,"545007","Římov"
"CS","Odvozená vazba","KRAJ_NUTS",100,"3034","Jihočeský kraj","CISOB",43,"545015","Sedlec"
"CS","Odvozená vazba","KRAJ_NUTS",100,"3034","Jihočeský kraj","CISOB",43,"545023","Slavče"
"CS","Odvozená vazba","KRAJ_NUTS",100,"3034","Jihočeský kraj","CISOB",43,"545066","Srubec"
"CS","Odvozená vazba","KRAJ_NUTS",100,"3034","Jihočeský kraj","CISOB",43,"545074","Staré Hodějovice"
"CS","Odvozená vazba","KRAJ_NUTS",100,"3034","Jihočeský kraj","CISOB",43,"545082","Strážkovice"
"CS","Odvozená vazba","KRAJ_NUTS",100,"3034","Jihočeský kraj","CISOB",43,"545091","Střížov"
"CS","Odvozená vazba","KRAJ_NUTS",100,"3034","Jihočeský kraj","CISOB",43,"545104","Svatý Jan nad Malší"
"CS","Odvozená vazba","KRAJ_NUTS",100,"3034","Jihočeský kraj","CISOB",43,"545121","Ševětín"
"CS","Odvozená vazba","KRAJ_NUTS",100,"3034","Jihočeský kraj","CISOB",43,"545139","Štěpánovice"
"CS","Odvozená vazba","KRAJ_NUTS",100,"3034","Jihočeský kraj","CISOB",43,"545155","Temelín"
"CS","Odvozená vazba","KRAJ_NUTS",100,"3034","Jihočeský kraj","CISOB",43,"545171","Trhové Sviny"
"CS","Odvozená vazba","KRAJ_NUTS",100,"3034","Jihočeský kraj","CISOB",43,"545201","Týn nad Vltavou"
"CS","Odvozená vazba","KRAJ_NUTS",100,"3034","Jihočeský kraj","CISOB",43,"545228","Včelná"
"CS","Odvozená vazba","KRAJ_NUTS",100,"3034","Jihočeský kraj","CISOB",43,"545261","Vrábče"
"CS","Odvozená vazba","KRAJ_NUTS",100,"3034","Jihočeský kraj","CISOB",43,"545287","Všemyslice"
"CS","Odvozená vazba","KRAJ_NUTS",100,"3034","Jihočeský kraj","CISOB",43,"545317","Záboří"
"CS","Odvozená vazba","KRAJ_NUTS",100,"3034","Jihočeský kraj","CISOB",43,"545341","Zliv"
"CS","Odvozená vazba","KRAJ_NUTS",100,"3034","Jihočeský kraj","CISOB",43,"545368","Žabovřesky"
"CS","Odvozená vazba","KRAJ_NUTS",100,"3034","Jihočeský kraj","CISOB",43,"545376","Žár"
"CS","Odvozená vazba","KRAJ_NUTS",100,"3034","Jihočeský kraj","CISOB",43,"545384","Žimutice"
"CS","Odvozená vazba","KRAJ_NUTS",100,"3034","Jihočeský kraj","CISOB",43,"545392","Český Krumlov"
"CS","Odvozená vazba","KRAJ_NUTS",100,"3034","Jihočeský kraj","CISOB",43,"545406","Benešov nad Černou"
"CS","Odvozená vazba","KRAJ_NUTS",100,"3034","Jihočeský kraj","CISOB",43,"545414","Besednice"
"CS","Odvozená vazba","KRAJ_NUTS",100,"3034","Jihočeský kraj","CISOB",43,"545422","Boletice"
"CS","Odvozená vazba","KRAJ_NUTS",100,"3034","Jihočeský kraj","CISOB",43,"545431","Brloh"
"CS","Odvozená vazba","KRAJ_NUTS",100,"3034","Jihočeský kraj","CISOB",43,"545449","Bujanov"
"CS","Odvozená vazba","KRAJ_NUTS",100,"3034","Jihočeský kraj","CISOB",43,"545457","Černá v Pošumaví"
"CS","Odvozená vazba","KRAJ_NUTS",100,"3034","Jihočeský kraj","CISOB",43,"545465","Dolní Dvořiště"
"CS","Odvozená vazba","KRAJ_NUTS",100,"3034","Jihočeský kraj","CISOB",43,"545473","Dolní Třebonín"
"CS","Odvozená vazba","KRAJ_NUTS",100,"3034","Jihočeský kraj","CISOB",43,"545481","Frymburk"
"CS","Odvozená vazba","KRAJ_NUTS",100,"3034","Jihočeský kraj","CISOB",43,"545490","Holubov"
"CS","Odvozená vazba","KRAJ_NUTS",100,"3034","Jihočeský kraj","CISOB",43,"545503","Horní Dvořiště"
"CS","Odvozená vazba","KRAJ_NUTS",100,"3034","Jihočeský kraj","CISOB",43,"545511","Horní Planá"
"CS","Odvozená vazba","KRAJ_NUTS",100,"3034","Jihočeský kraj","CISOB",43,"545520","Hořice na Šumavě"
"CS","Odvozená vazba","KRAJ_NUTS",100,"3034","Jihočeský kraj","CISOB",43,"545546","Chvalšiny"
"CS","Odvozená vazba","KRAJ_NUTS",100,"3034","Jihočeský kraj","CISOB",43,"545554","Kájov"
"CS","Odvozená vazba","KRAJ_NUTS",100,"3034","Jihočeský kraj","CISOB",43,"545562","Kaplice"
"CS","Odvozená vazba","KRAJ_NUTS",100,"3034","Jihočeský kraj","CISOB",43,"545571","Křemže"
"CS","Odvozená vazba","KRAJ_NUTS",100,"3034","Jihočeský kraj","CISOB",43,"545597","Lipno nad Vltavou"
"CS","Odvozená vazba","KRAJ_NUTS",100,"3034","Jihočeský kraj","CISOB",43,"545601","Loučovice"
"CS","Odvozená vazba","KRAJ_NUTS",100,"3034","Jihočeský kraj","CISOB",43,"545619","Malonty"
"CS","Odvozená vazba","KRAJ_NUTS",100,"3034","Jihočeský kraj","CISOB",43,"545627","Mirkovice"
"CS","Odvozená vazba","KRAJ_NUTS",100,"3034","Jihočeský kraj","CISOB",43,"545643","Netřebice"
"CS","Odvozená vazba","KRAJ_NUTS",100,"3034","Jihočeský kraj","CISOB",43,"545660","Omlenice"
"CS","Odvozená vazba","KRAJ_NUTS",100,"3034","Jihočeský kraj","CISOB",43,"545694","Pohorská Ves"
"CS","Odvozená vazba","KRAJ_NUTS",100,"3034","Jihočeský kraj","CISOB",43,"545716","Přední Výtoň"
"CS","Odvozená vazba","KRAJ_NUTS",100,"3034","Jihočeský kraj","CISOB",43,"545724","Přídolí"
"CS","Odvozená vazba","KRAJ_NUTS",100,"3034","Jihočeský kraj","CISOB",43,"545732","Přísečná"
"CS","Odvozená vazba","KRAJ_NUTS",100,"3034","Jihočeský kraj","CISOB",43,"545767","Rožmberk nad Vltavou"
"CS","Odvozená vazba","KRAJ_NUTS",100,"3034","Jihočeský kraj","CISOB",43,"545775","Rožmitál na Šumavě"
"CS","Odvozená vazba","KRAJ_NUTS",100,"3034","Jihočeský kraj","CISOB",43,"545805","Soběnov"
"CS","Odvozená vazba","KRAJ_NUTS",100,"3034","Jihočeský kraj","CISOB",43,"545813","Světlík"
"CS","Odvozená vazba","KRAJ_NUTS",100,"3034","Jihočeský kraj","CISOB",43,"545821","Velešín"
"CS","Odvozená vazba","KRAJ_NUTS",100,"3034","Jihočeský kraj","CISOB",43,"545830","Větřní"
"CS","Odvozená vazba","KRAJ_NUTS",100,"3034","Jihočeský kraj","CISOB",43,"545848","Vyšší Brod"
"CS","Odvozená vazba","KRAJ_NUTS",100,"3034","Jihočeský kraj","CISOB",43,"545864","Zlatá Koruna"
"CS","Odvozená vazba","KRAJ_NUTS",100,"3034","Jihočeský kraj","CISOB",43,"545872","Zubčice"
"CS","Odvozená vazba","KRAJ_NUTS",100,"3034","Jihočeský kraj","CISOB",43,"545881","Jindřichův Hradec"
"CS","Odvozená vazba","KRAJ_NUTS",100,"3034","Jihočeský kraj","CISOB",43,"545902","Borová Lada"
"CS","Odvozená vazba","KRAJ_NUTS",100,"3034","Jihočeský kraj","CISOB",43,"546020","Budeč"
"CS","Odvozená vazba","KRAJ_NUTS",100,"3034","Jihočeský kraj","CISOB",43,"546038","Budíškovice"
"CS","Odvozená vazba","KRAJ_NUTS",100,"3034","Jihočeský kraj","CISOB",43,"546054","Cizkrajov"
"CS","Odvozená vazba","KRAJ_NUTS",100,"3034","Jihočeský kraj","CISOB",43,"546089","České Velenice"
"CS","Odvozená vazba","KRAJ_NUTS",100,"3034","Jihočeský kraj","CISOB",43,"546097","Český Rudolec"
"CS","Odvozená vazba","KRAJ_NUTS",100,"3034","Jihočeský kraj","CISOB",43,"546101","Číměř"
"CS","Odvozená vazba","KRAJ_NUTS",100,"3034","Jihočeský kraj","CISOB",43,"546127","Dačice"
"CS","Odvozená vazba","KRAJ_NUTS",100,"3034","Jihočeský kraj","CISOB",43,"546143","Dešná"
"CS","Odvozená vazba","KRAJ_NUTS",100,"3034","Jihočeský kraj","CISOB",43,"546151","Deštná"
"CS","Odvozená vazba","KRAJ_NUTS",100,"3034","Jihočeský kraj","CISOB",43,"546291","Hatín"
"CS","Odvozená vazba","KRAJ_NUTS",100,"3034","Jihočeský kraj","CISOB",43,"546305","Heřmaneč"
"CS","Odvozená vazba","KRAJ_NUTS",100,"3034","Jihočeský kraj","CISOB",43,"546364","Horní Pěna"
"CS","Odvozená vazba","KRAJ_NUTS",100,"3034","Jihočeský kraj","CISOB",43,"546381","Horní Radouň"
"CS","Odvozená vazba","KRAJ_NUTS",100,"3034","Jihočeský kraj","CISOB",43,"546402","Hospříz"
"CS","Odvozená vazba","KRAJ_NUTS",100,"3034","Jihočeský kraj","CISOB",43,"546445","Hříšice"
"CS","Odvozená vazba","KRAJ_NUTS",100,"3034","Jihočeský kraj","CISOB",43,"546461","Chlum u Třeboně"
"CS","Odvozená vazba","KRAJ_NUTS",100,"3034","Jihočeský kraj","CISOB",43,"546500","Jarošov nad Nežárkou"
"CS","Odvozená vazba","KRAJ_NUTS",100,"3034","Jihočeský kraj","CISOB",43,"546542","Kardašova Řečice"
"CS","Odvozená vazba","KRAJ_NUTS",100,"3034","Jihočeský kraj","CISOB",43,"546615","Kunžak"
"CS","Odvozená vazba","KRAJ_NUTS",100,"3034","Jihočeský kraj","CISOB",43,"546623","Lásenice"
"CS","Odvozená vazba","KRAJ_NUTS",100,"3034","Jihočeský kraj","CISOB",43,"546666","Lodhéřov"
"CS","Odvozená vazba","KRAJ_NUTS",100,"3034","Jihočeský kraj","CISOB",43,"546674","Lomnice nad Lužnicí"
"CS","Odvozená vazba","KRAJ_NUTS",100,"3034","Jihočeský kraj","CISOB",43,"546712","Majdalena"
"CS","Odvozená vazba","KRAJ_NUTS",100,"3034","Jihočeský kraj","CISOB",43,"546798","Nová Bystřice"
"CS","Odvozená vazba","KRAJ_NUTS",100,"3034","Jihočeský kraj","CISOB",43,"546801","Nová Včelnice"
"CS","Odvozená vazba","KRAJ_NUTS",100,"3034","Jihočeský kraj","CISOB",43,"546844","Novosedly nad Nežárkou"
"CS","Odvozená vazba","KRAJ_NUTS",100,"3034","Jihočeský kraj","CISOB",43,"546917","Písečné"
"CS","Odvozená vazba","KRAJ_NUTS",100,"3034","Jihočeský kraj","CISOB",43,"546968","Pluhův Žďár"
"CS","Odvozená vazba","KRAJ_NUTS",100,"3034","Jihočeský kraj","CISOB",43,"546992","Popelín"
"CS","Odvozená vazba","KRAJ_NUTS",100,"3034","Jihočeský kraj","CISOB",43,"547069","Rapšach"
"CS","Odvozená vazba","KRAJ_NUTS",100,"3034","Jihočeský kraj","CISOB",43,"547085","Rodvínov"
"CS","Odvozená vazba","KRAJ_NUTS",100,"3034","Jihočeský kraj","CISOB",43,"547166","Slavonice"
"CS","Odvozená vazba","KRAJ_NUTS",100,"3034","Jihočeský kraj","CISOB",43,"547204","Staré Hobzí"
"CS","Odvozená vazba","KRAJ_NUTS",100,"3034","Jihočeský kraj","CISOB",43,"547212","Staré Město pod Landštejnem"
"CS","Odvozená vazba","KRAJ_NUTS",100,"3034","Jihočeský kraj","CISOB",43,"547221","Stráž nad Nežárkou"
"CS","Odvozená vazba","KRAJ_NUTS",100,"3034","Jihočeský kraj","CISOB",43,"547239","Strmilov"
"CS","Odvozená vazba","KRAJ_NUTS",100,"3034","Jihočeský kraj","CISOB",43,"547247","Stříbřec"
"CS","Odvozená vazba","KRAJ_NUTS",100,"3034","Jihočeský kraj","CISOB",43,"547263","Studená"
"CS","Odvozená vazba","KRAJ_NUTS",100,"3034","Jihočeský kraj","CISOB",43,"547280","Suchdol nad Lužnicí"
"CS","Odvozená vazba","KRAJ_NUTS",100,"3034","Jihočeský kraj","CISOB",43,"547336","Třeboň"
"CS","Odvozená vazba","KRAJ_NUTS",100,"3034","Jihočeský kraj","CISOB",43,"547441","Volfířov"
"CS","Odvozená vazba","KRAJ_NUTS",100,"3034","Jihočeský kraj","CISOB",43,"547468","Zahrádky"
"CS","Odvozená vazba","KRAJ_NUTS",100,"3034","Jihočeský kraj","CISOB",43,"549240","Písek"
"CS","Odvozená vazba","KRAJ_NUTS",100,"3034","Jihočeský kraj","CISOB",43,"549258","Albrechtice nad Vltavou"
"CS","Odvozená vazba","KRAJ_NUTS",100,"3034","Jihočeský kraj","CISOB",43,"549266","Bernartice"
"CS","Odvozená vazba","KRAJ_NUTS",100,"3034","Jihočeský kraj","CISOB",43,"549291","Božetice"
"CS","Odvozená vazba","KRAJ_NUTS",100,"3034","Jihočeský kraj","CISOB",43,"549304","Branice"
"CS","Odvozená vazba","KRAJ_NUTS",100,"3034","Jihočeský kraj","CISOB",43,"549321","Cerhonice"
"CS","Odvozená vazba","KRAJ_NUTS",100,"3034","Jihočeský kraj","CISOB",43,"549339","Čimelice"
"CS","Odvozená vazba","KRAJ_NUTS",100,"3034","Jihočeský kraj","CISOB",43,"549347","Čížová"
"CS","Odvozená vazba","KRAJ_NUTS",100,"3034","Jihočeský kraj","CISOB",43,"549363","Dobev"
"CS","Odvozená vazba","KRAJ_NUTS",100,"3034","Jihočeský kraj","CISOB",43,"549371","Dražíč"
"CS","Odvozená vazba","KRAJ_NUTS",100,"3034","Jihočeský kraj","CISOB",43,"549380","Drhovle"
"CS","Odvozená vazba","KRAJ_NUTS",100,"3034","Jihočeský kraj","CISOB",43,"549398","Heřmaň"
"CS","Odvozená vazba","KRAJ_NUTS",100,"3034","Jihočeský kraj","CISOB",43,"549410","Hrazany"
"CS","Odvozená vazba","KRAJ_NUTS",100,"3034","Jihočeský kraj","CISOB",43,"549428","Hrejkovice"
"CS","Odvozená vazba","KRAJ_NUTS",100,"3034","Jihočeský kraj","CISOB",43,"549452","Chyšky"
"CS","Odvozená vazba","KRAJ_NUTS",100,"3034","Jihočeský kraj","CISOB",43,"549479","Jetětice"
"CS","Odvozená vazba","KRAJ_NUTS",100,"3034","Jihočeský kraj","CISOB",43,"549487","Kestřany"
"CS","Odvozená vazba","KRAJ_NUTS",100,"3034","Jihočeský kraj","CISOB",43,"549495","Kluky"
"CS","Odvozená vazba","KRAJ_NUTS",100,"3034","Jihočeský kraj","CISOB",43,"549509","Kostelec nad Vltavou"
"CS","Odvozená vazba","KRAJ_NUTS",100,"3034","Jihočeský kraj","CISOB",43,"549517","Kovářov"
"CS","Odvozená vazba","KRAJ_NUTS",100,"3034","Jihočeský kraj","CISOB",43,"549525","Králova Lhota"
"CS","Odvozená vazba","KRAJ_NUTS",100,"3034","Jihočeský kraj","CISOB",43,"549541","Kučeř"
"CS","Odvozená vazba","KRAJ_NUTS",100,"3034","Jihočeský kraj","CISOB",43,"549568","Lety"
"CS","Odvozená vazba","KRAJ_NUTS",100,"3034","Jihočeský kraj","CISOB",43,"549576","Milevsko"
"CS","Odvozená vazba","KRAJ_NUTS",100,"3034","Jihočeský kraj","CISOB",43,"549584","Mirotice"
"CS","Odvozená vazba","KRAJ_NUTS",100,"3034","Jihočeský kraj","CISOB",43,"549592","Mirovice"
"CS","Odvozená vazba","KRAJ_NUTS",100,"3034","Jihočeský kraj","CISOB",43,"549606","Mišovice"
"CS","Odvozená vazba","KRAJ_NUTS",100,"3034","Jihočeský kraj","CISOB",43,"549614","Myslín"
"CS","Odvozená vazba","KRAJ_NUTS",100,"3034","Jihočeský kraj","CISOB",43,"549631","Nadějkov"
"CS","Odvozená vazba","KRAJ_NUTS",100,"3034","Jihočeský kraj","CISOB",43,"549657","Nevězice"
"CS","Odvozená vazba","KRAJ_NUTS",100,"3034","Jihočeský kraj","CISOB",43,"549681","Orlík nad Vltavou"
"CS","Odvozená vazba","KRAJ_NUTS",100,"3034","Jihočeský kraj","CISOB",43,"549703","Oslov"
"CS","Odvozená vazba","KRAJ_NUTS",100,"3034","Jihočeský kraj","CISOB",43,"549711","Ostrovec"
"CS","Odvozená vazba","KRAJ_NUTS",100,"3034","Jihočeský kraj","CISOB",43,"549754","Podolí I"
"CS","Odvozená vazba","KRAJ_NUTS",100,"3034","Jihočeský kraj","CISOB",43,"549771","Protivín"
"CS","Odvozená vazba","KRAJ_NUTS",100,"3034","Jihočeský kraj","CISOB",43,"549797","Přeštěnice"
"CS","Odvozená vazba","KRAJ_NUTS",100,"3034","Jihočeský kraj","CISOB",43,"549801","Putim"
"CS","Odvozená vazba","KRAJ_NUTS",100,"3034","Jihočeský kraj","CISOB",43,"549827","Ražice"
"CS","Odvozená vazba","KRAJ_NUTS",100,"3034","Jihočeský kraj","CISOB",43,"549843","Sepekov"
"CS","Odvozená vazba","KRAJ_NUTS",100,"3034","Jihočeský kraj","CISOB",43,"549851","Skály"
"CS","Odvozená vazba","KRAJ_NUTS",100,"3034","Jihočeský kraj","CISOB",43,"549860","Slabčice"
"CS","Odvozená vazba","KRAJ_NUTS",100,"3034","Jihočeský kraj","CISOB",43,"549878","Smetanova Lhota"
"CS","Odvozená vazba","KRAJ_NUTS",100,"3034","Jihočeský kraj","CISOB",43,"549932","Tálín"
"CS","Odvozená vazba","KRAJ_NUTS",100,"3034","Jihočeský kraj","CISOB",43,"549975","Veselíčko"
"CS","Odvozená vazba","KRAJ_NUTS",100,"3034","Jihočeský kraj","CISOB",43,"549991","Vráž"
"CS","Odvozená vazba","KRAJ_NUTS",100,"3034","Jihočeský kraj","CISOB",43,"550001","Vrcovice"
"CS","Odvozená vazba","KRAJ_NUTS",100,"3034","Jihočeský kraj","CISOB",43,"550027","Záhoří"
"CS","Odvozená vazba","KRAJ_NUTS",100,"3034","Jihočeský kraj","CISOB",43,"550035","Zbelítov"
"CS","Odvozená vazba","KRAJ_NUTS",100,"3034","Jihočeský kraj","CISOB",43,"550043","Zběšičky"
"CS","Odvozená vazba","KRAJ_NUTS",100,"3034","Jihočeský kraj","CISOB",43,"550060","Zhoř"
"CS","Odvozená vazba","KRAJ_NUTS",100,"3034","Jihočeský kraj","CISOB",43,"550094","Prachatice"
"CS","Odvozená vazba","KRAJ_NUTS",100,"3034","Jihočeský kraj","CISOB",43,"550116","Bohumilice"
"CS","Odvozená vazba","KRAJ_NUTS",100,"3034","Jihočeský kraj","CISOB",43,"550124","Bošice"
"CS","Odvozená vazba","KRAJ_NUTS",100,"3034","Jihočeský kraj","CISOB",43,"550159","Bušanovice"
"CS","Odvozená vazba","KRAJ_NUTS",100,"3034","Jihočeský kraj","CISOB",43,"550167","Čkyně"
"CS","Odvozená vazba","KRAJ_NUTS",100,"3034","Jihočeský kraj","CISOB",43,"550183","Dub"
"CS","Odvozená vazba","KRAJ_NUTS",100,"3034","Jihočeský kraj","CISOB",43,"550205","Horní Vltavice"
"CS","Odvozená vazba","KRAJ_NUTS",100,"3034","Jihočeský kraj","CISOB",43,"550221","Hracholusky"
"CS","Odvozená vazba","KRAJ_NUTS",100,"3034","Jihočeský kraj","CISOB",43,"550230","Husinec"
"CS","Odvozená vazba","KRAJ_NUTS",100,"3034","Jihočeský kraj","CISOB",43,"550248","Chlumany"
"CS","Odvozená vazba","KRAJ_NUTS",100,"3034","Jihočeský kraj","CISOB",43,"550264","Chroboly"
"CS","Odvozená vazba","KRAJ_NUTS",100,"3034","Jihočeský kraj","CISOB",43,"550329","Ktiš"
"CS","Odvozená vazba","KRAJ_NUTS",100,"3034","Jihočeský kraj","CISOB",43,"550337","Kvilda"
"CS","Odvozená vazba","KRAJ_NUTS",100,"3034","Jihočeský kraj","CISOB",43,"550345","Lažiště"
"CS","Odvozená vazba","KRAJ_NUTS",100,"3034","Jihočeský kraj","CISOB",43,"550353","Lenora"
"CS","Odvozená vazba","KRAJ_NUTS",100,"3034","Jihočeský kraj","CISOB",43,"550361","Lhenice"
"CS","Odvozená vazba","KRAJ_NUTS",100,"3034","Jihočeský kraj","CISOB",43,"550396","Němčice"
"CS","Odvozená vazba","KRAJ_NUTS",100,"3034","Jihočeský kraj","CISOB",43,"550418","Malovice"
"CS","Odvozená vazba","KRAJ_NUTS",100,"3034","Jihočeský kraj","CISOB",43,"550426","Mičovice"
"CS","Odvozená vazba","KRAJ_NUTS",100,"3034","Jihočeský kraj","CISOB",43,"550434","Nebahovy"
"CS","Odvozená vazba","KRAJ_NUTS",100,"3034","Jihočeský kraj","CISOB",43,"550442","Netolice"
"CS","Odvozená vazba","KRAJ_NUTS",100,"3034","Jihočeský kraj","CISOB",43,"550451","Nová Pec"
"CS","Odvozená vazba","KRAJ_NUTS",100,"3034","Jihočeský kraj","CISOB",43,"550485","Radhostice"
"CS","Odvozená vazba","KRAJ_NUTS",100,"3034","Jihočeský kraj","CISOB",43,"550515","Stachy"
"CS","Odvozená vazba","KRAJ_NUTS",100,"3034","Jihočeský kraj","CISOB",43,"550523","Stožec"
"CS","Odvozená vazba","KRAJ_NUTS",100,"3034","Jihočeský kraj","CISOB",43,"550531","Strážný"
"CS","Odvozená vazba","KRAJ_NUTS",100,"3034","Jihočeský kraj","CISOB",43,"550540","Strunkovice nad Blanicí"
"CS","Odvozená vazba","KRAJ_NUTS",100,"3034","Jihočeský kraj","CISOB",43,"550558","Svatá Maří"
"CS","Odvozená vazba","KRAJ_NUTS",100,"3034","Jihočeský kraj","CISOB",43,"550574","Šumavské Hoštice"
"CS","Odvozená vazba","KRAJ_NUTS",100,"3034","Jihočeský kraj","CISOB",43,"550582","Těšovice"
"CS","Odvozená vazba","KRAJ_NUTS",100,"3034","Jihočeský kraj","CISOB",43,"550604","Tvrzice"
"CS","Odvozená vazba","KRAJ_NUTS",100,"3034","Jihočeský kraj","CISOB",43,"550621","Vacov"
"CS","Odvozená vazba","KRAJ_NUTS",100,"3034","Jihočeský kraj","CISOB",43,"550647","Vimperk"
"CS","Odvozená vazba","KRAJ_NUTS",100,"3034","Jihočeský kraj","CISOB",43,"550655","Vitějovice"
"CS","Odvozená vazba","KRAJ_NUTS",100,"3034","Jihočeský kraj","CISOB",43,"550663","Vlachovo Březí"
"CS","Odvozená vazba","KRAJ_NUTS",100,"3034","Jihočeský kraj","CISOB",43,"550671","Volary"
"CS","Odvozená vazba","KRAJ_NUTS",100,"3034","Jihočeský kraj","CISOB",43,"550680","Záblatí"
"CS","Odvozená vazba","KRAJ_NUTS",100,"3034","Jihočeský kraj","CISOB",43,"550698","Zálezly"
"CS","Odvozená vazba","KRAJ_NUTS",100,"3034","Jihočeský kraj","CISOB",43,"550701","Zbytiny"
"CS","Odvozená vazba","KRAJ_NUTS",100,"3034","Jihočeský kraj","CISOB",43,"550728","Zdíkov"
"CS","Odvozená vazba","KRAJ_NUTS",100,"3034","Jihočeský kraj","CISOB",43,"550761","Želnava"
"CS","Odvozená vazba","KRAJ_NUTS",100,"3034","Jihočeský kraj","CISOB",43,"550787","Strakonice"
"CS","Odvozená vazba","KRAJ_NUTS",100,"3034","Jihočeský kraj","CISOB",43,"550809","Bavorov"
"CS","Odvozená vazba","KRAJ_NUTS",100,"3034","Jihočeský kraj","CISOB",43,"550817","Bělčice"
"CS","Odvozená vazba","KRAJ_NUTS",100,"3034","Jihočeský kraj","CISOB",43,"550833","Bílsko"
"CS","Odvozená vazba","KRAJ_NUTS",100,"3034","Jihočeský kraj","CISOB",43,"550850","Blatná"
"CS","Odvozená vazba","KRAJ_NUTS",100,"3034","Jihočeský kraj","CISOB",43,"550906","Cehnice"
"CS","Odvozená vazba","KRAJ_NUTS",100,"3034","Jihočeský kraj","CISOB",43,"550922","Čejetice"
"CS","Odvozená vazba","KRAJ_NUTS",100,"3034","Jihočeský kraj","CISOB",43,"550949","Čepřovice"
"CS","Odvozená vazba","KRAJ_NUTS",100,"3034","Jihočeský kraj","CISOB",43,"550957","Čestice"
"CS","Odvozená vazba","KRAJ_NUTS",100,"3034","Jihočeský kraj","CISOB",43,"550965","Číčenice"
"CS","Odvozená vazba","KRAJ_NUTS",100,"3034","Jihočeský kraj","CISOB",43,"550981","Doubravice"
"CS","Odvozená vazba","KRAJ_NUTS",100,"3034","Jihočeský kraj","CISOB",43,"551015","Drahonice"
"CS","Odvozená vazba","KRAJ_NUTS",100,"3034","Jihočeský kraj","CISOB",43,"551023","Drážov"
"CS","Odvozená vazba","KRAJ_NUTS",100,"3034","Jihočeský kraj","CISOB",43,"551040","Dřešín"
"CS","Odvozená vazba","KRAJ_NUTS",100,"3034","Jihočeský kraj","CISOB",43,"551104","Hoslovice"
"CS","Odvozená vazba","KRAJ_NUTS",100,"3034","Jihočeský kraj","CISOB",43,"551121","Hoštice"
"CS","Odvozená vazba","KRAJ_NUTS",100,"3034","Jihočeský kraj","CISOB",43,"551139","Chelčice"
"CS","Odvozená vazba","KRAJ_NUTS",100,"3034","Jihočeský kraj","CISOB",43,"551155","Chrášťovice"
"CS","Odvozená vazba","KRAJ_NUTS",100,"3034","Jihočeský kraj","CISOB",43,"551163","Jinín"
"CS","Odvozená vazba","KRAJ_NUTS",100,"3034","Jihočeský kraj","CISOB",43,"551180","Kadov"
"CS","Odvozená vazba","KRAJ_NUTS",100,"3034","Jihočeský kraj","CISOB",43,"551201","Katovice"
"CS","Odvozená vazba","KRAJ_NUTS",100,"3034","Jihočeský kraj","CISOB",43,"551261","Kraselov"
"CS","Odvozená vazba","KRAJ_NUTS",100,"3034","Jihočeský kraj","CISOB",43,"551333","Libějovice"
"CS","Odvozená vazba","KRAJ_NUTS",100,"3034","Jihočeský kraj","CISOB",43,"551341","Litochovice"
"CS","Odvozená vazba","KRAJ_NUTS",100,"3034","Jihočeský kraj","CISOB",43,"551350","Lnáře"
"CS","Odvozená vazba","KRAJ_NUTS",100,"3034","Jihočeský kraj","CISOB",43,"551384","Malenice"
"CS","Odvozená vazba","KRAJ_NUTS",100,"3034","Jihočeský kraj","CISOB",43,"551392","Mečichov"
"CS","Odvozená vazba","KRAJ_NUTS",100,"3034","Jihočeský kraj","CISOB",43,"551414","Miloňovice"
"CS","Odvozená vazba","KRAJ_NUTS",100,"3034","Jihočeský kraj","CISOB",43,"551473","Myštice"
"CS","Odvozená vazba","KRAJ_NUTS",100,"3034","Jihočeský kraj","CISOB",43,"551490","Branišov"
"CS","Odvozená vazba","KRAJ_NUTS",100,"3034","Jihočeský kraj","CISOB",43,"551503","Čížkrajice"
"CS","Odvozená vazba","KRAJ_NUTS",100,"3034","Jihočeský kraj","CISOB",43,"551520","Nihošovice"
"CS","Odvozená vazba","KRAJ_NUTS",100,"3034","Jihočeský kraj","CISOB",43,"551538","Střítež"
"CS","Odvozená vazba","KRAJ_NUTS",100,"3034","Jihočeský kraj","CISOB",43,"551554","Novosedly"
"CS","Odvozená vazba","KRAJ_NUTS",100,"3034","Jihočeský kraj","CISOB",43,"551562","Osek"
"CS","Odvozená vazba","KRAJ_NUTS",100,"3034","Jihočeský kraj","CISOB",43,"551571","Paračov"
"CS","Odvozená vazba","KRAJ_NUTS",100,"3034","Jihočeský kraj","CISOB",43,"551597","Hajany"
"CS","Odvozená vazba","KRAJ_NUTS",100,"3034","Jihočeský kraj","CISOB",43,"551601","Turovec"
"CS","Odvozená vazba","KRAJ_NUTS",100,"3034","Jihočeský kraj","CISOB",43,"551619","Pracejovice"
"CS","Odvozená vazba","KRAJ_NUTS",100,"3034","Jihočeský kraj","CISOB",43,"551627","Předmíř"
"CS","Odvozená vazba","KRAJ_NUTS",100,"3034","Jihočeský kraj","CISOB",43,"551635","Předslavice"
"CS","Odvozená vazba","KRAJ_NUTS",100,"3034","Jihočeský kraj","CISOB",43,"551643","Přešťovice"
"CS","Odvozená vazba","KRAJ_NUTS",100,"3034","Jihočeský kraj","CISOB",43,"551660","Radomyšl"
"CS","Odvozená vazba","KRAJ_NUTS",100,"3034","Jihočeský kraj","CISOB",43,"551678","Radošovice"
"CS","Odvozená vazba","KRAJ_NUTS",100,"3034","Jihočeský kraj","CISOB",43,"551716","Sedlice"
"CS","Odvozená vazba","KRAJ_NUTS",100,"3034","Jihočeský kraj","CISOB",43,"551741","Skočice"
"CS","Odvozená vazba","KRAJ_NUTS",100,"3034","Jihočeský kraj","CISOB",43,"551759","Sousedovice"
"CS","Odvozená vazba","KRAJ_NUTS",100,"3034","Jihočeský kraj","CISOB",43,"551775","Strašice"
"CS","Odvozená vazba","KRAJ_NUTS",100,"3034","Jihočeský kraj","CISOB",43,"551791","Střelské Hoštice"
"CS","Odvozená vazba","KRAJ_NUTS",100,"3034","Jihočeský kraj","CISOB",43,"551830","Škvořetice"
"CS","Odvozená vazba","KRAJ_NUTS",100,"3034","Jihočeský kraj","CISOB",43,"551856","Štěkeň"
"CS","Odvozená vazba","KRAJ_NUTS",100,"3034","Jihočeský kraj","CISOB",43,"551899","Třebohostice"
"CS","Odvozená vazba","KRAJ_NUTS",100,"3034","Jihočeský kraj","CISOB",43,"551937","Uzenice"
"CS","Odvozená vazba","KRAJ_NUTS",100,"3034","Jihočeský kraj","CISOB",43,"551953","Vodňany"
"CS","Odvozená vazba","KRAJ_NUTS",100,"3034","Jihočeský kraj","CISOB",43,"551961","Volenice"
"CS","Odvozená vazba","KRAJ_NUTS",100,"3034","Jihočeský kraj","CISOB",43,"551970","Volyně"
"CS","Odvozená vazba","KRAJ_NUTS",100,"3034","Jihočeský kraj","CISOB",43,"551988","Záboří"
"CS","Odvozená vazba","KRAJ_NUTS",100,"3034","Jihočeský kraj","CISOB",43,"552046","Tábor"
"CS","Odvozená vazba","KRAJ_NUTS",100,"3034","Jihočeský kraj","CISOB",43,"552054","Bechyně"
"CS","Odvozená vazba","KRAJ_NUTS",100,"3034","Jihočeský kraj","CISOB",43,"552097","Borkovice"
"CS","Odvozená vazba","KRAJ_NUTS",100,"3034","Jihočeský kraj","CISOB",43,"552101","Borotín"
"CS","Odvozená vazba","KRAJ_NUTS",100,"3034","Jihočeský kraj","CISOB",43,"552127","Bradáčov"
"CS","Odvozená vazba","KRAJ_NUTS",100,"3034","Jihočeský kraj","CISOB",43,"552135","Březnice"
"CS","Odvozená vazba","KRAJ_NUTS",100,"3034","Jihočeský kraj","CISOB",43,"552143","Budislav"
"CS","Odvozená vazba","KRAJ_NUTS",100,"3034","Jihočeský kraj","CISOB",43,"552208","Dírná"
"CS","Odvozená vazba","KRAJ_NUTS",100,"3034","Jihočeský kraj","CISOB",43,"552224","Dobronice u Bechyně"
"CS","Odvozená vazba","KRAJ_NUTS",100,"3034","Jihočeský kraj","CISOB",43,"552241","Dolní Hořice"
"CS","Odvozená vazba","KRAJ_NUTS",100,"3034","Jihočeský kraj","CISOB",43,"552275","Dráchov"
"CS","Odvozená vazba","KRAJ_NUTS",100,"3034","Jihočeský kraj","CISOB",43,"552283","Dražice"
"CS","Odvozená vazba","KRAJ_NUTS",100,"3034","Jihočeský kraj","CISOB",43,"552291","Dražičky"
"CS","Odvozená vazba","KRAJ_NUTS",100,"3034","Jihočeský kraj","CISOB",43,"552321","Hlavatce"
"CS","Odvozená vazba","KRAJ_NUTS",100,"3034","Jihočeský kraj","CISOB",43,"552453","Chotěmice"
"CS","Odvozená vazba","KRAJ_NUTS",100,"3034","Jihočeský kraj","CISOB",43,"552461","Chotoviny"
"CS","Odvozená vazba","KRAJ_NUTS",100,"3034","Jihočeský kraj","CISOB",43,"552470","Choustník"
"CS","Odvozená vazba","KRAJ_NUTS",100,"3034","Jihočeský kraj","CISOB",43,"552496","Chýnov"
"CS","Odvozená vazba","KRAJ_NUTS",100,"3034","Jihočeský kraj","CISOB",43,"552534","Jistebnice"
"CS","Odvozená vazba","KRAJ_NUTS",100,"3034","Jihočeský kraj","CISOB",43,"552585","Košice"
"CS","Odvozená vazba","KRAJ_NUTS",100,"3034","Jihočeský kraj","CISOB",43,"552666","Malšice"
"CS","Odvozená vazba","KRAJ_NUTS",100,"3034","Jihočeský kraj","CISOB",43,"552704","Mladá Vožice"
"CS","Odvozená vazba","KRAJ_NUTS",100,"3034","Jihočeský kraj","CISOB",43,"552712","Mlýny"
"CS","Odvozená vazba","KRAJ_NUTS",100,"3034","Jihočeský kraj","CISOB",43,"552721","Myslkovice"
"CS","Odvozená vazba","KRAJ_NUTS",100,"3034","Jihočeský kraj","CISOB",43,"552747","Nemyšl"
"CS","Odvozená vazba","KRAJ_NUTS",100,"3034","Jihočeský kraj","CISOB",43,"552763","Nová Ves u Chýnova"
"CS","Odvozená vazba","KRAJ_NUTS",100,"3034","Jihočeský kraj","CISOB",43,"552798","Oldřichov"
"CS","Odvozená vazba","KRAJ_NUTS",100,"3034","Jihočeský kraj","CISOB",43,"552801","Opařany"
"CS","Odvozená vazba","KRAJ_NUTS",100,"3034","Jihočeský kraj","CISOB",43,"552828","Planá nad Lužnicí"
"CS","Odvozená vazba","KRAJ_NUTS",100,"3034","Jihočeský kraj","CISOB",43,"552852","Pohnání"
"CS","Odvozená vazba","KRAJ_NUTS",100,"3034","Jihočeský kraj","CISOB",43,"552861","Pojbuky"
"CS","Odvozená vazba","KRAJ_NUTS",100,"3034","Jihočeský kraj","CISOB",43,"552895","Přehořov"
"CS","Odvozená vazba","KRAJ_NUTS",100,"3034","Jihočeský kraj","CISOB",43,"552917","Radenín"
"CS","Odvozená vazba","KRAJ_NUTS",100,"3034","Jihočeský kraj","CISOB",43,"552925","Radětice"
"CS","Odvozená vazba","KRAJ_NUTS",100,"3034","Jihočeský kraj","CISOB",43,"552933","Radimovice u Želče"
"CS","Odvozená vazba","KRAJ_NUTS",100,"3034","Jihočeský kraj","CISOB",43,"552941","Radkov"
"CS","Odvozená vazba","KRAJ_NUTS",100,"3034","Jihočeský kraj","CISOB",43,"552976","Rataje"
"CS","Odvozená vazba","KRAJ_NUTS",100,"3034","Jihočeský kraj","CISOB",43,"552992","Ratibořské Hory"
"CS","Odvozená vazba","KRAJ_NUTS",100,"3034","Jihočeský kraj","CISOB",43,"553018","Roudná"
"CS","Odvozená vazba","KRAJ_NUTS",100,"3034","Jihočeský kraj","CISOB",43,"553034","Řepeč"
"CS","Odvozená vazba","KRAJ_NUTS",100,"3034","Jihočeský kraj","CISOB",43,"553069","Sezimovo Ústí"
"CS","Odvozená vazba","KRAJ_NUTS",100,"3034","Jihočeský kraj","CISOB",43,"553077","Skalice"
"CS","Odvozená vazba","KRAJ_NUTS",100,"3034","Jihočeský kraj","CISOB",43,"553085","Skopytce"
"CS","Odvozená vazba","KRAJ_NUTS",100,"3034","Jihočeský kraj","CISOB",43,"553123","Smilovy Hory"
"CS","Odvozená vazba","KRAJ_NUTS",100,"3034","Jihočeský kraj","CISOB",43,"553131","Soběslav"
"CS","Odvozená vazba","KRAJ_NUTS",100,"3034","Jihočeský kraj","CISOB",43,"553140","Stádlec"
"CS","Odvozená vazba","KRAJ_NUTS",100,"3034","Jihočeský kraj","CISOB",43,"553166","Sudoměřice u Bechyně"
"CS","Odvozená vazba","KRAJ_NUTS",100,"3034","Jihočeský kraj","CISOB",43,"553174","Sudoměřice u Tábora"
"CS","Odvozená vazba","KRAJ_NUTS",100,"3034","Jihočeský kraj","CISOB",43,"553182","Sviny"
"CS","Odvozená vazba","KRAJ_NUTS",100,"3034","Jihočeský kraj","CISOB",43,"553204","Šebířov"
"CS","Odvozená vazba","KRAJ_NUTS",100,"3034","Jihočeský kraj","CISOB",43,"553239","Tučapy"
"CS","Odvozená vazba","KRAJ_NUTS",100,"3034","Jihočeský kraj","CISOB",43,"553255","Val"
"CS","Odvozená vazba","KRAJ_NUTS",100,"3034","Jihočeský kraj","CISOB",43,"553263","Vesce"
"CS","Odvozená vazba","KRAJ_NUTS",100,"3034","Jihočeský kraj","CISOB",43,"553271","Veselí nad Lužnicí"
"CS","Odvozená vazba","KRAJ_NUTS",100,"3034","Jihočeský kraj","CISOB",43,"553280","Vilice"
"CS","Odvozená vazba","KRAJ_NUTS",100,"3034","Jihočeský kraj","CISOB",43,"553298","Vlastiboř"
"CS","Odvozená vazba","KRAJ_NUTS",100,"3034","Jihočeský kraj","CISOB",43,"553310","Vlkov"
"CS","Odvozená vazba","KRAJ_NUTS",100,"3034","Jihočeský kraj","CISOB",43,"553328","Vodice"
"CS","Odvozená vazba","KRAJ_NUTS",100,"3034","Jihočeský kraj","CISOB",43,"553361","Zálší"
"CS","Odvozená vazba","KRAJ_NUTS",100,"3034","Jihočeský kraj","CISOB",43,"553409","Zvěrotice"
"CS","Odvozená vazba","KRAJ_NUTS",100,"3034","Jihočeský kraj","CISOB",43,"553417","Želeč"
"CS","Odvozená vazba","KRAJ_NUTS",100,"3034","Jihočeský kraj","CISOB",43,"559016","Nasavrky"
"CS","Odvozená vazba","KRAJ_NUTS",100,"3034","Jihočeský kraj","CISOB",43,"560171","Budyně"
"CS","Odvozená vazba","KRAJ_NUTS",100,"3034","Jihočeský kraj","CISOB",43,"560197","Lažany"
"CS","Odvozená vazba","KRAJ_NUTS",100,"3034","Jihočeský kraj","CISOB",43,"560201","Nová Ves"
"CS","Odvozená vazba","KRAJ_NUTS",100,"3034","Jihočeský kraj","CISOB",43,"560219","Drachkov"
"CS","Odvozená vazba","KRAJ_NUTS",100,"3034","Jihočeský kraj","CISOB",43,"560243","Droužetice"
"CS","Odvozená vazba","KRAJ_NUTS",100,"3034","Jihočeský kraj","CISOB",43,"560278","Mutěnice"
"CS","Odvozená vazba","KRAJ_NUTS",100,"3034","Jihočeský kraj","CISOB",43,"560391","Kuřimany"
"CS","Odvozená vazba","KRAJ_NUTS",100,"3034","Jihočeský kraj","CISOB",43,"560405","Kladruby"
"CS","Odvozená vazba","KRAJ_NUTS",100,"3034","Jihočeský kraj","CISOB",43,"560430","Zhoř u Tábora"
"CS","Odvozená vazba","KRAJ_NUTS",100,"3034","Jihočeský kraj","CISOB",43,"560448","Běleč"
"CS","Odvozená vazba","KRAJ_NUTS",100,"3034","Jihočeský kraj","CISOB",43,"560481","Hlasivo"
"CS","Odvozená vazba","KRAJ_NUTS",100,"3034","Jihočeský kraj","CISOB",43,"560511","Řemíčov"
"CS","Odvozená vazba","KRAJ_NUTS",100,"3034","Jihočeský kraj","CISOB",43,"560529","Dolní Hrachovice"
"CS","Odvozená vazba","KRAJ_NUTS",100,"3034","Jihočeský kraj","CISOB",43,"560553","Pohnánec"
"CS","Odvozená vazba","KRAJ_NUTS",100,"3034","Jihočeský kraj","CISOB",43,"560626","Rodná"
"CS","Odvozená vazba","KRAJ_NUTS",100,"3034","Jihočeský kraj","CISOB",43,"560634","Krátošice"
"CS","Odvozená vazba","KRAJ_NUTS",100,"3034","Jihočeský kraj","CISOB",43,"560669","Skrýchov u Malšic"
"CS","Odvozená vazba","KRAJ_NUTS",100,"3034","Jihočeský kraj","CISOB",43,"560987","Drunče"
"CS","Odvozená vazba","KRAJ_NUTS",100,"3034","Jihočeský kraj","CISOB",43,"560995","Rosička"
"CS","Odvozená vazba","KRAJ_NUTS",100,"3034","Jihočeský kraj","CISOB",43,"561029","Světce"
"CS","Odvozená vazba","KRAJ_NUTS",100,"3034","Jihočeský kraj","CISOB",43,"561037","Vícemil"
"CS","Odvozená vazba","KRAJ_NUTS",100,"3034","Jihočeský kraj","CISOB",43,"561045","Smržov"
"CS","Odvozená vazba","KRAJ_NUTS",100,"3034","Jihočeský kraj","CISOB",43,"561053","Bednáreček"
"CS","Odvozená vazba","KRAJ_NUTS",100,"3034","Jihočeský kraj","CISOB",43,"561061","Horní Skrýchov"
"CS","Odvozená vazba","KRAJ_NUTS",100,"3034","Jihočeský kraj","CISOB",43,"561070","Pístina"
"CS","Odvozená vazba","KRAJ_NUTS",100,"3034","Jihočeský kraj","CISOB",43,"561088","Příbraz"
"CS","Odvozená vazba","KRAJ_NUTS",100,"3034","Jihočeský kraj","CISOB",43,"561509","Probulov"
"CS","Odvozená vazba","KRAJ_NUTS",100,"3034","Jihočeský kraj","CISOB",43,"561517","Přeborov"
"CS","Odvozená vazba","KRAJ_NUTS",100,"3034","Jihočeský kraj","CISOB",43,"561525","Horosedly"
"CS","Odvozená vazba","KRAJ_NUTS",100,"3034","Jihočeský kraj","CISOB",43,"561550","Kožlí"
"CS","Odvozená vazba","KRAJ_NUTS",100,"3034","Jihočeský kraj","CISOB",43,"561568","Nové Hutě"
"CS","Odvozená vazba","KRAJ_NUTS",100,"3034","Jihočeský kraj","CISOB",43,"561576","Budkov"
"CS","Odvozená vazba","KRAJ_NUTS",100,"3034","Jihočeský kraj","CISOB",43,"561649","Lčovice"
"CS","Odvozená vazba","KRAJ_NUTS",100,"3034","Jihočeský kraj","CISOB",43,"561673","Křišťanov"
"CS","Odvozená vazba","KRAJ_NUTS",100,"3034","Jihočeský kraj","CISOB",43,"561690","Hájek"
"CS","Odvozená vazba","KRAJ_NUTS",100,"3034","Jihočeský kraj","CISOB",43,"561703","Člunek"
"CS","Odvozená vazba","KRAJ_NUTS",100,"3034","Jihočeský kraj","CISOB",43,"561711","Blažejov"
"CS","Odvozená vazba","KRAJ_NUTS",100,"3034","Jihočeský kraj","CISOB",43,"562068","Rakovice"
"CS","Odvozená vazba","KRAJ_NUTS",100,"3034","Jihočeský kraj","CISOB",43,"562084","Jickovice"
"CS","Odvozená vazba","KRAJ_NUTS",100,"3034","Jihočeský kraj","CISOB",43,"562122","Boudy"
"CS","Odvozená vazba","KRAJ_NUTS",100,"3034","Jihočeský kraj","CISOB",43,"562149","Minice"
"CS","Odvozená vazba","KRAJ_NUTS",100,"3034","Jihočeský kraj","CISOB",43,"562157","Nerestce"
"CS","Odvozená vazba","KRAJ_NUTS",100,"3034","Jihočeský kraj","CISOB",43,"562165","Zvíkovské Podhradí"
"CS","Odvozená vazba","KRAJ_NUTS",100,"3034","Jihočeský kraj","CISOB",43,"562181","Křenovice"
"CS","Odvozená vazba","KRAJ_NUTS",100,"3034","Jihočeský kraj","CISOB",43,"562190","Olešná"
"CS","Odvozená vazba","KRAJ_NUTS",100,"3034","Jihočeský kraj","CISOB",43,"562211","Varvažov"
"CS","Odvozená vazba","KRAJ_NUTS",100,"3034","Jihočeský kraj","CISOB",43,"562254","Paseky"
"CS","Odvozená vazba","KRAJ_NUTS",100,"3034","Jihočeský kraj","CISOB",43,"562271","Temešvár"
"CS","Odvozená vazba","KRAJ_NUTS",100,"3034","Jihočeský kraj","CISOB",43,"562289","Vojníkov"
"CS","Odvozená vazba","KRAJ_NUTS",100,"3034","Jihočeský kraj","CISOB",43,"562301","Dolní Novosedly"
"CS","Odvozená vazba","KRAJ_NUTS",100,"3034","Jihočeský kraj","CISOB",43,"562319","Horní Slatina"
"CS","Odvozená vazba","KRAJ_NUTS",100,"3034","Jihočeský kraj","CISOB",43,"562327","Třebětice"
"CS","Odvozená vazba","KRAJ_NUTS",100,"3034","Jihočeský kraj","CISOB",43,"562360","Nová Ves nad Lužnicí"
"CS","Odvozená vazba","KRAJ_NUTS",100,"3034","Jihočeský kraj","CISOB",43,"562378","Staňkov"
"CS","Odvozená vazba","KRAJ_NUTS",100,"3034","Jihočeský kraj","CISOB",43,"562386","Hamr"
"CS","Odvozená vazba","KRAJ_NUTS",100,"3034","Jihočeský kraj","CISOB",43,"562416","Dobrohošť"
"CS","Odvozená vazba","KRAJ_NUTS",100,"3034","Jihočeský kraj","CISOB",43,"562424","Županovice"
"CS","Odvozená vazba","KRAJ_NUTS",100,"3034","Jihočeský kraj","CISOB",43,"562459","Polště"
"CS","Odvozená vazba","KRAJ_NUTS",100,"3034","Jihočeský kraj","CISOB",43,"562467","Dolní Pěna"
"CS","Odvozená vazba","KRAJ_NUTS",100,"3034","Jihočeský kraj","CISOB",43,"562475","Okrouhlá Radouň"
"CS","Odvozená vazba","KRAJ_NUTS",100,"3034","Jihočeský kraj","CISOB",43,"562491","Kačlehy"
"CS","Odvozená vazba","KRAJ_NUTS",100,"3034","Jihočeský kraj","CISOB",43,"562548","Bednárec"
"CS","Odvozená vazba","KRAJ_NUTS",100,"3034","Jihočeský kraj","CISOB",43,"562599","Velký Ratmírov"
"CS","Odvozená vazba","KRAJ_NUTS",100,"3034","Jihočeský kraj","CISOB",43,"562602","Dolní Žďár"
"CS","Odvozená vazba","KRAJ_NUTS",100,"3034","Jihočeský kraj","CISOB",43,"562629","Vydří"
"CS","Odvozená vazba","KRAJ_NUTS",100,"3034","Jihočeský kraj","CISOB",43,"562637","Frahelž"
"CS","Odvozená vazba","KRAJ_NUTS",100,"3034","Jihočeský kraj","CISOB",43,"562653","Ponědrážka"
"CS","Odvozená vazba","KRAJ_NUTS",100,"3034","Jihočeský kraj","CISOB",43,"562670","Ponědraž"
"CS","Odvozená vazba","KRAJ_NUTS",100,"3034","Jihočeský kraj","CISOB",43,"562688","Klec"
"CS","Odvozená vazba","KRAJ_NUTS",100,"3034","Jihočeský kraj","CISOB",43,"562696","Hadravova Rosička"
"CS","Odvozená vazba","KRAJ_NUTS",100,"3034","Jihočeský kraj","CISOB",43,"562726","Báňovice"
"CS","Odvozená vazba","KRAJ_NUTS",100,"3034","Jihočeský kraj","CISOB",43,"562734","Nová Olešná"
"CS","Odvozená vazba","KRAJ_NUTS",100,"3034","Jihočeský kraj","CISOB",43,"562742","Bořetín"
"CS","Odvozená vazba","KRAJ_NUTS",100,"3034","Jihočeský kraj","CISOB",43,"562769","Jilem"
"CS","Odvozená vazba","KRAJ_NUTS",100,"3034","Jihočeský kraj","CISOB",43,"562785","Horní Němčice"
"CS","Odvozená vazba","KRAJ_NUTS",100,"3034","Jihočeský kraj","CISOB",43,"562807","Halámky"
"CS","Odvozená vazba","KRAJ_NUTS",100,"3034","Jihočeský kraj","CISOB",43,"562815","Dunajovice"
"CS","Odvozená vazba","KRAJ_NUTS",100,"3034","Jihočeský kraj","CISOB",43,"562831","Hrachoviště"
"CS","Odvozená vazba","KRAJ_NUTS",100,"3034","Jihočeský kraj","CISOB",43,"562840","Domanín"
"CS","Odvozená vazba","KRAJ_NUTS",100,"3034","Jihočeský kraj","CISOB",43,"562866","Mažice"
"CS","Odvozená vazba","KRAJ_NUTS",100,"3034","Jihočeský kraj","CISOB",43,"562904","Hodonice"
"CS","Odvozená vazba","KRAJ_NUTS",100,"3034","Jihočeský kraj","CISOB",43,"562955","Košín"
"CS","Odvozená vazba","KRAJ_NUTS",100,"3034","Jihočeský kraj","CISOB",43,"562963","Jedlany"
"CS","Odvozená vazba","KRAJ_NUTS",100,"3034","Jihočeský kraj","CISOB",43,"563030","Krtov"
"CS","Odvozená vazba","KRAJ_NUTS",100,"3034","Jihočeský kraj","CISOB",43,"563145","Chrbonín"
"CS","Odvozená vazba","KRAJ_NUTS",100,"3034","Jihočeský kraj","CISOB",43,"563153","Třebějice"
"CS","Odvozená vazba","KRAJ_NUTS",100,"3034","Jihočeský kraj","CISOB",43,"563170","Svrabov"
"CS","Odvozená vazba","KRAJ_NUTS",100,"3034","Jihočeský kraj","CISOB",43,"563196","Radimovice u Tábora"
"CS","Odvozená vazba","KRAJ_NUTS",100,"3034","Jihočeský kraj","CISOB",43,"563234","Meziříčí"
"CS","Odvozená vazba","KRAJ_NUTS",100,"3034","Jihočeský kraj","CISOB",43,"563251","Balkova Lhota"
"CS","Odvozená vazba","KRAJ_NUTS",100,"3034","Jihočeský kraj","CISOB",43,"563307","Drhovice"
"CS","Odvozená vazba","KRAJ_NUTS",100,"3034","Jihočeský kraj","CISOB",43,"563366","Bečice"
"CS","Odvozená vazba","KRAJ_NUTS",100,"3034","Jihočeský kraj","CISOB",43,"563374","Psárov"
"CS","Odvozená vazba","KRAJ_NUTS",100,"3034","Jihočeský kraj","CISOB",43,"563447","Vlčeves"
"CS","Odvozená vazba","KRAJ_NUTS",100,"3034","Jihočeský kraj","CISOB",43,"563455","Nová Ves u Mladé Vožice"
"CS","Odvozená vazba","KRAJ_NUTS",100,"3034","Jihočeský kraj","CISOB",43,"563544","Libějice"
"CS","Odvozená vazba","KRAJ_NUTS",100,"3034","Jihočeský kraj","CISOB",43,"563587","Lom"
"CS","Odvozená vazba","KRAJ_NUTS",100,"3034","Jihočeský kraj","CISOB",43,"563625","Haškovcova Lhota"
"CS","Odvozená vazba","KRAJ_NUTS",100,"3034","Jihočeský kraj","CISOB",43,"563650","Dlouhá Lhota"
"CS","Odvozená vazba","KRAJ_NUTS",100,"3034","Jihočeský kraj","CISOB",43,"563722","Černýšovice"
"CS","Odvozená vazba","KRAJ_NUTS",100,"3034","Jihočeský kraj","CISOB",43,"563765","Drahov"
"CS","Odvozená vazba","KRAJ_NUTS",100,"3034","Jihočeský kraj","CISOB",43,"563897","Žíšov"
"CS","Odvozená vazba","KRAJ_NUTS",100,"3034","Jihočeský kraj","CISOB",43,"563927","Zadní Střítež"
"CS","Odvozená vazba","KRAJ_NUTS",100,"3034","Jihočeský kraj","CISOB",43,"563951","Únice"
"CS","Odvozená vazba","KRAJ_NUTS",100,"3034","Jihočeský kraj","CISOB",43,"563978","Kubova Huť"
"CS","Odvozená vazba","KRAJ_NUTS",100,"3034","Jihočeský kraj","CISOB",43,"563986","Klenovice"
"CS","Odvozená vazba","KRAJ_NUTS",100,"3034","Jihočeský kraj","CISOB",43,"598593","Heřmaň"
"CS","Odvozená vazba","KRAJ_NUTS",100,"3034","Jihočeský kraj","CISOB",43,"598607","Hlincová Hora"
"CS","Odvozená vazba","KRAJ_NUTS",100,"3034","Jihočeský kraj","CISOB",43,"598615","Modrá Hůrka"
"CS","Odvozená vazba","KRAJ_NUTS",100,"3034","Jihočeský kraj","CISOB",43,"598623","Mojné"
"CS","Odvozená vazba","KRAJ_NUTS",100,"3034","Jihočeský kraj","CISOB",43,"598631","Kamenný Malíkov"
"CS","Odvozená vazba","KRAJ_NUTS",100,"3034","Jihočeský kraj","CISOB",43,"598640","Vlčetínec"
"CS","Odvozená vazba","KRAJ_NUTS",100,"3034","Jihočeský kraj","CISOB",43,"598658","Horní Meziříčko"
"CS","Odvozená vazba","KRAJ_NUTS",100,"3034","Jihočeský kraj","CISOB",43,"598780","Borovany"
"CS","Odvozená vazba","KRAJ_NUTS",100,"3034","Jihočeský kraj","CISOB",43,"598801","Květov"
"CS","Odvozená vazba","KRAJ_NUTS",100,"3034","Jihočeský kraj","CISOB",43,"598828","Osek"
"CS","Odvozená vazba","KRAJ_NUTS",100,"3034","Jihočeský kraj","CISOB",43,"598844","Vlastec"
"CS","Odvozená vazba","KRAJ_NUTS",100,"3034","Jihočeský kraj","CISOB",43,"598852","Vlksice"
"CS","Odvozená vazba","KRAJ_NUTS",100,"3034","Jihočeský kraj","CISOB",43,"598861","Žďár"
"CS","Odvozená vazba","KRAJ_NUTS",100,"3034","Jihočeský kraj","CISOB",43,"598887","Pivkovice"
"CS","Odvozená vazba","KRAJ_NUTS",100,"3034","Jihočeský kraj","CISOB",43,"598895","Bezdědovice"
"CS","Odvozená vazba","KRAJ_NUTS",100,"3034","Jihočeský kraj","CISOB",43,"598909","Skály"
"CS","Odvozená vazba","KRAJ_NUTS",100,"3034","Jihočeský kraj","CISOB",43,"598950","Lažánky"
"CS","Odvozená vazba","KRAJ_NUTS",100,"3034","Jihočeský kraj","CISOB",43,"598976","Čenkov u Bechyně"
"CS","Odvozená vazba","KRAJ_NUTS",100,"3034","Jihočeský kraj","CISOB",43,"598992","Hodětín"
"CS","Odvozená vazba","KRAJ_NUTS",100,"3034","Jihočeský kraj","CISOB",43,"599000","Záhoří"
"CS","Odvozená vazba","KRAJ_NUTS",100,"3034","Jihočeský kraj","CISOB",43,"599026","Slapsko"
"CS","Odvozená vazba","KRAJ_NUTS",100,"3034","Jihočeský kraj","CISOB",43,"599034","Zhoř u Mladé Vožice"
"CS","Odvozená vazba","KRAJ_NUTS",100,"3034","Jihočeský kraj","CISOB",43,"599042","Slapy"
"CS","Odvozená vazba","KRAJ_NUTS",100,"3034","Jihočeský kraj","CISOB",43,"599115","Řípec"
"CS","Odvozená vazba","KRAJ_NUTS",100,"3034","Jihočeský kraj","CISOB",43,"599123","Ústrašice"
"CS","Odvozená vazba","KRAJ_NUTS",100,"3034","Jihočeský kraj","CISOB",43,"599255","Mezná"
"CS","Odvozená vazba","KRAJ_NUTS",100,"3034","Jihočeský kraj","CISOB",43,"599263","Sedlečko u Soběslavě"
"CS","Odvozená vazba","KRAJ_NUTS",100,"3034","Jihočeský kraj","CISOB",43,"599271","Zlukov"
"CS","Odvozená vazba","KRAJ_NUTS",100,"3034","Jihočeský kraj","CISOB",43,"599280","Komárov"
"CS","Odvozená vazba","KRAJ_NUTS",100,"3034","Jihočeský kraj","CISOB",43,"599778","Závraty"
"CS","Odvozená vazba","KRAJ_NUTS",100,"3042","Plzeňský kraj","CISOB",43,"503916","Kostelec"
"CS","Odvozená vazba","KRAJ_NUTS",100,"3042","Plzeňský kraj","CISOB",43,"506664","Skořice"
"CS","Odvozená vazba","KRAJ_NUTS",100,"3042","Plzeňský kraj","CISOB",43,"530085","Bukovník"
"CS","Odvozená vazba","KRAJ_NUTS",100,"3042","Plzeňský kraj","CISOB",43,"530123","Dobršín"
"CS","Odvozená vazba","KRAJ_NUTS",100,"3042","Plzeňský kraj","CISOB",43,"530131","Přestavlky"
"CS","Odvozená vazba","KRAJ_NUTS",100,"3042","Plzeňský kraj","CISOB",43,"530140","Milínov"
"CS","Odvozená vazba","KRAJ_NUTS",100,"3042","Plzeňský kraj","CISOB",43,"530182","Žákava"
"CS","Odvozená vazba","KRAJ_NUTS",100,"3042","Plzeňský kraj","CISOB",43,"530221","Hněvnice"
"CS","Odvozená vazba","KRAJ_NUTS",100,"3042","Plzeňský kraj","CISOB",43,"530239","Bílov"
"CS","Odvozená vazba","KRAJ_NUTS",100,"3042","Plzeňský kraj","CISOB",43,"530247","Potvorov"
"CS","Odvozená vazba","KRAJ_NUTS",100,"3042","Plzeňský kraj","CISOB",43,"530271","Sedlec"
"CS","Odvozená vazba","KRAJ_NUTS",100,"3042","Plzeňský kraj","CISOB",43,"530280","Vysoká Libyně"
"CS","Odvozená vazba","KRAJ_NUTS",100,"3042","Plzeňský kraj","CISOB",43,"530328","Čerňovice"
"CS","Odvozená vazba","KRAJ_NUTS",100,"3042","Plzeňský kraj","CISOB",43,"530336","Pláně"
"CS","Odvozená vazba","KRAJ_NUTS",100,"3042","Plzeňský kraj","CISOB",43,"530361","Kařízek"
"CS","Odvozená vazba","KRAJ_NUTS",100,"3042","Plzeňský kraj","CISOB",43,"530379","Drahoňův Újezd"
"CS","Odvozená vazba","KRAJ_NUTS",100,"3042","Plzeňský kraj","CISOB",43,"538183","Kbelany"
"CS","Odvozená vazba","KRAJ_NUTS",100,"3042","Plzeňský kraj","CISOB",43,"539716","Měcholupy"
"CS","Odvozená vazba","KRAJ_NUTS",100,"3042","Plzeňský kraj","CISOB",43,"539741","Štěnovický Borek"
"CS","Odvozená vazba","KRAJ_NUTS",100,"3042","Plzeňský kraj","CISOB",43,"539783","Oplot"
"CS","Odvozená vazba","KRAJ_NUTS",100,"3042","Plzeňský kraj","CISOB",43,"539821","Horní Lukavice"
"CS","Odvozená vazba","KRAJ_NUTS",100,"3042","Plzeňský kraj","CISOB",43,"539929","Týniště"
"CS","Odvozená vazba","KRAJ_NUTS",100,"3042","Plzeňský kraj","CISOB",43,"539937","Skašov"
"CS","Odvozená vazba","KRAJ_NUTS",100,"3042","Plzeňský kraj","CISOB",43,"539945","Dolce"
"CS","Odvozená vazba","KRAJ_NUTS",100,"3042","Plzeňský kraj","CISOB",43,"540056","Střelice"
"CS","Odvozená vazba","KRAJ_NUTS",100,"3042","Plzeňský kraj","CISOB",43,"540064","Lisov"
"CS","Odvozená vazba","KRAJ_NUTS",100,"3042","Plzeňský kraj","CISOB",43,"540102","Nezdřev"
"CS","Odvozená vazba","KRAJ_NUTS",100,"3042","Plzeňský kraj","CISOB",43,"540137","Životice"
"CS","Odvozená vazba","KRAJ_NUTS",100,"3042","Plzeňský kraj","CISOB",43,"540200","Kozlovice"
"CS","Odvozená vazba","KRAJ_NUTS",100,"3042","Plzeňský kraj","CISOB",43,"540251","Drahkov"
"CS","Odvozená vazba","KRAJ_NUTS",100,"3042","Plzeňský kraj","CISOB",43,"540269","Nová Ves"
"CS","Odvozená vazba","KRAJ_NUTS",100,"3042","Plzeňský kraj","CISOB",43,"540293","Otěšice"
"CS","Odvozená vazba","KRAJ_NUTS",100,"3042","Plzeňský kraj","CISOB",43,"540307","Chlumy"
"CS","Odvozená vazba","KRAJ_NUTS",100,"3042","Plzeňský kraj","CISOB",43,"540340","Nebílovy"
"CS","Odvozená vazba","KRAJ_NUTS",100,"3042","Plzeňský kraj","CISOB",43,"540412","Předenice"
"CS","Odvozená vazba","KRAJ_NUTS",100,"3042","Plzeňský kraj","CISOB",43,"540421","Radkovice"
"CS","Odvozená vazba","KRAJ_NUTS",100,"3042","Plzeňský kraj","CISOB",43,"540463","Bolkov"
"CS","Odvozená vazba","KRAJ_NUTS",100,"3042","Plzeňský kraj","CISOB",43,"540528","Únětice"
"CS","Odvozená vazba","KRAJ_NUTS",100,"3042","Plzeňský kraj","CISOB",43,"540561","Letkov"
"CS","Odvozená vazba","KRAJ_NUTS",100,"3042","Plzeňský kraj","CISOB",43,"540617","Líšina"
"CS","Odvozená vazba","KRAJ_NUTS",100,"3042","Plzeňský kraj","CISOB",43,"540633","Kotovice"
"CS","Odvozená vazba","KRAJ_NUTS",100,"3042","Plzeňský kraj","CISOB",43,"540641","Mokrouše"
"CS","Odvozená vazba","KRAJ_NUTS",100,"3042","Plzeňský kraj","CISOB",43,"540668","Honezovice"
"CS","Odvozená vazba","KRAJ_NUTS",100,"3042","Plzeňský kraj","CISOB",43,"540676","Srby"
"CS","Odvozená vazba","KRAJ_NUTS",100,"3042","Plzeňský kraj","CISOB",43,"540692","Sedliště"
"CS","Odvozená vazba","KRAJ_NUTS",100,"3042","Plzeňský kraj","CISOB",43,"540706","Vlčtejn"
"CS","Odvozená vazba","KRAJ_NUTS",100,"3042","Plzeňský kraj","CISOB",43,"540722","Smědčice"
"CS","Odvozená vazba","KRAJ_NUTS",100,"3042","Plzeňský kraj","CISOB",43,"540803","Chlum"
"CS","Odvozená vazba","KRAJ_NUTS",100,"3042","Plzeňský kraj","CISOB",43,"540927","Čilá"
"CS","Odvozená vazba","KRAJ_NUTS",100,"3042","Plzeňský kraj","CISOB",43,"541001","Hradiště"
"CS","Odvozená vazba","KRAJ_NUTS",100,"3042","Plzeňský kraj","CISOB",43,"541061","Zvíkovec"
"CS","Odvozená vazba","KRAJ_NUTS",100,"3042","Plzeňský kraj","CISOB",43,"541095","Bezděkov"
"CS","Odvozená vazba","KRAJ_NUTS",100,"3042","Plzeňský kraj","CISOB",43,"541141","Chomle"
"CS","Odvozená vazba","KRAJ_NUTS",100,"3042","Plzeňský kraj","CISOB",43,"541150","Kamenný Újezd"
"CS","Odvozená vazba","KRAJ_NUTS",100,"3042","Plzeňský kraj","CISOB",43,"541176","Svojkovice"
"CS","Odvozená vazba","KRAJ_NUTS",100,"3042","Plzeňský kraj","CISOB",43,"541192","Nevid"
"CS","Odvozená vazba","KRAJ_NUTS",100,"3042","Plzeňský kraj","CISOB",43,"541290","Horní Kozolupy"
"CS","Odvozená vazba","KRAJ_NUTS",100,"3042","Plzeňský kraj","CISOB",43,"541362","Zadní Chodov"
"CS","Odvozená vazba","KRAJ_NUTS",100,"3042","Plzeňský kraj","CISOB",43,"541401","Broumov"
"CS","Odvozená vazba","KRAJ_NUTS",100,"3042","Plzeňský kraj","CISOB",43,"541435","Únehle"
"CS","Odvozená vazba","KRAJ_NUTS",100,"3042","Plzeňský kraj","CISOB",43,"541443","Obora"
"CS","Odvozená vazba","KRAJ_NUTS",100,"3042","Plzeňský kraj","CISOB",43,"541460","Zhoř"
"CS","Odvozená vazba","KRAJ_NUTS",100,"3042","Plzeňský kraj","CISOB",43,"541486","Prostiboř"
"CS","Odvozená vazba","KRAJ_NUTS",100,"3042","Plzeňský kraj","CISOB",43,"541494","Kokašice"
"CS","Odvozená vazba","KRAJ_NUTS",100,"3042","Plzeňský kraj","CISOB",43,"541532","Milíře"
"CS","Odvozená vazba","KRAJ_NUTS",100,"3042","Plzeňský kraj","CISOB",43,"541559","Kočov"
"CS","Odvozená vazba","KRAJ_NUTS",100,"3042","Plzeňský kraj","CISOB",43,"541605","Brod nad Tichou"
"CS","Odvozená vazba","KRAJ_NUTS",100,"3042","Plzeňský kraj","CISOB",43,"541621","Tisová"
"CS","Odvozená vazba","KRAJ_NUTS",100,"3042","Plzeňský kraj","CISOB",43,"541664","Záchlumí"
"CS","Odvozená vazba","KRAJ_NUTS",100,"3042","Plzeňský kraj","CISOB",43,"541681","Ošelín"
"CS","Odvozená vazba","KRAJ_NUTS",100,"3042","Plzeňský kraj","CISOB",43,"541702","Lom u Tachova"
"CS","Odvozená vazba","KRAJ_NUTS",100,"3042","Plzeňský kraj","CISOB",43,"541745","Myslovice"
"CS","Odvozená vazba","KRAJ_NUTS",100,"3042","Plzeňský kraj","CISOB",43,"541753","Ježovy"
"CS","Odvozená vazba","KRAJ_NUTS",100,"3042","Plzeňský kraj","CISOB",43,"541788","Poleň"
"CS","Odvozená vazba","KRAJ_NUTS",100,"3042","Plzeňský kraj","CISOB",43,"541796","Hejná"
"CS","Odvozená vazba","KRAJ_NUTS",100,"3042","Plzeňský kraj","CISOB",43,"541826","Kejnice"
"CS","Odvozená vazba","KRAJ_NUTS",100,"3042","Plzeňský kraj","CISOB",43,"541842","Běhařov"
"CS","Odvozená vazba","KRAJ_NUTS",100,"3042","Plzeňský kraj","CISOB",43,"541851","Klenová"
"CS","Odvozená vazba","KRAJ_NUTS",100,"3042","Plzeňský kraj","CISOB",43,"541869","Javor"
"CS","Odvozená vazba","KRAJ_NUTS",100,"3042","Plzeňský kraj","CISOB",43,"541885","Týnec"
"CS","Odvozená vazba","KRAJ_NUTS",100,"3042","Plzeňský kraj","CISOB",43,"541915","Obytce"
"CS","Odvozená vazba","KRAJ_NUTS",100,"3042","Plzeňský kraj","CISOB",43,"541923","Břežany"
"CS","Odvozená vazba","KRAJ_NUTS",100,"3042","Plzeňský kraj","CISOB",43,"541931","Kvášňovice"
"CS","Odvozená vazba","KRAJ_NUTS",100,"3042","Plzeňský kraj","CISOB",43,"541958","Olšany"
"CS","Odvozená vazba","KRAJ_NUTS",100,"3042","Plzeňský kraj","CISOB",43,"542024","Číhaň"
"CS","Odvozená vazba","KRAJ_NUTS",100,"3042","Plzeňský kraj","CISOB",43,"542059","Mlýnské Struhadlo"
"CS","Odvozená vazba","KRAJ_NUTS",100,"3042","Plzeňský kraj","CISOB",43,"542083","Hnačov"
"CS","Odvozená vazba","KRAJ_NUTS",100,"3042","Plzeňský kraj","CISOB",43,"542091","Horská Kvilda"
"CS","Odvozená vazba","KRAJ_NUTS",100,"3042","Plzeňský kraj","CISOB",43,"542148","Modrava"
"CS","Odvozená vazba","KRAJ_NUTS",100,"3042","Plzeňský kraj","CISOB",43,"542156","Borovy"
"CS","Odvozená vazba","KRAJ_NUTS",100,"3042","Plzeňský kraj","CISOB",43,"542172","Červené Poříčí"
"CS","Odvozená vazba","KRAJ_NUTS",100,"3042","Plzeňský kraj","CISOB",43,"542296","Nezdice"
"CS","Odvozená vazba","KRAJ_NUTS",100,"3042","Plzeňský kraj","CISOB",43,"546372","Buková"
"CS","Odvozená vazba","KRAJ_NUTS",100,"3042","Plzeňský kraj","CISOB",43,"546399","Míšov"
"CS","Odvozená vazba","KRAJ_NUTS",100,"3042","Plzeňský kraj","CISOB",43,"546411","Úherce"
"CS","Odvozená vazba","KRAJ_NUTS",100,"3042","Plzeňský kraj","CISOB",43,"546488","Sirá"
"CS","Odvozená vazba","KRAJ_NUTS",100,"3042","Plzeňský kraj","CISOB",43,"546526","Těškov"
"CS","Odvozená vazba","KRAJ_NUTS",100,"3042","Plzeňský kraj","CISOB",43,"546534","Týček"
"CS","Odvozená vazba","KRAJ_NUTS",100,"3042","Plzeňský kraj","CISOB",43,"546551","Újezd u Svatého Kříže"
"CS","Odvozená vazba","KRAJ_NUTS",100,"3042","Plzeňský kraj","CISOB",43,"551686","Podmokly"
"CS","Odvozená vazba","KRAJ_NUTS",100,"3042","Plzeňský kraj","CISOB",43,"553425","Domažlice"
"CS","Odvozená vazba","KRAJ_NUTS",100,"3042","Plzeňský kraj","CISOB",43,"553433","Babylon"
"CS","Odvozená vazba","KRAJ_NUTS",100,"3042","Plzeňský kraj","CISOB",43,"553441","Bělá nad Radbuzou"
"CS","Odvozená vazba","KRAJ_NUTS",100,"3042","Plzeňský kraj","CISOB",43,"553450","Blížejov"
"CS","Odvozená vazba","KRAJ_NUTS",100,"3042","Plzeňský kraj","CISOB",43,"553506","Bukovec"
"CS","Odvozená vazba","KRAJ_NUTS",100,"3042","Plzeňský kraj","CISOB",43,"553514","Čermná"
"CS","Odvozená vazba","KRAJ_NUTS",100,"3042","Plzeňský kraj","CISOB",43,"553522","Tužice"
"CS","Odvozená vazba","KRAJ_NUTS",100,"3042","Plzeňský kraj","CISOB",43,"553531","Černíkov"
"CS","Odvozená vazba","KRAJ_NUTS",100,"3042","Plzeňský kraj","CISOB",43,"553549","Česká Kubice"
"CS","Odvozená vazba","KRAJ_NUTS",100,"3042","Plzeňský kraj","CISOB",43,"553557","Díly"
"CS","Odvozená vazba","KRAJ_NUTS",100,"3042","Plzeňský kraj","CISOB",43,"553565","Polánka"
"CS","Odvozená vazba","KRAJ_NUTS",100,"3042","Plzeňský kraj","CISOB",43,"553573","Drahotín"
"CS","Odvozená vazba","KRAJ_NUTS",100,"3042","Plzeňský kraj","CISOB",43,"553581","Draženov"
"CS","Odvozená vazba","KRAJ_NUTS",100,"3042","Plzeňský kraj","CISOB",43,"553590","Nezbavětice"
"CS","Odvozená vazba","KRAJ_NUTS",100,"3042","Plzeňský kraj","CISOB",43,"553603","Studená"
"CS","Odvozená vazba","KRAJ_NUTS",100,"3042","Plzeňský kraj","CISOB",43,"553611","Litohlavy"
"CS","Odvozená vazba","KRAJ_NUTS",100,"3042","Plzeňský kraj","CISOB",43,"553620","Hlohová"
"CS","Odvozená vazba","KRAJ_NUTS",100,"3042","Plzeňský kraj","CISOB",43,"553654","Holýšov"
"CS","Odvozená vazba","KRAJ_NUTS",100,"3042","Plzeňský kraj","CISOB",43,"553662","Horní Kamenice"
"CS","Odvozená vazba","KRAJ_NUTS",100,"3042","Plzeňský kraj","CISOB",43,"553671","Horšovský Týn"
"CS","Odvozená vazba","KRAJ_NUTS",100,"3042","Plzeňský kraj","CISOB",43,"553689","Hostouň"
"CS","Odvozená vazba","KRAJ_NUTS",100,"3042","Plzeňský kraj","CISOB",43,"553727","Chocomyšl"
"CS","Odvozená vazba","KRAJ_NUTS",100,"3042","Plzeňský kraj","CISOB",43,"553735","Chodov"
"CS","Odvozená vazba","KRAJ_NUTS",100,"3042","Plzeňský kraj","CISOB",43,"553743","Chodská Lhota"
"CS","Odvozená vazba","KRAJ_NUTS",100,"3042","Plzeňský kraj","CISOB",43,"553751","Chrastavice"
"CS","Odvozená vazba","KRAJ_NUTS",100,"3042","Plzeňský kraj","CISOB",43,"553778","Kaničky"
"CS","Odvozená vazba","KRAJ_NUTS",100,"3042","Plzeňský kraj","CISOB",43,"553786","Kdyně"
"CS","Odvozená vazba","KRAJ_NUTS",100,"3042","Plzeňský kraj","CISOB",43,"553794","Klenčí pod Čerchovem"
"CS","Odvozená vazba","KRAJ_NUTS",100,"3042","Plzeňský kraj","CISOB",43,"553816","Koloveč"
"CS","Odvozená vazba","KRAJ_NUTS",100,"3042","Plzeňský kraj","CISOB",43,"553824","Kout na Šumavě"
"CS","Odvozená vazba","KRAJ_NUTS",100,"3042","Plzeňský kraj","CISOB",43,"553832","Křenovy"
"CS","Odvozená vazba","KRAJ_NUTS",100,"3042","Plzeňský kraj","CISOB",43,"553841","Kvíčovice"
"CS","Odvozená vazba","KRAJ_NUTS",100,"3042","Plzeňský kraj","CISOB",43,"553859","Libkov"
"CS","Odvozená vazba","KRAJ_NUTS",100,"3042","Plzeňský kraj","CISOB",43,"553867","Loučim"
"CS","Odvozená vazba","KRAJ_NUTS",100,"3042","Plzeňský kraj","CISOB",43,"553891","Luženičky"
"CS","Odvozená vazba","KRAJ_NUTS",100,"3042","Plzeňský kraj","CISOB",43,"553913","Meclov"
"CS","Odvozená vazba","KRAJ_NUTS",100,"3042","Plzeňský kraj","CISOB",43,"553921","Mezholezy"
"CS","Odvozená vazba","KRAJ_NUTS",100,"3042","Plzeňský kraj","CISOB",43,"553930","Mezholezy"
"CS","Odvozená vazba","KRAJ_NUTS",100,"3042","Plzeňský kraj","CISOB",43,"553948","Milavče"
"CS","Odvozená vazba","KRAJ_NUTS",100,"3042","Plzeňský kraj","CISOB",43,"553956","Mířkov"
"CS","Odvozená vazba","KRAJ_NUTS",100,"3042","Plzeňský kraj","CISOB",43,"553981","Mrákov"
"CS","Odvozená vazba","KRAJ_NUTS",100,"3042","Plzeňský kraj","CISOB",43,"553999","Mutěnín"
"CS","Odvozená vazba","KRAJ_NUTS",100,"3042","Plzeňský kraj","CISOB",43,"554006","Nemanice"
"CS","Odvozená vazba","KRAJ_NUTS",100,"3042","Plzeňský kraj","CISOB",43,"554022","Neuměř"
"CS","Odvozená vazba","KRAJ_NUTS",100,"3042","Plzeňský kraj","CISOB",43,"554031","Nevolice"
"CS","Odvozená vazba","KRAJ_NUTS",100,"3042","Plzeňský kraj","CISOB",43,"554057","Nový Kramolín"
"CS","Odvozená vazba","KRAJ_NUTS",100,"3042","Plzeňský kraj","CISOB",43,"554073","Osvračín"
"CS","Odvozená vazba","KRAJ_NUTS",100,"3042","Plzeňský kraj","CISOB",43,"554081","Pasečnice"
"CS","Odvozená vazba","KRAJ_NUTS",100,"3042","Plzeňský kraj","CISOB",43,"554090","Pec"
"CS","Odvozená vazba","KRAJ_NUTS",100,"3042","Plzeňský kraj","CISOB",43,"554111","Poběžovice"
"CS","Odvozená vazba","KRAJ_NUTS",100,"3042","Plzeňský kraj","CISOB",43,"554120","Pocinovice"
"CS","Odvozená vazba","KRAJ_NUTS",100,"3042","Plzeňský kraj","CISOB",43,"554138","Postřekov"
"CS","Odvozená vazba","KRAJ_NUTS",100,"3042","Plzeňský kraj","CISOB",43,"554154","Puclice"
"CS","Odvozená vazba","KRAJ_NUTS",100,"3042","Plzeňský kraj","CISOB",43,"554189","Rybník"
"CS","Odvozená vazba","KRAJ_NUTS",100,"3042","Plzeňský kraj","CISOB",43,"554201","Semněvice"
"CS","Odvozená vazba","KRAJ_NUTS",100,"3042","Plzeňský kraj","CISOB",43,"554251","Spáňov"
"CS","Odvozená vazba","KRAJ_NUTS",100,"3042","Plzeňský kraj","CISOB",43,"554260","Srbice"
"CS","Odvozená vazba","KRAJ_NUTS",100,"3042","Plzeňský kraj","CISOB",43,"554278","Srby"
"CS","Odvozená vazba","KRAJ_NUTS",100,"3042","Plzeňský kraj","CISOB",43,"554294","Staňkov"
"CS","Odvozená vazba","KRAJ_NUTS",100,"3042","Plzeňský kraj","CISOB",43,"554316","Stráž"
"CS","Odvozená vazba","KRAJ_NUTS",100,"3042","Plzeňský kraj","CISOB",43,"554341","Tlumačov"
"CS","Odvozená vazba","KRAJ_NUTS",100,"3042","Plzeňský kraj","CISOB",43,"554359","Trhanov"
"CS","Odvozená vazba","KRAJ_NUTS",100,"3042","Plzeňský kraj","CISOB",43,"554383","Újezd"
"CS","Odvozená vazba","KRAJ_NUTS",100,"3042","Plzeňský kraj","CISOB",43,"554391","Únějovice"
"CS","Odvozená vazba","KRAJ_NUTS",100,"3042","Plzeňský kraj","CISOB",43,"554405","Úsilov"
"CS","Odvozená vazba","KRAJ_NUTS",100,"3042","Plzeňský kraj","CISOB",43,"554413","Velký Malahov"
"CS","Odvozená vazba","KRAJ_NUTS",100,"3042","Plzeňský kraj","CISOB",43,"554421","Vidice"
"CS","Odvozená vazba","KRAJ_NUTS",100,"3042","Plzeňský kraj","CISOB",43,"554448","Všepadly"
"CS","Odvozená vazba","KRAJ_NUTS",100,"3042","Plzeňský kraj","CISOB",43,"554456","Všeruby"
"CS","Odvozená vazba","KRAJ_NUTS",100,"3042","Plzeňský kraj","CISOB",43,"554464","Zahořany"
"CS","Odvozená vazba","KRAJ_NUTS",100,"3042","Plzeňský kraj","CISOB",43,"554472","Ždánov"
"CS","Odvozená vazba","KRAJ_NUTS",100,"3042","Plzeňský kraj","CISOB",43,"554791","Plzeň"
"CS","Odvozená vazba","KRAJ_NUTS",100,"3042","Plzeňský kraj","CISOB",43,"555771","Klatovy"
"CS","Odvozená vazba","KRAJ_NUTS",100,"3042","Plzeňský kraj","CISOB",43,"555797","Běšiny"
"CS","Odvozená vazba","KRAJ_NUTS",100,"3042","Plzeňský kraj","CISOB",43,"555801","Bezděkov"
"CS","Odvozená vazba","KRAJ_NUTS",100,"3042","Plzeňský kraj","CISOB",43,"555835","Bolešiny"
"CS","Odvozená vazba","KRAJ_NUTS",100,"3042","Plzeňský kraj","CISOB",43,"555894","Budětice"
"CS","Odvozená vazba","KRAJ_NUTS",100,"3042","Plzeňský kraj","CISOB",43,"555941","Čachrov"
"CS","Odvozená vazba","KRAJ_NUTS",100,"3042","Plzeňský kraj","CISOB",43,"556041","Dešenice"
"CS","Odvozená vazba","KRAJ_NUTS",100,"3042","Plzeňský kraj","CISOB",43,"556068","Dlažov"
"CS","Odvozená vazba","KRAJ_NUTS",100,"3042","Plzeňský kraj","CISOB",43,"556076","Dlouhá Ves"
"CS","Odvozená vazba","KRAJ_NUTS",100,"3042","Plzeňský kraj","CISOB",43,"556084","Prášily"
"CS","Odvozená vazba","KRAJ_NUTS",100,"3042","Plzeňský kraj","CISOB",43,"556106","Dolany"
"CS","Odvozená vazba","KRAJ_NUTS",100,"3042","Plzeňský kraj","CISOB",43,"556181","Hartmanice"
"CS","Odvozená vazba","KRAJ_NUTS",100,"3042","Plzeňský kraj","CISOB",43,"556203","Hlavňovice"
"CS","Odvozená vazba","KRAJ_NUTS",100,"3042","Plzeňský kraj","CISOB",43,"556254","Horažďovice"
"CS","Odvozená vazba","KRAJ_NUTS",100,"3042","Plzeňský kraj","CISOB",43,"556301","Hrádek"
"CS","Odvozená vazba","KRAJ_NUTS",100,"3042","Plzeňský kraj","CISOB",43,"556319","Hradešice"
"CS","Odvozená vazba","KRAJ_NUTS",100,"3042","Plzeňský kraj","CISOB",43,"556335","Chanovice"
"CS","Odvozená vazba","KRAJ_NUTS",100,"3042","Plzeňský kraj","CISOB",43,"556343","Chlistov"
"CS","Odvozená vazba","KRAJ_NUTS",100,"3042","Plzeňský kraj","CISOB",43,"556378","Chudenice"
"CS","Odvozená vazba","KRAJ_NUTS",100,"3042","Plzeňský kraj","CISOB",43,"556386","Chudenín"
"CS","Odvozená vazba","KRAJ_NUTS",100,"3042","Plzeňský kraj","CISOB",43,"556394","Janovice nad Úhlavou"
"CS","Odvozená vazba","KRAJ_NUTS",100,"3042","Plzeňský kraj","CISOB",43,"556432","Kašperské Hory"
"CS","Odvozená vazba","KRAJ_NUTS",100,"3042","Plzeňský kraj","CISOB",43,"556467","Kolinec"
"CS","Odvozená vazba","KRAJ_NUTS",100,"3042","Plzeňský kraj","CISOB",43,"556505","Křenice"
"CS","Odvozená vazba","KRAJ_NUTS",100,"3042","Plzeňský kraj","CISOB",43,"556629","Malý Bor"
"CS","Odvozená vazba","KRAJ_NUTS",100,"3042","Plzeňský kraj","CISOB",43,"556637","Měčín"
"CS","Odvozená vazba","KRAJ_NUTS",100,"3042","Plzeňský kraj","CISOB",43,"556718","Mochtín"
"CS","Odvozená vazba","KRAJ_NUTS",100,"3042","Plzeňský kraj","CISOB",43,"556726","Mokrosuky"
"CS","Odvozená vazba","KRAJ_NUTS",100,"3042","Plzeňský kraj","CISOB",43,"556734","Myslív"
"CS","Odvozená vazba","KRAJ_NUTS",100,"3042","Plzeňský kraj","CISOB",43,"556751","Nalžovské Hory"
"CS","Odvozená vazba","KRAJ_NUTS",100,"3042","Plzeňský kraj","CISOB",43,"556815","Nezdice na Šumavě"
"CS","Odvozená vazba","KRAJ_NUTS",100,"3042","Plzeňský kraj","CISOB",43,"556831","Nýrsko"
"CS","Odvozená vazba","KRAJ_NUTS",100,"3042","Plzeňský kraj","CISOB",43,"556912","Pačejov"
"CS","Odvozená vazba","KRAJ_NUTS",100,"3042","Plzeňský kraj","CISOB",43,"556921","Petrovice u Sušice"
"CS","Odvozená vazba","KRAJ_NUTS",100,"3042","Plzeňský kraj","CISOB",43,"556955","Plánice"
"CS","Odvozená vazba","KRAJ_NUTS",100,"3042","Plzeňský kraj","CISOB",43,"557005","Předslav"
"CS","Odvozená vazba","KRAJ_NUTS",100,"3042","Plzeňský kraj","CISOB",43,"557013","Rabí"
"CS","Odvozená vazba","KRAJ_NUTS",100,"3042","Plzeňský kraj","CISOB",43,"557021","Rejštejn"
"CS","Odvozená vazba","KRAJ_NUTS",100,"3042","Plzeňský kraj","CISOB",43,"557081","Sytno"
"CS","Odvozená vazba","KRAJ_NUTS",100,"3042","Plzeňský kraj","CISOB",43,"557099","Soběšice"
"CS","Odvozená vazba","KRAJ_NUTS",100,"3042","Plzeňský kraj","CISOB",43,"557111","Srní"
"CS","Odvozená vazba","KRAJ_NUTS",100,"3042","Plzeňský kraj","CISOB",43,"557129","Strašín"
"CS","Odvozená vazba","KRAJ_NUTS",100,"3042","Plzeňský kraj","CISOB",43,"557137","Strážov"
"CS","Odvozená vazba","KRAJ_NUTS",100,"3042","Plzeňský kraj","CISOB",43,"557153","Sušice"
"CS","Odvozená vazba","KRAJ_NUTS",100,"3042","Plzeňský kraj","CISOB",43,"557161","Svéradice"
"CS","Odvozená vazba","KRAJ_NUTS",100,"3042","Plzeňský kraj","CISOB",43,"557200","Švihov"
"CS","Odvozená vazba","KRAJ_NUTS",100,"3042","Plzeňský kraj","CISOB",43,"557366","Velhartice"
"CS","Odvozená vazba","KRAJ_NUTS",100,"3042","Plzeňský kraj","CISOB",43,"557374","Velké Hydčice"
"CS","Odvozená vazba","KRAJ_NUTS",100,"3042","Plzeňský kraj","CISOB",43,"557382","Velký Bor"
"CS","Odvozená vazba","KRAJ_NUTS",100,"3042","Plzeňský kraj","CISOB",43,"557455","Vrhaveč"
"CS","Odvozená vazba","KRAJ_NUTS",100,"3042","Plzeňský kraj","CISOB",43,"557463","Zavlekov"
"CS","Odvozená vazba","KRAJ_NUTS",100,"3042","Plzeňský kraj","CISOB",43,"557528","Železná Ruda"
"CS","Odvozená vazba","KRAJ_NUTS",100,"3042","Plzeňský kraj","CISOB",43,"557536","Žihobce"
"CS","Odvozená vazba","KRAJ_NUTS",100,"3042","Plzeňský kraj","CISOB",43,"557544","Žichovice"
"CS","Odvozená vazba","KRAJ_NUTS",100,"3042","Plzeňský kraj","CISOB",43,"557587","Blovice"
"CS","Odvozená vazba","KRAJ_NUTS",100,"3042","Plzeňský kraj","CISOB",43,"557641","Čižice"
"CS","Odvozená vazba","KRAJ_NUTS",100,"3042","Plzeňský kraj","CISOB",43,"557650","Čížkov"
"CS","Odvozená vazba","KRAJ_NUTS",100,"3042","Plzeňský kraj","CISOB",43,"557668","Dnešice"
"CS","Odvozená vazba","KRAJ_NUTS",100,"3042","Plzeňský kraj","CISOB",43,"557676","Dobřany"
"CS","Odvozená vazba","KRAJ_NUTS",100,"3042","Plzeňský kraj","CISOB",43,"557684","Dolní Lukavice"
"CS","Odvozená vazba","KRAJ_NUTS",100,"3042","Plzeňský kraj","CISOB",43,"557722","Horšice"
"CS","Odvozená vazba","KRAJ_NUTS",100,"3042","Plzeňský kraj","CISOB",43,"557731","Hradec"
"CS","Odvozená vazba","KRAJ_NUTS",100,"3042","Plzeňský kraj","CISOB",43,"557749","Hradiště"
"CS","Odvozená vazba","KRAJ_NUTS",100,"3042","Plzeňský kraj","CISOB",43,"557773","Chlum"
"CS","Odvozená vazba","KRAJ_NUTS",100,"3042","Plzeňský kraj","CISOB",43,"557781","Chlumčany"
"CS","Odvozená vazba","KRAJ_NUTS",100,"3042","Plzeňský kraj","CISOB",43,"557803","Chocenice"
"CS","Odvozená vazba","KRAJ_NUTS",100,"3042","Plzeňský kraj","CISOB",43,"557838","Chotěšov"
"CS","Odvozená vazba","KRAJ_NUTS",100,"3042","Plzeňský kraj","CISOB",43,"557846","Chválenice"
"CS","Odvozená vazba","KRAJ_NUTS",100,"3042","Plzeňský kraj","CISOB",43,"557862","Kasejovice"
"CS","Odvozená vazba","KRAJ_NUTS",100,"3042","Plzeňský kraj","CISOB",43,"557871","Kbel"
"CS","Odvozená vazba","KRAJ_NUTS",100,"3042","Plzeňský kraj","CISOB",43,"557897","Klášter"
"CS","Odvozená vazba","KRAJ_NUTS",100,"3042","Plzeňský kraj","CISOB",43,"557943","Kramolín"
"CS","Odvozená vazba","KRAJ_NUTS",100,"3042","Plzeňský kraj","CISOB",43,"557951","Letiny"
"CS","Odvozená vazba","KRAJ_NUTS",100,"3042","Plzeňský kraj","CISOB",43,"558001","Losiná"
"CS","Odvozená vazba","KRAJ_NUTS",100,"3042","Plzeňský kraj","CISOB",43,"558010","Louňová"
"CS","Odvozená vazba","KRAJ_NUTS",100,"3042","Plzeňský kraj","CISOB",43,"558028","Lužany"
"CS","Odvozená vazba","KRAJ_NUTS",100,"3042","Plzeňský kraj","CISOB",43,"558044","Merklín"
"CS","Odvozená vazba","KRAJ_NUTS",100,"3042","Plzeňský kraj","CISOB",43,"558052","Mileč"
"CS","Odvozená vazba","KRAJ_NUTS",100,"3042","Plzeňský kraj","CISOB",43,"558061","Mladý Smolivec"
"CS","Odvozená vazba","KRAJ_NUTS",100,"3042","Plzeňský kraj","CISOB",43,"558079","Mohelnice"
"CS","Odvozená vazba","KRAJ_NUTS",100,"3042","Plzeňský kraj","CISOB",43,"558095","Nekvasovy"
"CS","Odvozená vazba","KRAJ_NUTS",100,"3042","Plzeňský kraj","CISOB",43,"558109","Nepomuk"
"CS","Odvozená vazba","KRAJ_NUTS",100,"3042","Plzeňský kraj","CISOB",43,"558117","Netunice"
"CS","Odvozená vazba","KRAJ_NUTS",100,"3042","Plzeňský kraj","CISOB",43,"558125","Neurazy"
"CS","Odvozená vazba","KRAJ_NUTS",100,"3042","Plzeňský kraj","CISOB",43,"558141","Nezvěstice"
"CS","Odvozená vazba","KRAJ_NUTS",100,"3042","Plzeňský kraj","CISOB",43,"558176","Nové Mitrovice"
"CS","Odvozená vazba","KRAJ_NUTS",100,"3042","Plzeňský kraj","CISOB",43,"558184","Oselce"
"CS","Odvozená vazba","KRAJ_NUTS",100,"3042","Plzeňský kraj","CISOB",43,"558231","Prádlo"
"CS","Odvozená vazba","KRAJ_NUTS",100,"3042","Plzeňský kraj","CISOB",43,"558249","Přeštice"
"CS","Odvozená vazba","KRAJ_NUTS",100,"3042","Plzeňský kraj","CISOB",43,"558257","Příchovice"
"CS","Odvozená vazba","KRAJ_NUTS",100,"3042","Plzeňský kraj","CISOB",43,"558265","Ptenín"
"CS","Odvozená vazba","KRAJ_NUTS",100,"3042","Plzeňský kraj","CISOB",43,"558290","Roupov"
"CS","Odvozená vazba","KRAJ_NUTS",100,"3042","Plzeňský kraj","CISOB",43,"558303","Řenče"
"CS","Odvozená vazba","KRAJ_NUTS",100,"3042","Plzeňský kraj","CISOB",43,"558311","Seč"
"CS","Odvozená vazba","KRAJ_NUTS",100,"3042","Plzeňský kraj","CISOB",43,"558346","Soběkury"
"CS","Odvozená vazba","KRAJ_NUTS",100,"3042","Plzeňský kraj","CISOB",43,"558362","Spálené Poříčí"
"CS","Odvozená vazba","KRAJ_NUTS",100,"3042","Plzeňský kraj","CISOB",43,"558371","Starý Plzenec"
"CS","Odvozená vazba","KRAJ_NUTS",100,"3042","Plzeňský kraj","CISOB",43,"558389","Stod"
"CS","Odvozená vazba","KRAJ_NUTS",100,"3042","Plzeňský kraj","CISOB",43,"558401","Střížovice"
"CS","Odvozená vazba","KRAJ_NUTS",100,"3042","Plzeňský kraj","CISOB",43,"558427","Šťáhlavy"
"CS","Odvozená vazba","KRAJ_NUTS",100,"3042","Plzeňský kraj","CISOB",43,"558435","Štěnovice"
"CS","Odvozená vazba","KRAJ_NUTS",100,"3042","Plzeňský kraj","CISOB",43,"558460","Tymákov"
"CS","Odvozená vazba","KRAJ_NUTS",100,"3042","Plzeňský kraj","CISOB",43,"558486","Útušice"
"CS","Odvozená vazba","KRAJ_NUTS",100,"3042","Plzeňský kraj","CISOB",43,"558494","Ves Touškov"
"CS","Odvozená vazba","KRAJ_NUTS",100,"3042","Plzeňský kraj","CISOB",43,"558559","Vrčeň"
"CS","Odvozená vazba","KRAJ_NUTS",100,"3042","Plzeňský kraj","CISOB",43,"558567","Vstiš"
"CS","Odvozená vazba","KRAJ_NUTS",100,"3042","Plzeňský kraj","CISOB",43,"558583","Zdemyslice"
"CS","Odvozená vazba","KRAJ_NUTS",100,"3042","Plzeňský kraj","CISOB",43,"558591","Zemětice"
"CS","Odvozená vazba","KRAJ_NUTS",100,"3042","Plzeňský kraj","CISOB",43,"558605","Ždírec"
"CS","Odvozená vazba","KRAJ_NUTS",100,"3042","Plzeňský kraj","CISOB",43,"558630","Žinkovy"
"CS","Odvozená vazba","KRAJ_NUTS",100,"3042","Plzeňský kraj","CISOB",43,"558656","Bezvěrov"
"CS","Odvozená vazba","KRAJ_NUTS",100,"3042","Plzeňský kraj","CISOB",43,"558672","Blatnice"
"CS","Odvozená vazba","KRAJ_NUTS",100,"3042","Plzeňský kraj","CISOB",43,"558699","Bučí"
"CS","Odvozená vazba","KRAJ_NUTS",100,"3042","Plzeňský kraj","CISOB",43,"558711","Čeminy"
"CS","Odvozená vazba","KRAJ_NUTS",100,"3042","Plzeňský kraj","CISOB",43,"558745","Česká Bříza"
"CS","Odvozená vazba","KRAJ_NUTS",100,"3042","Plzeňský kraj","CISOB",43,"558770","Dobříč"
"CS","Odvozená vazba","KRAJ_NUTS",100,"3042","Plzeňský kraj","CISOB",43,"558788","Dolany"
"CS","Odvozená vazba","KRAJ_NUTS",100,"3042","Plzeňský kraj","CISOB",43,"558796","Dolní Bělá"
"CS","Odvozená vazba","KRAJ_NUTS",100,"3042","Plzeňský kraj","CISOB",43,"558800","Dolní Hradiště"
"CS","Odvozená vazba","KRAJ_NUTS",100,"3042","Plzeňský kraj","CISOB",43,"558834","Druztová"
"CS","Odvozená vazba","KRAJ_NUTS",100,"3042","Plzeňský kraj","CISOB",43,"558851","Dýšina"
"CS","Odvozená vazba","KRAJ_NUTS",100,"3042","Plzeňský kraj","CISOB",43,"558869","Heřmanova Huť"
"CS","Odvozená vazba","KRAJ_NUTS",100,"3042","Plzeňský kraj","CISOB",43,"558877","Horní Bělá"
"CS","Odvozená vazba","KRAJ_NUTS",100,"3042","Plzeňský kraj","CISOB",43,"558885","Horní Bříza"
"CS","Odvozená vazba","KRAJ_NUTS",100,"3042","Plzeňský kraj","CISOB",43,"558915","Hromnice"
"CS","Odvozená vazba","KRAJ_NUTS",100,"3042","Plzeňský kraj","CISOB",43,"558931","Hvozd"
"CS","Odvozená vazba","KRAJ_NUTS",100,"3042","Plzeňský kraj","CISOB",43,"558940","Chotíkov"
"CS","Odvozená vazba","KRAJ_NUTS",100,"3042","Plzeňský kraj","CISOB",43,"558966","Chrást"
"CS","Odvozená vazba","KRAJ_NUTS",100,"3042","Plzeňský kraj","CISOB",43,"558974","Chříč"
"CS","Odvozená vazba","KRAJ_NUTS",100,"3042","Plzeňský kraj","CISOB",43,"558982","Jarov"
"CS","Odvozená vazba","KRAJ_NUTS",100,"3042","Plzeňský kraj","CISOB",43,"558991","Kaceřov"
"CS","Odvozená vazba","KRAJ_NUTS",100,"3042","Plzeňský kraj","CISOB",43,"559008","Kaznějov"
"CS","Odvozená vazba","KRAJ_NUTS",100,"3042","Plzeňský kraj","CISOB",43,"559024","Kopidlo"
"CS","Odvozená vazba","KRAJ_NUTS",100,"3042","Plzeňský kraj","CISOB",43,"559032","Koryta"
"CS","Odvozená vazba","KRAJ_NUTS",100,"3042","Plzeňský kraj","CISOB",43,"559041","Kozojedy"
"CS","Odvozená vazba","KRAJ_NUTS",100,"3042","Plzeňský kraj","CISOB",43,"559059","Kozolupy"
"CS","Odvozená vazba","KRAJ_NUTS",100,"3042","Plzeňský kraj","CISOB",43,"559067","Kožlany"
"CS","Odvozená vazba","KRAJ_NUTS",100,"3042","Plzeňský kraj","CISOB",43,"559075","Kralovice"
"CS","Odvozená vazba","KRAJ_NUTS",100,"3042","Plzeňský kraj","CISOB",43,"559083","Krašovice"
"CS","Odvozená vazba","KRAJ_NUTS",100,"3042","Plzeňský kraj","CISOB",43,"559091","Krsy"
"CS","Odvozená vazba","KRAJ_NUTS",100,"3042","Plzeňský kraj","CISOB",43,"559105","Křelovice"
"CS","Odvozená vazba","KRAJ_NUTS",100,"3042","Plzeňský kraj","CISOB",43,"559121","Kunějovice"
"CS","Odvozená vazba","KRAJ_NUTS",100,"3042","Plzeňský kraj","CISOB",43,"559130","Kyšice"
"CS","Odvozená vazba","KRAJ_NUTS",100,"3042","Plzeňský kraj","CISOB",43,"559148","Ledce"
"CS","Odvozená vazba","KRAJ_NUTS",100,"3042","Plzeňský kraj","CISOB",43,"559164","Líně"
"CS","Odvozená vazba","KRAJ_NUTS",100,"3042","Plzeňský kraj","CISOB",43,"559172","Líšťany"
"CS","Odvozená vazba","KRAJ_NUTS",100,"3042","Plzeňský kraj","CISOB",43,"559202","Manětín"
"CS","Odvozená vazba","KRAJ_NUTS",100,"3042","Plzeňský kraj","CISOB",43,"559211","Město Touškov"
"CS","Odvozená vazba","KRAJ_NUTS",100,"3042","Plzeňský kraj","CISOB",43,"559237","Mladotice"
"CS","Odvozená vazba","KRAJ_NUTS",100,"3042","Plzeňský kraj","CISOB",43,"559245","Mrtník"
"CS","Odvozená vazba","KRAJ_NUTS",100,"3042","Plzeňský kraj","CISOB",43,"559253","Nadryby"
"CS","Odvozená vazba","KRAJ_NUTS",100,"3042","Plzeňský kraj","CISOB",43,"559261","Nečtiny"
"CS","Odvozená vazba","KRAJ_NUTS",100,"3042","Plzeňský kraj","CISOB",43,"559270","Nekmíř"
"CS","Odvozená vazba","KRAJ_NUTS",100,"3042","Plzeňský kraj","CISOB",43,"559288","Nevřeň"
"CS","Odvozená vazba","KRAJ_NUTS",100,"3042","Plzeňský kraj","CISOB",43,"559300","Nýřany"
"CS","Odvozená vazba","KRAJ_NUTS",100,"3042","Plzeňský kraj","CISOB",43,"559318","Obora"
"CS","Odvozená vazba","KRAJ_NUTS",100,"3042","Plzeňský kraj","CISOB",43,"559326","Ostrov u Bezdružic"
"CS","Odvozená vazba","KRAJ_NUTS",100,"3042","Plzeňský kraj","CISOB",43,"559334","Pernarec"
"CS","Odvozená vazba","KRAJ_NUTS",100,"3042","Plzeňský kraj","CISOB",43,"559351","Plasy"
"CS","Odvozená vazba","KRAJ_NUTS",100,"3042","Plzeňský kraj","CISOB",43,"559369","Plešnice"
"CS","Odvozená vazba","KRAJ_NUTS",100,"3042","Plzeňský kraj","CISOB",43,"559377","Pňovany"
"CS","Odvozená vazba","KRAJ_NUTS",100,"3042","Plzeňský kraj","CISOB",43,"559393","Přehýšov"
"CS","Odvozená vazba","KRAJ_NUTS",100,"3042","Plzeňský kraj","CISOB",43,"559423","Rochlov"
"CS","Odvozená vazba","KRAJ_NUTS",100,"3042","Plzeňský kraj","CISOB",43,"559431","Rybnice"
"CS","Odvozená vazba","KRAJ_NUTS",100,"3042","Plzeňský kraj","CISOB",43,"559482","Tis u Blatna"
"CS","Odvozená vazba","KRAJ_NUTS",100,"3042","Plzeňský kraj","CISOB",43,"559491","Tlučná"
"CS","Odvozená vazba","KRAJ_NUTS",100,"3042","Plzeňský kraj","CISOB",43,"559504","Trnová"
"CS","Odvozená vazba","KRAJ_NUTS",100,"3042","Plzeňský kraj","CISOB",43,"559521","Třemošná"
"CS","Odvozená vazba","KRAJ_NUTS",100,"3042","Plzeňský kraj","CISOB",43,"559555","Úlice"
"CS","Odvozená vazba","KRAJ_NUTS",100,"3042","Plzeňský kraj","CISOB",43,"559563","Úněšov"
"CS","Odvozená vazba","KRAJ_NUTS",100,"3042","Plzeňský kraj","CISOB",43,"559571","Úterý"
"CS","Odvozená vazba","KRAJ_NUTS",100,"3042","Plzeňský kraj","CISOB",43,"559580","Vejprnice"
"CS","Odvozená vazba","KRAJ_NUTS",100,"3042","Plzeňský kraj","CISOB",43,"559601","Vochov"
"CS","Odvozená vazba","KRAJ_NUTS",100,"3042","Plzeňský kraj","CISOB",43,"559628","Všeruby"
"CS","Odvozená vazba","KRAJ_NUTS",100,"3042","Plzeňský kraj","CISOB",43,"559661","Zbůch"
"CS","Odvozená vazba","KRAJ_NUTS",100,"3042","Plzeňský kraj","CISOB",43,"559679","Zruč-Senec"
"CS","Odvozená vazba","KRAJ_NUTS",100,"3042","Plzeňský kraj","CISOB",43,"559695","Žihle"
"CS","Odvozená vazba","KRAJ_NUTS",100,"3042","Plzeňský kraj","CISOB",43,"559709","Žilov"
"CS","Odvozená vazba","KRAJ_NUTS",100,"3042","Plzeňský kraj","CISOB",43,"559717","Rokycany"
"CS","Odvozená vazba","KRAJ_NUTS",100,"3042","Plzeňský kraj","CISOB",43,"559725","Břasy"
"CS","Odvozená vazba","KRAJ_NUTS",100,"3042","Plzeňský kraj","CISOB",43,"559733","Březina"
"CS","Odvozená vazba","KRAJ_NUTS",100,"3042","Plzeňský kraj","CISOB",43,"559741","Bujesily"
"CS","Odvozená vazba","KRAJ_NUTS",100,"3042","Plzeňský kraj","CISOB",43,"559750","Bušovice"
"CS","Odvozená vazba","KRAJ_NUTS",100,"3042","Plzeňský kraj","CISOB",43,"559768","Cekov"
"CS","Odvozená vazba","KRAJ_NUTS",100,"3042","Plzeňský kraj","CISOB",43,"559776","Dobřív"
"CS","Odvozená vazba","KRAJ_NUTS",100,"3042","Plzeňský kraj","CISOB",43,"559792","Ejpovice"
"CS","Odvozená vazba","KRAJ_NUTS",100,"3042","Plzeňský kraj","CISOB",43,"559806","Hlohovice"
"CS","Odvozená vazba","KRAJ_NUTS",100,"3042","Plzeňský kraj","CISOB",43,"559814","Holoubkov"
"CS","Odvozená vazba","KRAJ_NUTS",100,"3042","Plzeňský kraj","CISOB",43,"559822","Hrádek"
"CS","Odvozená vazba","KRAJ_NUTS",100,"3042","Plzeňský kraj","CISOB",43,"559849","Hůrky"
"CS","Odvozená vazba","KRAJ_NUTS",100,"3042","Plzeňský kraj","CISOB",43,"559857","Cheznovice"
"CS","Odvozená vazba","KRAJ_NUTS",100,"3042","Plzeňský kraj","CISOB",43,"559903","Kařez"
"CS","Odvozená vazba","KRAJ_NUTS",100,"3042","Plzeňský kraj","CISOB",43,"559911","Klabava"
"CS","Odvozená vazba","KRAJ_NUTS",100,"3042","Plzeňský kraj","CISOB",43,"559920","Kladruby"
"CS","Odvozená vazba","KRAJ_NUTS",100,"3042","Plzeňský kraj","CISOB",43,"559946","Lhotka u Radnic"
"CS","Odvozená vazba","KRAJ_NUTS",100,"3042","Plzeňský kraj","CISOB",43,"559954","Liblín"
"CS","Odvozená vazba","KRAJ_NUTS",100,"3042","Plzeňský kraj","CISOB",43,"559962","Líšná"
"CS","Odvozená vazba","KRAJ_NUTS",100,"3042","Plzeňský kraj","CISOB",43,"559997","Mirošov"
"CS","Odvozená vazba","KRAJ_NUTS",100,"3042","Plzeňský kraj","CISOB",43,"560006","Mlečice"
"CS","Odvozená vazba","KRAJ_NUTS",100,"3042","Plzeňský kraj","CISOB",43,"560014","Mýto"
"CS","Odvozená vazba","KRAJ_NUTS",100,"3042","Plzeňský kraj","CISOB",43,"560057","Osek"
"CS","Odvozená vazba","KRAJ_NUTS",100,"3042","Plzeňský kraj","CISOB",43,"560081","Podmokly"
"CS","Odvozená vazba","KRAJ_NUTS",100,"3042","Plzeňský kraj","CISOB",43,"560111","Přívětice"
"CS","Odvozená vazba","KRAJ_NUTS",100,"3042","Plzeňský kraj","CISOB",43,"560120","Radnice"
"CS","Odvozená vazba","KRAJ_NUTS",100,"3042","Plzeňský kraj","CISOB",43,"560146","Sebečice"
"CS","Odvozená vazba","KRAJ_NUTS",100,"3042","Plzeňský kraj","CISOB",43,"560162","Strašice"
"CS","Odvozená vazba","KRAJ_NUTS",100,"3042","Plzeňský kraj","CISOB",43,"560189","Těně"
"CS","Odvozená vazba","KRAJ_NUTS",100,"3042","Plzeňský kraj","CISOB",43,"560227","Vejvanov"
"CS","Odvozená vazba","KRAJ_NUTS",100,"3042","Plzeňský kraj","CISOB",43,"560235","Veselá"
"CS","Odvozená vazba","KRAJ_NUTS",100,"3042","Plzeňský kraj","CISOB",43,"560251","Volduchy"
"CS","Odvozená vazba","KRAJ_NUTS",100,"3042","Plzeňský kraj","CISOB",43,"560260","Zbiroh"
"CS","Odvozená vazba","KRAJ_NUTS",100,"3042","Plzeňský kraj","CISOB",43,"560715","Tachov"
"CS","Odvozená vazba","KRAJ_NUTS",100,"3042","Plzeňský kraj","CISOB",43,"560723","Benešovice"
"CS","Odvozená vazba","KRAJ_NUTS",100,"3042","Plzeňský kraj","CISOB",43,"560740","Bezdružice"
"CS","Odvozená vazba","KRAJ_NUTS",100,"3042","Plzeňský kraj","CISOB",43,"560758","Bor"
"CS","Odvozená vazba","KRAJ_NUTS",100,"3042","Plzeňský kraj","CISOB",43,"560782","Cebiv"
"CS","Odvozená vazba","KRAJ_NUTS",100,"3042","Plzeňský kraj","CISOB",43,"560804","Částkov"
"CS","Odvozená vazba","KRAJ_NUTS",100,"3042","Plzeňský kraj","CISOB",43,"560812","Černošín"
"CS","Odvozená vazba","KRAJ_NUTS",100,"3042","Plzeňský kraj","CISOB",43,"560839","Dlouhý Újezd"
"CS","Odvozená vazba","KRAJ_NUTS",100,"3042","Plzeňský kraj","CISOB",43,"560855","Erpužice"
"CS","Odvozená vazba","KRAJ_NUTS",100,"3042","Plzeňský kraj","CISOB",43,"560863","Halže"
"CS","Odvozená vazba","KRAJ_NUTS",100,"3042","Plzeňský kraj","CISOB",43,"560898","Hošťka"
"CS","Odvozená vazba","KRAJ_NUTS",100,"3042","Plzeňský kraj","CISOB",43,"560901","Chodová Planá"
"CS","Odvozená vazba","KRAJ_NUTS",100,"3042","Plzeňský kraj","CISOB",43,"560910","Chodský Újezd"
"CS","Odvozená vazba","KRAJ_NUTS",100,"3042","Plzeňský kraj","CISOB",43,"560928","Kladruby"
"CS","Odvozená vazba","KRAJ_NUTS",100,"3042","Plzeňský kraj","CISOB",43,"560952","Konstantinovy Lázně"
"CS","Odvozená vazba","KRAJ_NUTS",100,"3042","Plzeňský kraj","CISOB",43,"560979","Kšice"
"CS","Odvozená vazba","KRAJ_NUTS",100,"3042","Plzeňský kraj","CISOB",43,"561002","Lesná"
"CS","Odvozená vazba","KRAJ_NUTS",100,"3042","Plzeňský kraj","CISOB",43,"561011","Lestkov"
"CS","Odvozená vazba","KRAJ_NUTS",100,"3042","Plzeňský kraj","CISOB",43,"561134","Planá"
"CS","Odvozená vazba","KRAJ_NUTS",100,"3042","Plzeňský kraj","CISOB",43,"561151","Přimda"
"CS","Odvozená vazba","KRAJ_NUTS",100,"3042","Plzeňský kraj","CISOB",43,"561169","Rozvadov"
"CS","Odvozená vazba","KRAJ_NUTS",100,"3042","Plzeňský kraj","CISOB",43,"561185","Staré Sedliště"
"CS","Odvozená vazba","KRAJ_NUTS",100,"3042","Plzeňský kraj","CISOB",43,"561193","Staré Sedlo"
"CS","Odvozená vazba","KRAJ_NUTS",100,"3042","Plzeňský kraj","CISOB",43,"561207","Stráž"
"CS","Odvozená vazba","KRAJ_NUTS",100,"3042","Plzeňský kraj","CISOB",43,"561215","Stříbro"
"CS","Odvozená vazba","KRAJ_NUTS",100,"3042","Plzeňský kraj","CISOB",43,"561223","Studánka"
"CS","Odvozená vazba","KRAJ_NUTS",100,"3042","Plzeňský kraj","CISOB",43,"561231","Sulislav"
"CS","Odvozená vazba","KRAJ_NUTS",100,"3042","Plzeňský kraj","CISOB",43,"561258","Svojšín"
"CS","Odvozená vazba","KRAJ_NUTS",100,"3042","Plzeňský kraj","CISOB",43,"561291","Trpísty"
"CS","Odvozená vazba","KRAJ_NUTS",100,"3042","Plzeňský kraj","CISOB",43,"561304","Třemešné"
"CS","Odvozená vazba","KRAJ_NUTS",100,"3042","Plzeňský kraj","CISOB",43,"566055","Vřeskovice"
"CS","Odvozená vazba","KRAJ_NUTS",100,"3042","Plzeňský kraj","CISOB",43,"566071","Všekary"
"CS","Odvozená vazba","KRAJ_NUTS",100,"3042","Plzeňský kraj","CISOB",43,"566080","Čečovice"
"CS","Odvozená vazba","KRAJ_NUTS",100,"3042","Plzeňský kraj","CISOB",43,"566098","Černovice"
"CS","Odvozená vazba","KRAJ_NUTS",100,"3042","Plzeňský kraj","CISOB",43,"566101","Štichov"
"CS","Odvozená vazba","KRAJ_NUTS",100,"3042","Plzeňský kraj","CISOB",43,"566136","Brnířov"
"CS","Odvozená vazba","KRAJ_NUTS",100,"3042","Plzeňský kraj","CISOB",43,"566144","Kanice"
"CS","Odvozená vazba","KRAJ_NUTS",100,"3042","Plzeňský kraj","CISOB",43,"566161","Úboč"
"CS","Odvozená vazba","KRAJ_NUTS",100,"3042","Plzeňský kraj","CISOB",43,"566179","Hradiště"
"CS","Odvozená vazba","KRAJ_NUTS",100,"3042","Plzeňský kraj","CISOB",43,"566209","Otov"
"CS","Odvozená vazba","KRAJ_NUTS",100,"3042","Plzeňský kraj","CISOB",43,"566250","Vlkanov"
"CS","Odvozená vazba","KRAJ_NUTS",100,"3042","Plzeňský kraj","CISOB",43,"566276","Hora Svatého Václava"
"CS","Odvozená vazba","KRAJ_NUTS",100,"3042","Plzeňský kraj","CISOB",43,"566292","Mnichov"
"CS","Odvozená vazba","KRAJ_NUTS",100,"3042","Plzeňský kraj","CISOB",43,"566331","Hvožďany"
"CS","Odvozená vazba","KRAJ_NUTS",100,"3042","Plzeňský kraj","CISOB",43,"566365","Poděvousy"
"CS","Odvozená vazba","KRAJ_NUTS",100,"3042","Plzeňský kraj","CISOB",43,"566373","Pelechy"
"CS","Odvozená vazba","KRAJ_NUTS",100,"3042","Plzeňský kraj","CISOB",43,"566390","Hlince"
"CS","Odvozená vazba","KRAJ_NUTS",100,"3042","Plzeňský kraj","CISOB",43,"566420","Líté"
"CS","Odvozená vazba","KRAJ_NUTS",100,"3042","Plzeňský kraj","CISOB",43,"566446","Loza"
"CS","Odvozená vazba","KRAJ_NUTS",100,"3042","Plzeňský kraj","CISOB",43,"566462","Lochousice"
"CS","Odvozená vazba","KRAJ_NUTS",100,"3042","Plzeňský kraj","CISOB",43,"566471","Bohy"
"CS","Odvozená vazba","KRAJ_NUTS",100,"3042","Plzeňský kraj","CISOB",43,"566489","Brodeslavy"
"CS","Odvozená vazba","KRAJ_NUTS",100,"3042","Plzeňský kraj","CISOB",43,"566497","Všehrdy"
"CS","Odvozená vazba","KRAJ_NUTS",100,"3042","Plzeňský kraj","CISOB",43,"566543","Myslinka"
"CS","Odvozená vazba","KRAJ_NUTS",100,"3042","Plzeňský kraj","CISOB",43,"566594","Újezd nade Mží"
"CS","Odvozená vazba","KRAJ_NUTS",100,"3042","Plzeňský kraj","CISOB",43,"566632","Černíkovice"
"CS","Odvozená vazba","KRAJ_NUTS",100,"3042","Plzeňský kraj","CISOB",43,"566641","Hlohovčice"
"CS","Odvozená vazba","KRAJ_NUTS",100,"3042","Plzeňský kraj","CISOB",43,"566683","Dražovice"
"CS","Odvozená vazba","KRAJ_NUTS",100,"3042","Plzeňský kraj","CISOB",43,"566691","Vlčí"
"CS","Odvozená vazba","KRAJ_NUTS",100,"3042","Plzeňský kraj","CISOB",43,"566705","Borovno"
"CS","Odvozená vazba","KRAJ_NUTS",100,"3042","Plzeňský kraj","CISOB",43,"566730","Holovousy"
"CS","Odvozená vazba","KRAJ_NUTS",100,"3042","Plzeňský kraj","CISOB",43,"566748","Slatina"
"CS","Odvozená vazba","KRAJ_NUTS",100,"3042","Plzeňský kraj","CISOB",43,"566756","Bdeněves"
"CS","Odvozená vazba","KRAJ_NUTS",100,"3042","Plzeňský kraj","CISOB",43,"566764","Blažim"
"CS","Odvozená vazba","KRAJ_NUTS",100,"3042","Plzeňský kraj","CISOB",43,"566781","Pastuchovice"
"CS","Odvozená vazba","KRAJ_NUTS",100,"3042","Plzeňský kraj","CISOB",43,"566799","Všenice"
"CS","Odvozená vazba","KRAJ_NUTS",100,"3042","Plzeňský kraj","CISOB",43,"566802","Terešov"
"CS","Odvozená vazba","KRAJ_NUTS",100,"3042","Plzeňský kraj","CISOB",43,"566811","Kamenec"
"CS","Odvozená vazba","KRAJ_NUTS",100,"3042","Plzeňský kraj","CISOB",43,"566837","Němčovice"
"CS","Odvozená vazba","KRAJ_NUTS",100,"3042","Plzeňský kraj","CISOB",43,"566845","Skomelno"
"CS","Odvozená vazba","KRAJ_NUTS",100,"3042","Plzeňský kraj","CISOB",43,"566861","Plískov"
"CS","Odvozená vazba","KRAJ_NUTS",100,"3042","Plzeňský kraj","CISOB",43,"566888","Olbramov"
"CS","Odvozená vazba","KRAJ_NUTS",100,"3042","Plzeňský kraj","CISOB",43,"566942","Raková"
"CS","Odvozená vazba","KRAJ_NUTS",100,"3042","Plzeňský kraj","CISOB",43,"566969","Výrov"
"CS","Odvozená vazba","KRAJ_NUTS",100,"3042","Plzeňský kraj","CISOB",43,"566993","Ostrovec-Lhotka"
"CS","Odvozená vazba","KRAJ_NUTS",100,"3042","Plzeňský kraj","CISOB",43,"567001","Lhota pod Radčem"
"CS","Odvozená vazba","KRAJ_NUTS",100,"3042","Plzeňský kraj","CISOB",43,"567086","Příšov"
"CS","Odvozená vazba","KRAJ_NUTS",100,"3042","Plzeňský kraj","CISOB",43,"578061","Ostřetice"
"CS","Odvozená vazba","KRAJ_NUTS",100,"3042","Plzeňský kraj","CISOB",43,"578070","Lomec"
"CS","Odvozená vazba","KRAJ_NUTS",100,"3042","Plzeňský kraj","CISOB",43,"578088","Biřkov"
"CS","Odvozená vazba","KRAJ_NUTS",100,"3042","Plzeňský kraj","CISOB",43,"578177","Kovčín"
"CS","Odvozená vazba","KRAJ_NUTS",100,"3042","Plzeňský kraj","CISOB",43,"578223","Nehodiv"
"CS","Odvozená vazba","KRAJ_NUTS",100,"3042","Plzeňský kraj","CISOB",43,"578240","Hamry"
"CS","Odvozená vazba","KRAJ_NUTS",100,"3042","Plzeňský kraj","CISOB",43,"578312","Zborovy"
"CS","Odvozená vazba","KRAJ_NUTS",100,"3042","Plzeňský kraj","CISOB",43,"578321","Újezd u Plánice"
"CS","Odvozená vazba","KRAJ_NUTS",100,"3042","Plzeňský kraj","CISOB",43,"578410","Maňovice"
"CS","Odvozená vazba","KRAJ_NUTS",100,"3042","Plzeňský kraj","CISOB",43,"578436","Slatina"
"CS","Odvozená vazba","KRAJ_NUTS",100,"3042","Plzeňský kraj","CISOB",43,"578461","Mezihoří"
"CS","Odvozená vazba","KRAJ_NUTS",100,"3042","Plzeňský kraj","CISOB",43,"578495","Čímice"
"CS","Odvozená vazba","KRAJ_NUTS",100,"3042","Plzeňský kraj","CISOB",43,"578517","Domoraz"
"CS","Odvozená vazba","KRAJ_NUTS",100,"3042","Plzeňský kraj","CISOB",43,"578525","Frymburk"
"CS","Odvozená vazba","KRAJ_NUTS",100,"3042","Plzeňský kraj","CISOB",43,"578533","Nezamyslice"
"CS","Odvozená vazba","KRAJ_NUTS",100,"3042","Plzeňský kraj","CISOB",43,"578541","Jarov"
"CS","Odvozená vazba","KRAJ_NUTS",100,"3042","Plzeňský kraj","CISOB",43,"578568","Čmelíny"
"CS","Odvozená vazba","KRAJ_NUTS",100,"3042","Plzeňský kraj","CISOB",43,"578592","Třebčice"
"CS","Odvozená vazba","KRAJ_NUTS",100,"3042","Plzeňský kraj","CISOB",43,"578606","Lhůta"
"CS","Odvozená vazba","KRAJ_NUTS",100,"3042","Plzeňský kraj","CISOB",43,"578614","Tojice"
"CS","Odvozená vazba","KRAJ_NUTS",100,"3042","Plzeňský kraj","CISOB",43,"578665","Dražeň"
"CS","Odvozená vazba","KRAJ_NUTS",100,"3042","Plzeňský kraj","CISOB",43,"578771","Kočín"
"CS","Odvozená vazba","KRAJ_NUTS",100,"3042","Plzeňský kraj","CISOB",43,"578797","Štichovice"
"CS","Odvozená vazba","KRAJ_NUTS",100,"3042","Plzeňský kraj","CISOB",43,"578827","Zahrádka"
"CS","Odvozená vazba","KRAJ_NUTS",100,"3042","Plzeňský kraj","CISOB",43,"578924","Velečín"
"CS","Odvozená vazba","KRAJ_NUTS",100,"3042","Plzeňský kraj","CISOB",43,"578983","Tatiná"
"CS","Odvozená vazba","KRAJ_NUTS",100,"3042","Plzeňský kraj","CISOB",43,"579009","Medový Újezd"
"CS","Odvozená vazba","KRAJ_NUTS",100,"3042","Plzeňský kraj","CISOB",43,"579017","Kakejcov"
"CS","Odvozená vazba","KRAJ_NUTS",100,"3042","Plzeňský kraj","CISOB",43,"579033","Kornatice"
"CS","Odvozená vazba","KRAJ_NUTS",100,"3042","Plzeňský kraj","CISOB",43,"579084","Mešno"
"CS","Odvozená vazba","KRAJ_NUTS",100,"3042","Plzeňský kraj","CISOB",43,"579131","Příkosice"
"CS","Odvozená vazba","KRAJ_NUTS",100,"3042","Plzeňský kraj","CISOB",43,"579246","Trokavec"
"CS","Odvozená vazba","KRAJ_NUTS",100,"3042","Plzeňský kraj","CISOB",43,"579289","Vísky"
"CS","Odvozená vazba","KRAJ_NUTS",100,"3042","Plzeňský kraj","CISOB",43,"579343","Štítov"
"CS","Odvozená vazba","KRAJ_NUTS",100,"3042","Plzeňský kraj","CISOB",43,"579459","Ctiboř"
"CS","Odvozená vazba","KRAJ_NUTS",100,"3042","Plzeňský kraj","CISOB",43,"579467","Skapce"
"CS","Odvozená vazba","KRAJ_NUTS",100,"3042","Plzeňský kraj","CISOB",43,"579491","Vranov"
"CS","Odvozená vazba","KRAJ_NUTS",100,"3042","Plzeňský kraj","CISOB",43,"599131","Nová Ves"
"CS","Odvozená vazba","KRAJ_NUTS",100,"3042","Plzeňský kraj","CISOB",43,"599166","Němčice"
"CS","Odvozená vazba","KRAJ_NUTS",100,"3042","Plzeňský kraj","CISOB",43,"599174","Močerady"
"CS","Odvozená vazba","KRAJ_NUTS",100,"3042","Plzeňský kraj","CISOB",43,"599182","Pařezov"
"CS","Odvozená vazba","KRAJ_NUTS",100,"3051","Karlovarský kraj","CISOB",43,"500101","Bražec"
"CS","Odvozená vazba","KRAJ_NUTS",100,"3051","Karlovarský kraj","CISOB",43,"500127","Doupovské Hradiště"
"CS","Odvozená vazba","KRAJ_NUTS",100,"3051","Karlovarský kraj","CISOB",43,"506486","Boží Dar"
"CS","Odvozená vazba","KRAJ_NUTS",100,"3051","Karlovarský kraj","CISOB",43,"506494","Nové Hamry"
"CS","Odvozená vazba","KRAJ_NUTS",100,"3051","Karlovarský kraj","CISOB",43,"506621","Čichalov"
"CS","Odvozená vazba","KRAJ_NUTS",100,"3051","Karlovarský kraj","CISOB",43,"511587","Josefov"
"CS","Odvozená vazba","KRAJ_NUTS",100,"3051","Karlovarský kraj","CISOB",43,"537845","Teplička"
"CS","Odvozená vazba","KRAJ_NUTS",100,"3051","Karlovarský kraj","CISOB",43,"537870","Březová"
"CS","Odvozená vazba","KRAJ_NUTS",100,"3051","Karlovarský kraj","CISOB",43,"537918","Dalovice"
"CS","Odvozená vazba","KRAJ_NUTS",100,"3051","Karlovarský kraj","CISOB",43,"537926","Jenišov"
"CS","Odvozená vazba","KRAJ_NUTS",100,"3051","Karlovarský kraj","CISOB",43,"537934","Mírová"
"CS","Odvozená vazba","KRAJ_NUTS",100,"3051","Karlovarský kraj","CISOB",43,"537969","Otovice"
"CS","Odvozená vazba","KRAJ_NUTS",100,"3051","Karlovarský kraj","CISOB",43,"538001","Andělská Hora"
"CS","Odvozená vazba","KRAJ_NUTS",100,"3051","Karlovarský kraj","CISOB",43,"538019","Černava"
"CS","Odvozená vazba","KRAJ_NUTS",100,"3051","Karlovarský kraj","CISOB",43,"538027","Smolné Pece"
"CS","Odvozená vazba","KRAJ_NUTS",100,"3051","Karlovarský kraj","CISOB",43,"538116","Děpoltovice"
"CS","Odvozená vazba","KRAJ_NUTS",100,"3051","Karlovarský kraj","CISOB",43,"538159","Hájek"
"CS","Odvozená vazba","KRAJ_NUTS",100,"3051","Karlovarský kraj","CISOB",43,"538337","Krásno"
"CS","Odvozená vazba","KRAJ_NUTS",100,"3051","Karlovarský kraj","CISOB",43,"538396","Šabina"
"CS","Odvozená vazba","KRAJ_NUTS",100,"3051","Karlovarský kraj","CISOB",43,"538434","Svatava"
"CS","Odvozená vazba","KRAJ_NUTS",100,"3051","Karlovarský kraj","CISOB",43,"538591","Dolní Rychnov"
"CS","Odvozená vazba","KRAJ_NUTS",100,"3051","Karlovarský kraj","CISOB",43,"538663","Tatrovice"
"CS","Odvozená vazba","KRAJ_NUTS",100,"3051","Karlovarský kraj","CISOB",43,"538795","Krásná"
"CS","Odvozená vazba","KRAJ_NUTS",100,"3051","Karlovarský kraj","CISOB",43,"538817","Podhradí"
"CS","Odvozená vazba","KRAJ_NUTS",100,"3051","Karlovarský kraj","CISOB",43,"538868","Pomezí nad Ohří"
"CS","Odvozená vazba","KRAJ_NUTS",100,"3051","Karlovarský kraj","CISOB",43,"538906","Milíkov"
"CS","Odvozená vazba","KRAJ_NUTS",100,"3051","Karlovarský kraj","CISOB",43,"538922","Okrouhlá"
"CS","Odvozená vazba","KRAJ_NUTS",100,"3051","Karlovarský kraj","CISOB",43,"539023","Třebeň"
"CS","Odvozená vazba","KRAJ_NUTS",100,"3051","Karlovarský kraj","CISOB",43,"539074","Vojtanov"
"CS","Odvozená vazba","KRAJ_NUTS",100,"3051","Karlovarský kraj","CISOB",43,"539112","Stará Voda"
"CS","Odvozená vazba","KRAJ_NUTS",100,"3051","Karlovarský kraj","CISOB",43,"539279","Velká Hleďsebe"
"CS","Odvozená vazba","KRAJ_NUTS",100,"3051","Karlovarský kraj","CISOB",43,"539376","Vlkovice"
"CS","Odvozená vazba","KRAJ_NUTS",100,"3051","Karlovarský kraj","CISOB",43,"539431","Zádub-Závišín"
"CS","Odvozená vazba","KRAJ_NUTS",100,"3051","Karlovarský kraj","CISOB",43,"539473","Ovesné Kladruby"
"CS","Odvozená vazba","KRAJ_NUTS",100,"3051","Karlovarský kraj","CISOB",43,"539481","Valy"
"CS","Odvozená vazba","KRAJ_NUTS",100,"3051","Karlovarský kraj","CISOB",43,"539538","Prameny"
"CS","Odvozená vazba","KRAJ_NUTS",100,"3051","Karlovarský kraj","CISOB",43,"539554","Odrava"
"CS","Odvozená vazba","KRAJ_NUTS",100,"3051","Karlovarský kraj","CISOB",43,"539619","Tuřany"
"CS","Odvozená vazba","KRAJ_NUTS",100,"3051","Karlovarský kraj","CISOB",43,"551651","Hory"
"CS","Odvozená vazba","KRAJ_NUTS",100,"3051","Karlovarský kraj","CISOB",43,"554481","Cheb"
"CS","Odvozená vazba","KRAJ_NUTS",100,"3051","Karlovarský kraj","CISOB",43,"554499","Aš"
"CS","Odvozená vazba","KRAJ_NUTS",100,"3051","Karlovarský kraj","CISOB",43,"554502","Dolní Žandov"
"CS","Odvozená vazba","KRAJ_NUTS",100,"3051","Karlovarský kraj","CISOB",43,"554511","Drmoul"
"CS","Odvozená vazba","KRAJ_NUTS",100,"3051","Karlovarský kraj","CISOB",43,"554529","Františkovy Lázně"
"CS","Odvozená vazba","KRAJ_NUTS",100,"3051","Karlovarský kraj","CISOB",43,"554545","Hazlov"
"CS","Odvozená vazba","KRAJ_NUTS",100,"3051","Karlovarský kraj","CISOB",43,"554553","Hranice"
"CS","Odvozená vazba","KRAJ_NUTS",100,"3051","Karlovarský kraj","CISOB",43,"554596","Křižovatka"
"CS","Odvozená vazba","KRAJ_NUTS",100,"3051","Karlovarský kraj","CISOB",43,"554600","Lázně Kynžvart"
"CS","Odvozená vazba","KRAJ_NUTS",100,"3051","Karlovarský kraj","CISOB",43,"554618","Libá"
"CS","Odvozená vazba","KRAJ_NUTS",100,"3051","Karlovarský kraj","CISOB",43,"554626","Lipová"
"CS","Odvozená vazba","KRAJ_NUTS",100,"3051","Karlovarský kraj","CISOB",43,"554634","Luby"
"CS","Odvozená vazba","KRAJ_NUTS",100,"3051","Karlovarský kraj","CISOB",43,"554642","Mariánské Lázně"
"CS","Odvozená vazba","KRAJ_NUTS",100,"3051","Karlovarský kraj","CISOB",43,"554651","Milhostov"
"CS","Odvozená vazba","KRAJ_NUTS",100,"3051","Karlovarský kraj","CISOB",43,"554677","Mnichov"
"CS","Odvozená vazba","KRAJ_NUTS",100,"3051","Karlovarský kraj","CISOB",43,"554693","Nebanice"
"CS","Odvozená vazba","KRAJ_NUTS",100,"3051","Karlovarský kraj","CISOB",43,"554707","Nový Kostel"
"CS","Odvozená vazba","KRAJ_NUTS",100,"3051","Karlovarský kraj","CISOB",43,"554740","Plesná"
"CS","Odvozená vazba","KRAJ_NUTS",100,"3051","Karlovarský kraj","CISOB",43,"554812","Skalná"
"CS","Odvozená vazba","KRAJ_NUTS",100,"3051","Karlovarský kraj","CISOB",43,"554855","Trstěnice"
"CS","Odvozená vazba","KRAJ_NUTS",100,"3051","Karlovarský kraj","CISOB",43,"554880","Tři Sekery"
"CS","Odvozená vazba","KRAJ_NUTS",100,"3051","Karlovarský kraj","CISOB",43,"554961","Karlovy Vary"
"CS","Odvozená vazba","KRAJ_NUTS",100,"3051","Karlovarský kraj","CISOB",43,"554979","Abertamy"
"CS","Odvozená vazba","KRAJ_NUTS",100,"3051","Karlovarský kraj","CISOB",43,"554995","Bečov nad Teplou"
"CS","Odvozená vazba","KRAJ_NUTS",100,"3051","Karlovarský kraj","CISOB",43,"555029","Bochov"
"CS","Odvozená vazba","KRAJ_NUTS",100,"3051","Karlovarský kraj","CISOB",43,"555045","Božičany"
"CS","Odvozená vazba","KRAJ_NUTS",100,"3051","Karlovarský kraj","CISOB",43,"555169","Horní Blatná"
"CS","Odvozená vazba","KRAJ_NUTS",100,"3051","Karlovarský kraj","CISOB",43,"555177","Hradiště"
"CS","Odvozená vazba","KRAJ_NUTS",100,"3051","Karlovarský kraj","CISOB",43,"555185","Hroznětín"
"CS","Odvozená vazba","KRAJ_NUTS",100,"3051","Karlovarský kraj","CISOB",43,"555207","Chyše"
"CS","Odvozená vazba","KRAJ_NUTS",100,"3051","Karlovarský kraj","CISOB",43,"555215","Jáchymov"
"CS","Odvozená vazba","KRAJ_NUTS",100,"3051","Karlovarský kraj","CISOB",43,"555258","Kolová"
"CS","Odvozená vazba","KRAJ_NUTS",100,"3051","Karlovarský kraj","CISOB",43,"555304","Krásné Údolí"
"CS","Odvozená vazba","KRAJ_NUTS",100,"3051","Karlovarský kraj","CISOB",43,"555347","Kyselka"
"CS","Odvozená vazba","KRAJ_NUTS",100,"3051","Karlovarský kraj","CISOB",43,"555363","Merklín"
"CS","Odvozená vazba","KRAJ_NUTS",100,"3051","Karlovarský kraj","CISOB",43,"555380","Nejdek"
"CS","Odvozená vazba","KRAJ_NUTS",100,"3051","Karlovarský kraj","CISOB",43,"555398","Nová Role"
"CS","Odvozená vazba","KRAJ_NUTS",100,"3051","Karlovarský kraj","CISOB",43,"555428","Ostrov"
"CS","Odvozená vazba","KRAJ_NUTS",100,"3051","Karlovarský kraj","CISOB",43,"555444","Otročín"
"CS","Odvozená vazba","KRAJ_NUTS",100,"3051","Karlovarský kraj","CISOB",43,"555452","Pernink"
"CS","Odvozená vazba","KRAJ_NUTS",100,"3051","Karlovarský kraj","CISOB",43,"555479","Potůčky"
"CS","Odvozená vazba","KRAJ_NUTS",100,"3051","Karlovarský kraj","CISOB",43,"555525","Pšov"
"CS","Odvozená vazba","KRAJ_NUTS",100,"3051","Karlovarský kraj","CISOB",43,"555533","Sadov"
"CS","Odvozená vazba","KRAJ_NUTS",100,"3051","Karlovarský kraj","CISOB",43,"555550","Stanovice"
"CS","Odvozená vazba","KRAJ_NUTS",100,"3051","Karlovarský kraj","CISOB",43,"555584","Stráž nad Ohří"
"CS","Odvozená vazba","KRAJ_NUTS",100,"3051","Karlovarský kraj","CISOB",43,"555592","Stružná"
"CS","Odvozená vazba","KRAJ_NUTS",100,"3051","Karlovarský kraj","CISOB",43,"555614","Šemnice"
"CS","Odvozená vazba","KRAJ_NUTS",100,"3051","Karlovarský kraj","CISOB",43,"555622","Štědrá"
"CS","Odvozená vazba","KRAJ_NUTS",100,"3051","Karlovarský kraj","CISOB",43,"555631","Teplá"
"CS","Odvozená vazba","KRAJ_NUTS",100,"3051","Karlovarský kraj","CISOB",43,"555657","Toužim"
"CS","Odvozená vazba","KRAJ_NUTS",100,"3051","Karlovarský kraj","CISOB",43,"555681","Útvina"
"CS","Odvozená vazba","KRAJ_NUTS",100,"3051","Karlovarský kraj","CISOB",43,"555690","Valeč"
"CS","Odvozená vazba","KRAJ_NUTS",100,"3051","Karlovarský kraj","CISOB",43,"555703","Velichov"
"CS","Odvozená vazba","KRAJ_NUTS",100,"3051","Karlovarský kraj","CISOB",43,"555711","Verušičky"
"CS","Odvozená vazba","KRAJ_NUTS",100,"3051","Karlovarský kraj","CISOB",43,"555738","Vojkovice"
"CS","Odvozená vazba","KRAJ_NUTS",100,"3051","Karlovarský kraj","CISOB",43,"555762","Žlutice"
"CS","Odvozená vazba","KRAJ_NUTS",100,"3051","Karlovarský kraj","CISOB",43,"556947","Pila"
"CS","Odvozená vazba","KRAJ_NUTS",100,"3051","Karlovarský kraj","CISOB",43,"560286","Sokolov"
"CS","Odvozená vazba","KRAJ_NUTS",100,"3051","Karlovarský kraj","CISOB",43,"560294","Březová"
"CS","Odvozená vazba","KRAJ_NUTS",100,"3051","Karlovarský kraj","CISOB",43,"560308","Bublava"
"CS","Odvozená vazba","KRAJ_NUTS",100,"3051","Karlovarský kraj","CISOB",43,"560316","Bukovany"
"CS","Odvozená vazba","KRAJ_NUTS",100,"3051","Karlovarský kraj","CISOB",43,"560324","Citice"
"CS","Odvozená vazba","KRAJ_NUTS",100,"3051","Karlovarský kraj","CISOB",43,"560332","Dasnice"
"CS","Odvozená vazba","KRAJ_NUTS",100,"3051","Karlovarský kraj","CISOB",43,"560341","Dolní Nivy"
"CS","Odvozená vazba","KRAJ_NUTS",100,"3051","Karlovarský kraj","CISOB",43,"560359","Habartov"
"CS","Odvozená vazba","KRAJ_NUTS",100,"3051","Karlovarský kraj","CISOB",43,"560367","Horní Slavkov"
"CS","Odvozená vazba","KRAJ_NUTS",100,"3051","Karlovarský kraj","CISOB",43,"560375","Chlum Svaté Maří"
"CS","Odvozená vazba","KRAJ_NUTS",100,"3051","Karlovarský kraj","CISOB",43,"560383","Chodov"
"CS","Odvozená vazba","KRAJ_NUTS",100,"3051","Karlovarský kraj","CISOB",43,"560413","Jindřichovice"
"CS","Odvozená vazba","KRAJ_NUTS",100,"3051","Karlovarský kraj","CISOB",43,"560421","Kaceřov"
"CS","Odvozená vazba","KRAJ_NUTS",100,"3051","Karlovarský kraj","CISOB",43,"560456","Krajková"
"CS","Odvozená vazba","KRAJ_NUTS",100,"3051","Karlovarský kraj","CISOB",43,"560464","Královské Poříčí"
"CS","Odvozená vazba","KRAJ_NUTS",100,"3051","Karlovarský kraj","CISOB",43,"560472","Kraslice"
"CS","Odvozená vazba","KRAJ_NUTS",100,"3051","Karlovarský kraj","CISOB",43,"560499","Kynšperk nad Ohří"
"CS","Odvozená vazba","KRAJ_NUTS",100,"3051","Karlovarský kraj","CISOB",43,"560502","Libavské Údolí"
"CS","Odvozená vazba","KRAJ_NUTS",100,"3051","Karlovarský kraj","CISOB",43,"560537","Loket"
"CS","Odvozená vazba","KRAJ_NUTS",100,"3051","Karlovarský kraj","CISOB",43,"560545","Lomnice"
"CS","Odvozená vazba","KRAJ_NUTS",100,"3051","Karlovarský kraj","CISOB",43,"560561","Nová Ves"
"CS","Odvozená vazba","KRAJ_NUTS",100,"3051","Karlovarský kraj","CISOB",43,"560570","Nové Sedlo"
"CS","Odvozená vazba","KRAJ_NUTS",100,"3051","Karlovarský kraj","CISOB",43,"560588","Oloví"
"CS","Odvozená vazba","KRAJ_NUTS",100,"3051","Karlovarský kraj","CISOB",43,"560596","Přebuz"
"CS","Odvozená vazba","KRAJ_NUTS",100,"3051","Karlovarský kraj","CISOB",43,"560600","Rotava"
"CS","Odvozená vazba","KRAJ_NUTS",100,"3051","Karlovarský kraj","CISOB",43,"560618","Rovná"
"CS","Odvozená vazba","KRAJ_NUTS",100,"3051","Karlovarský kraj","CISOB",43,"560642","Staré Sedlo"
"CS","Odvozená vazba","KRAJ_NUTS",100,"3051","Karlovarský kraj","CISOB",43,"560651","Stříbrná"
"CS","Odvozená vazba","KRAJ_NUTS",100,"3051","Karlovarský kraj","CISOB",43,"560677","Šindelová"
"CS","Odvozená vazba","KRAJ_NUTS",100,"3051","Karlovarský kraj","CISOB",43,"560685","Vintířov"
"CS","Odvozená vazba","KRAJ_NUTS",100,"3051","Karlovarský kraj","CISOB",43,"560707","Vřesová"
"CS","Odvozená vazba","KRAJ_NUTS",100,"3051","Karlovarský kraj","CISOB",43,"566675","Vrbice"
"CS","Odvozená vazba","KRAJ_NUTS",100,"3051","Karlovarský kraj","CISOB",43,"577979","Poustka"
"CS","Odvozená vazba","KRAJ_NUTS",100,"3051","Karlovarský kraj","CISOB",43,"578002","Velký Luh"
"CS","Odvozená vazba","KRAJ_NUTS",100,"3051","Karlovarský kraj","CISOB",43,"578011","Chodov"
"CS","Odvozená vazba","KRAJ_NUTS",100,"3051","Karlovarský kraj","CISOB",43,"578029","Vysoká Pec"
"CS","Odvozená vazba","KRAJ_NUTS",100,"3051","Karlovarský kraj","CISOB",43,"578045","Krásný Les"
"CS","Odvozená vazba","KRAJ_NUTS",100,"3051","Karlovarský kraj","CISOB",43,"579360","Těšovice"
"CS","Odvozená vazba","KRAJ_NUTS",100,"3069","Ústecký kraj","CISOB",43,"505528","Jenčice"
"CS","Odvozená vazba","KRAJ_NUTS",100,"3069","Ústecký kraj","CISOB",43,"530395","Janská"
"CS","Odvozená vazba","KRAJ_NUTS",100,"3069","Ústecký kraj","CISOB",43,"530417","Doubice"
"CS","Odvozená vazba","KRAJ_NUTS",100,"3069","Ústecký kraj","CISOB",43,"530506","Miřejovice"
"CS","Odvozená vazba","KRAJ_NUTS",100,"3069","Ústecký kraj","CISOB",43,"530557","Kozly"
"CS","Odvozená vazba","KRAJ_NUTS",100,"3069","Ústecký kraj","CISOB",43,"530565","Želkovice"
"CS","Odvozená vazba","KRAJ_NUTS",100,"3069","Ústecký kraj","CISOB",43,"530581","Čeradice"
"CS","Odvozená vazba","KRAJ_NUTS",100,"3069","Ústecký kraj","CISOB",43,"530590","Libočany"
"CS","Odvozená vazba","KRAJ_NUTS",100,"3069","Ústecký kraj","CISOB",43,"530603","Zálužice"
"CS","Odvozená vazba","KRAJ_NUTS",100,"3069","Ústecký kraj","CISOB",43,"530620","Přestanov"
"CS","Odvozená vazba","KRAJ_NUTS",100,"3069","Ústecký kraj","CISOB",43,"542407","Trnovany"
"CS","Odvozená vazba","KRAJ_NUTS",100,"3069","Ústecký kraj","CISOB",43,"542423","Černouček"
"CS","Odvozená vazba","KRAJ_NUTS",100,"3069","Ústecký kraj","CISOB",43,"542440","Oleško"
"CS","Odvozená vazba","KRAJ_NUTS",100,"3069","Ústecký kraj","CISOB",43,"542482","Záluží"
"CS","Odvozená vazba","KRAJ_NUTS",100,"3069","Ústecký kraj","CISOB",43,"542491","Malíč"
"CS","Odvozená vazba","KRAJ_NUTS",100,"3069","Ústecký kraj","CISOB",43,"542521","Michalovice"
"CS","Odvozená vazba","KRAJ_NUTS",100,"3069","Ústecký kraj","CISOB",43,"542539","Píšťany"
"CS","Odvozená vazba","KRAJ_NUTS",100,"3069","Ústecký kraj","CISOB",43,"542547","Blšany u Loun"
"CS","Odvozená vazba","KRAJ_NUTS",100,"3069","Ústecký kraj","CISOB",43,"542555","Opočno"
"CS","Odvozená vazba","KRAJ_NUTS",100,"3069","Ústecký kraj","CISOB",43,"542571","Cítoliby"
"CS","Odvozená vazba","KRAJ_NUTS",100,"3069","Ústecký kraj","CISOB",43,"542580","Obora"
"CS","Odvozená vazba","KRAJ_NUTS",100,"3069","Ústecký kraj","CISOB",43,"542628","Černčice"
"CS","Odvozená vazba","KRAJ_NUTS",100,"3069","Ústecký kraj","CISOB",43,"542636","Nová Ves"
"CS","Odvozená vazba","KRAJ_NUTS",100,"3069","Ústecký kraj","CISOB",43,"543012","Žerotín"
"CS","Odvozená vazba","KRAJ_NUTS",100,"3069","Ústecký kraj","CISOB",43,"543128","Staňkovice"
"CS","Odvozená vazba","KRAJ_NUTS",100,"3069","Ústecký kraj","CISOB",43,"544647","Bynovec"
"CS","Odvozená vazba","KRAJ_NUTS",100,"3069","Ústecký kraj","CISOB",43,"544680","Janov"
"CS","Odvozená vazba","KRAJ_NUTS",100,"3069","Ústecký kraj","CISOB",43,"544701","Labská Stráň"
"CS","Odvozená vazba","KRAJ_NUTS",100,"3069","Ústecký kraj","CISOB",43,"545538","Starý Šachov"
"CS","Odvozená vazba","KRAJ_NUTS",100,"3069","Ústecký kraj","CISOB",43,"545678","Markvartice"
"CS","Odvozená vazba","KRAJ_NUTS",100,"3069","Ústecký kraj","CISOB",43,"545708","Lobendava"
"CS","Odvozená vazba","KRAJ_NUTS",100,"3069","Ústecký kraj","CISOB",43,"545783","Dobrná"
"CS","Odvozená vazba","KRAJ_NUTS",100,"3069","Ústecký kraj","CISOB",43,"545791","Merboltice"
"CS","Odvozená vazba","KRAJ_NUTS",100,"3069","Ústecký kraj","CISOB",43,"545856","Dolní Habartice"
"CS","Odvozená vazba","KRAJ_NUTS",100,"3069","Ústecký kraj","CISOB",43,"545899","Františkov nad Ploučnicí"
"CS","Odvozená vazba","KRAJ_NUTS",100,"3069","Ústecký kraj","CISOB",43,"545929","Horní Habartice"
"CS","Odvozená vazba","KRAJ_NUTS",100,"3069","Ústecký kraj","CISOB",43,"546011","Jimlín"
"CS","Odvozená vazba","KRAJ_NUTS",100,"3069","Ústecký kraj","CISOB",43,"546062","Pesvice"
"CS","Odvozená vazba","KRAJ_NUTS",100,"3069","Ústecký kraj","CISOB",43,"546071","Račetice"
"CS","Odvozená vazba","KRAJ_NUTS",100,"3069","Ústecký kraj","CISOB",43,"546160","Nezabylice"
"CS","Odvozená vazba","KRAJ_NUTS",100,"3069","Ústecký kraj","CISOB",43,"546178","Úherce"
"CS","Odvozená vazba","KRAJ_NUTS",100,"3069","Ústecký kraj","CISOB",43,"546186","Ryjice"
"CS","Odvozená vazba","KRAJ_NUTS",100,"3069","Ústecký kraj","CISOB",43,"546330","Kunratice"
"CS","Odvozená vazba","KRAJ_NUTS",100,"3069","Ústecký kraj","CISOB",43,"546348","Srbská Kamenice"
"CS","Odvozená vazba","KRAJ_NUTS",100,"3069","Ústecký kraj","CISOB",43,"546429","Chraberce"
"CS","Odvozená vazba","KRAJ_NUTS",100,"3069","Ústecký kraj","CISOB",43,"546437","Volevčice"
"CS","Odvozená vazba","KRAJ_NUTS",100,"3069","Ústecký kraj","CISOB",43,"546453","Kámen"
"CS","Odvozená vazba","KRAJ_NUTS",100,"3069","Ústecký kraj","CISOB",43,"546496","Ludvíkovice"
"CS","Odvozená vazba","KRAJ_NUTS",100,"3069","Ústecký kraj","CISOB",43,"546518","Loučná pod Klínovcem"
"CS","Odvozená vazba","KRAJ_NUTS",100,"3069","Ústecký kraj","CISOB",43,"546691","Lkáň"
"CS","Odvozená vazba","KRAJ_NUTS",100,"3069","Ústecký kraj","CISOB",43,"546721","Sedlec"
"CS","Odvozená vazba","KRAJ_NUTS",100,"3069","Ústecký kraj","CISOB",43,"546755","Brzánky"
"CS","Odvozená vazba","KRAJ_NUTS",100,"3069","Ústecký kraj","CISOB",43,"546763","Horní Řepčice"
"CS","Odvozená vazba","KRAJ_NUTS",100,"3069","Ústecký kraj","CISOB",43,"546771","Kamýk"
"CS","Odvozená vazba","KRAJ_NUTS",100,"3069","Ústecký kraj","CISOB",43,"546780","Býčkovice"
"CS","Odvozená vazba","KRAJ_NUTS",100,"3069","Ústecký kraj","CISOB",43,"546810","Chudoslavice"
"CS","Odvozená vazba","KRAJ_NUTS",100,"3069","Ústecký kraj","CISOB",43,"546828","Staňkovice"
"CS","Odvozená vazba","KRAJ_NUTS",100,"3069","Ústecký kraj","CISOB",43,"546852","Černěves"
"CS","Odvozená vazba","KRAJ_NUTS",100,"3069","Ústecký kraj","CISOB",43,"546861","Dobroměřice"
"CS","Odvozená vazba","KRAJ_NUTS",100,"3069","Ústecký kraj","CISOB",43,"546879","Líšťany"
"CS","Odvozená vazba","KRAJ_NUTS",100,"3069","Ústecký kraj","CISOB",43,"546887","Vršovice"
"CS","Odvozená vazba","KRAJ_NUTS",100,"3069","Ústecký kraj","CISOB",43,"546895","Brodec"
"CS","Odvozená vazba","KRAJ_NUTS",100,"3069","Ústecký kraj","CISOB",43,"546909","Lukov"
"CS","Odvozená vazba","KRAJ_NUTS",100,"3069","Ústecký kraj","CISOB",43,"546925","Stebno"
"CS","Odvozená vazba","KRAJ_NUTS",100,"3069","Ústecký kraj","CISOB",43,"553646","Dolánky nad Ohří"
"CS","Odvozená vazba","KRAJ_NUTS",100,"3069","Ústecký kraj","CISOB",43,"553697","Trmice"
"CS","Odvozená vazba","KRAJ_NUTS",100,"3069","Ústecký kraj","CISOB",43,"554804","Ústí nad Labem"
"CS","Odvozená vazba","KRAJ_NUTS",100,"3069","Ústecký kraj","CISOB",43,"555193","Těchlovice"
"CS","Odvozená vazba","KRAJ_NUTS",100,"3069","Ústecký kraj","CISOB",43,"555223","Velké Chvojno"
"CS","Odvozená vazba","KRAJ_NUTS",100,"3069","Ústecký kraj","CISOB",43,"562335","Děčín"
"CS","Odvozená vazba","KRAJ_NUTS",100,"3069","Ústecký kraj","CISOB",43,"562343","Arnoltice"
"CS","Odvozená vazba","KRAJ_NUTS",100,"3069","Ústecký kraj","CISOB",43,"562351","Benešov nad Ploučnicí"
"CS","Odvozená vazba","KRAJ_NUTS",100,"3069","Ústecký kraj","CISOB",43,"562394","Česká Kamenice"
"CS","Odvozená vazba","KRAJ_NUTS",100,"3069","Ústecký kraj","CISOB",43,"562408","Dobkovice"
"CS","Odvozená vazba","KRAJ_NUTS",100,"3069","Ústecký kraj","CISOB",43,"562432","Dolní Podluží"
"CS","Odvozená vazba","KRAJ_NUTS",100,"3069","Ústecký kraj","CISOB",43,"562441","Dolní Poustevna"
"CS","Odvozená vazba","KRAJ_NUTS",100,"3069","Ústecký kraj","CISOB",43,"562483","Heřmanov"
"CS","Odvozená vazba","KRAJ_NUTS",100,"3069","Ústecký kraj","CISOB",43,"562505","Horní Podluží"
"CS","Odvozená vazba","KRAJ_NUTS",100,"3069","Ústecký kraj","CISOB",43,"562513","Hřensko"
"CS","Odvozená vazba","KRAJ_NUTS",100,"3069","Ústecký kraj","CISOB",43,"562521","Huntířov"
"CS","Odvozená vazba","KRAJ_NUTS",100,"3069","Ústecký kraj","CISOB",43,"562530","Chřibská"
"CS","Odvozená vazba","KRAJ_NUTS",100,"3069","Ústecký kraj","CISOB",43,"562556","Jetřichovice"
"CS","Odvozená vazba","KRAJ_NUTS",100,"3069","Ústecký kraj","CISOB",43,"562564","Jílové"
"CS","Odvozená vazba","KRAJ_NUTS",100,"3069","Ústecký kraj","CISOB",43,"562572","Jiřetín pod Jedlovou"
"CS","Odvozená vazba","KRAJ_NUTS",100,"3069","Ústecký kraj","CISOB",43,"562581","Jiříkov"
"CS","Odvozená vazba","KRAJ_NUTS",100,"3069","Ústecký kraj","CISOB",43,"562611","Krásná Lípa"
"CS","Odvozená vazba","KRAJ_NUTS",100,"3069","Ústecký kraj","CISOB",43,"562645","Kytlice"
"CS","Odvozená vazba","KRAJ_NUTS",100,"3069","Ústecký kraj","CISOB",43,"562661","Lipová"
"CS","Odvozená vazba","KRAJ_NUTS",100,"3069","Ústecký kraj","CISOB",43,"562700","Malá Veleň"
"CS","Odvozená vazba","KRAJ_NUTS",100,"3069","Ústecký kraj","CISOB",43,"562718","Malšovice"
"CS","Odvozená vazba","KRAJ_NUTS",100,"3069","Ústecký kraj","CISOB",43,"562751","Mikulášovice"
"CS","Odvozená vazba","KRAJ_NUTS",100,"3069","Ústecký kraj","CISOB",43,"562777","Rumburk"
"CS","Odvozená vazba","KRAJ_NUTS",100,"3069","Ústecký kraj","CISOB",43,"562793","Rybniště"
"CS","Odvozená vazba","KRAJ_NUTS",100,"3069","Ústecký kraj","CISOB",43,"562823","Staré Křečany"
"CS","Odvozená vazba","KRAJ_NUTS",100,"3069","Ústecký kraj","CISOB",43,"562858","Šluknov"
"CS","Odvozená vazba","KRAJ_NUTS",100,"3069","Ústecký kraj","CISOB",43,"562874","Valkeřice"
"CS","Odvozená vazba","KRAJ_NUTS",100,"3069","Ústecký kraj","CISOB",43,"562882","Varnsdorf"
"CS","Odvozená vazba","KRAJ_NUTS",100,"3069","Ústecký kraj","CISOB",43,"562891","Velká Bukovina"
"CS","Odvozená vazba","KRAJ_NUTS",100,"3069","Ústecký kraj","CISOB",43,"562912","Velký Šenov"
"CS","Odvozená vazba","KRAJ_NUTS",100,"3069","Ústecký kraj","CISOB",43,"562921","Verneřice"
"CS","Odvozená vazba","KRAJ_NUTS",100,"3069","Ústecký kraj","CISOB",43,"562939","Veselé"
"CS","Odvozená vazba","KRAJ_NUTS",100,"3069","Ústecký kraj","CISOB",43,"562947","Vilémov"
"CS","Odvozená vazba","KRAJ_NUTS",100,"3069","Ústecký kraj","CISOB",43,"562971","Chomutov"
"CS","Odvozená vazba","KRAJ_NUTS",100,"3069","Ústecký kraj","CISOB",43,"562980","Bílence"
"CS","Odvozená vazba","KRAJ_NUTS",100,"3069","Ústecký kraj","CISOB",43,"562998","Blatno"
"CS","Odvozená vazba","KRAJ_NUTS",100,"3069","Ústecký kraj","CISOB",43,"563005","Boleboř"
"CS","Odvozená vazba","KRAJ_NUTS",100,"3069","Ústecký kraj","CISOB",43,"563013","Březno"
"CS","Odvozená vazba","KRAJ_NUTS",100,"3069","Ústecký kraj","CISOB",43,"563021","Černovice"
"CS","Odvozená vazba","KRAJ_NUTS",100,"3069","Ústecký kraj","CISOB",43,"563048","Domašín"
"CS","Odvozená vazba","KRAJ_NUTS",100,"3069","Ústecký kraj","CISOB",43,"563056","Droužkovice"
"CS","Odvozená vazba","KRAJ_NUTS",100,"3069","Ústecký kraj","CISOB",43,"563064","Hora Svatého Šebestiána"
"CS","Odvozená vazba","KRAJ_NUTS",100,"3069","Ústecký kraj","CISOB",43,"563072","Hrušovany"
"CS","Odvozená vazba","KRAJ_NUTS",100,"3069","Ústecký kraj","CISOB",43,"563081","Chbany"
"CS","Odvozená vazba","KRAJ_NUTS",100,"3069","Ústecký kraj","CISOB",43,"563099","Jirkov"
"CS","Odvozená vazba","KRAJ_NUTS",100,"3069","Ústecký kraj","CISOB",43,"563102","Kadaň"
"CS","Odvozená vazba","KRAJ_NUTS",100,"3069","Ústecký kraj","CISOB",43,"563111","Kalek"
"CS","Odvozená vazba","KRAJ_NUTS",100,"3069","Ústecký kraj","CISOB",43,"563129","Klášterec nad Ohří"
"CS","Odvozená vazba","KRAJ_NUTS",100,"3069","Ústecký kraj","CISOB",43,"563137","Kovářská"
"CS","Odvozená vazba","KRAJ_NUTS",100,"3069","Ústecký kraj","CISOB",43,"563161","Křimov"
"CS","Odvozená vazba","KRAJ_NUTS",100,"3069","Ústecký kraj","CISOB",43,"563188","Libědice"
"CS","Odvozená vazba","KRAJ_NUTS",100,"3069","Ústecký kraj","CISOB",43,"563200","Málkov"
"CS","Odvozená vazba","KRAJ_NUTS",100,"3069","Ústecký kraj","CISOB",43,"563218","Mašťov"
"CS","Odvozená vazba","KRAJ_NUTS",100,"3069","Ústecký kraj","CISOB",43,"563226","Měděnec"
"CS","Odvozená vazba","KRAJ_NUTS",100,"3069","Ústecký kraj","CISOB",43,"563242","Místo"
"CS","Odvozená vazba","KRAJ_NUTS",100,"3069","Ústecký kraj","CISOB",43,"563269","Okounov"
"CS","Odvozená vazba","KRAJ_NUTS",100,"3069","Ústecký kraj","CISOB",43,"563277","Otvice"
"CS","Odvozená vazba","KRAJ_NUTS",100,"3069","Ústecký kraj","CISOB",43,"563285","Perštejn"
"CS","Odvozená vazba","KRAJ_NUTS",100,"3069","Ústecký kraj","CISOB",43,"563293","Pětipsy"
"CS","Odvozená vazba","KRAJ_NUTS",100,"3069","Ústecký kraj","CISOB",43,"563315","Kryštofovy Hamry"
"CS","Odvozená vazba","KRAJ_NUTS",100,"3069","Ústecký kraj","CISOB",43,"563323","Radonice"
"CS","Odvozená vazba","KRAJ_NUTS",100,"3069","Ústecký kraj","CISOB",43,"563331","Rokle"
"CS","Odvozená vazba","KRAJ_NUTS",100,"3069","Ústecký kraj","CISOB",43,"563340","Spořice"
"CS","Odvozená vazba","KRAJ_NUTS",100,"3069","Ústecký kraj","CISOB",43,"563358","Strupčice"
"CS","Odvozená vazba","KRAJ_NUTS",100,"3069","Ústecký kraj","CISOB",43,"563382","Údlice"
"CS","Odvozená vazba","KRAJ_NUTS",100,"3069","Ústecký kraj","CISOB",43,"563404","Vejprty"
"CS","Odvozená vazba","KRAJ_NUTS",100,"3069","Ústecký kraj","CISOB",43,"563412","Veliká Ves"
"CS","Odvozená vazba","KRAJ_NUTS",100,"3069","Ústecký kraj","CISOB",43,"563439","Vilémov"
"CS","Odvozená vazba","KRAJ_NUTS",100,"3069","Ústecký kraj","CISOB",43,"563463","Vrskmaň"
"CS","Odvozená vazba","KRAJ_NUTS",100,"3069","Ústecký kraj","CISOB",43,"563471","Všehrdy"
"CS","Odvozená vazba","KRAJ_NUTS",100,"3069","Ústecký kraj","CISOB",43,"563480","Všestudy"
"CS","Odvozená vazba","KRAJ_NUTS",100,"3069","Ústecký kraj","CISOB",43,"563498","Výsluní"
"CS","Odvozená vazba","KRAJ_NUTS",100,"3069","Ústecký kraj","CISOB",43,"563501","Vysoká Pec"
"CS","Odvozená vazba","KRAJ_NUTS",100,"3069","Ústecký kraj","CISOB",43,"564567","Litoměřice"
"CS","Odvozená vazba","KRAJ_NUTS",100,"3069","Ústecký kraj","CISOB",43,"564575","Bechlín"
"CS","Odvozená vazba","KRAJ_NUTS",100,"3069","Ústecký kraj","CISOB",43,"564591","Bohušovice nad Ohří"
"CS","Odvozená vazba","KRAJ_NUTS",100,"3069","Ústecký kraj","CISOB",43,"564613","Brňany"
"CS","Odvozená vazba","KRAJ_NUTS",100,"3069","Ústecký kraj","CISOB",43,"564621","Brozany nad Ohří"
"CS","Odvozená vazba","KRAJ_NUTS",100,"3069","Ústecký kraj","CISOB",43,"564648","Bříza"
"CS","Odvozená vazba","KRAJ_NUTS",100,"3069","Ústecký kraj","CISOB",43,"564656","Budyně nad Ohří"
"CS","Odvozená vazba","KRAJ_NUTS",100,"3069","Ústecký kraj","CISOB",43,"564672","Ctiněves"
"CS","Odvozená vazba","KRAJ_NUTS",100,"3069","Ústecký kraj","CISOB",43,"564699","Černiv"
"CS","Odvozená vazba","KRAJ_NUTS",100,"3069","Ústecký kraj","CISOB",43,"564711","Čížkovice"
"CS","Odvozená vazba","KRAJ_NUTS",100,"3069","Ústecký kraj","CISOB",43,"564729","Děčany"
"CS","Odvozená vazba","KRAJ_NUTS",100,"3069","Ústecký kraj","CISOB",43,"564737","Dlažkovice"
"CS","Odvozená vazba","KRAJ_NUTS",100,"3069","Ústecký kraj","CISOB",43,"564745","Dobříň"
"CS","Odvozená vazba","KRAJ_NUTS",100,"3069","Ústecký kraj","CISOB",43,"564753","Doksany"
"CS","Odvozená vazba","KRAJ_NUTS",100,"3069","Ústecký kraj","CISOB",43,"564770","Drahobuz"
"CS","Odvozená vazba","KRAJ_NUTS",100,"3069","Ústecký kraj","CISOB",43,"564818","Dušníky"
"CS","Odvozená vazba","KRAJ_NUTS",100,"3069","Ústecký kraj","CISOB",43,"564834","Evaň"
"CS","Odvozená vazba","KRAJ_NUTS",100,"3069","Ústecký kraj","CISOB",43,"564842","Hlinná"
"CS","Odvozená vazba","KRAJ_NUTS",100,"3069","Ústecký kraj","CISOB",43,"564851","Horní Beřkovice"
"CS","Odvozená vazba","KRAJ_NUTS",100,"3069","Ústecký kraj","CISOB",43,"564877","Hoštka"
"CS","Odvozená vazba","KRAJ_NUTS",100,"3069","Ústecký kraj","CISOB",43,"564893","Hrobce"
"CS","Odvozená vazba","KRAJ_NUTS",100,"3069","Ústecký kraj","CISOB",43,"564923","Chodouny"
"CS","Odvozená vazba","KRAJ_NUTS",100,"3069","Ústecký kraj","CISOB",43,"564931","Chodovlice"
"CS","Odvozená vazba","KRAJ_NUTS",100,"3069","Ústecký kraj","CISOB",43,"564940","Chotěšov"
"CS","Odvozená vazba","KRAJ_NUTS",100,"3069","Ústecký kraj","CISOB",43,"564958","Chotiměř"
"CS","Odvozená vazba","KRAJ_NUTS",100,"3069","Ústecký kraj","CISOB",43,"564966","Chotiněves"
"CS","Odvozená vazba","KRAJ_NUTS",100,"3069","Ústecký kraj","CISOB",43,"565016","Keblice"
"CS","Odvozená vazba","KRAJ_NUTS",100,"3069","Ústecký kraj","CISOB",43,"565024","Klapý"
"CS","Odvozená vazba","KRAJ_NUTS",100,"3069","Ústecký kraj","CISOB",43,"565032","Kleneč"
"CS","Odvozená vazba","KRAJ_NUTS",100,"3069","Ústecký kraj","CISOB",43,"565059","Kostomlaty pod Řípem"
"CS","Odvozená vazba","KRAJ_NUTS",100,"3069","Ústecký kraj","CISOB",43,"565067","Krabčice"
"CS","Odvozená vazba","KRAJ_NUTS",100,"3069","Ústecký kraj","CISOB",43,"565075","Křesín"
"CS","Odvozená vazba","KRAJ_NUTS",100,"3069","Ústecký kraj","CISOB",43,"565083","Křešice"
"CS","Odvozená vazba","KRAJ_NUTS",100,"3069","Ústecký kraj","CISOB",43,"565091","Kyškovice"
"CS","Odvozená vazba","KRAJ_NUTS",100,"3069","Ústecký kraj","CISOB",43,"565105","Levín"
"CS","Odvozená vazba","KRAJ_NUTS",100,"3069","Ústecký kraj","CISOB",43,"565113","Lhotka nad Labem"
"CS","Odvozená vazba","KRAJ_NUTS",100,"3069","Ústecký kraj","CISOB",43,"565121","Liběšice"
"CS","Odvozená vazba","KRAJ_NUTS",100,"3069","Ústecký kraj","CISOB",43,"565148","Libkovice pod Řípem"
"CS","Odvozená vazba","KRAJ_NUTS",100,"3069","Ústecký kraj","CISOB",43,"565156","Libochovany"
"CS","Odvozená vazba","KRAJ_NUTS",100,"3069","Ústecký kraj","CISOB",43,"565164","Libochovice"
"CS","Odvozená vazba","KRAJ_NUTS",100,"3069","Ústecký kraj","CISOB",43,"565172","Libotenice"
"CS","Odvozená vazba","KRAJ_NUTS",100,"3069","Ústecký kraj","CISOB",43,"565211","Lovečkovice"
"CS","Odvozená vazba","KRAJ_NUTS",100,"3069","Ústecký kraj","CISOB",43,"565229","Lovosice"
"CS","Odvozená vazba","KRAJ_NUTS",100,"3069","Ústecký kraj","CISOB",43,"565237","Lukavec"
"CS","Odvozená vazba","KRAJ_NUTS",100,"3069","Ústecký kraj","CISOB",43,"565245","Malé Žernoseky"
"CS","Odvozená vazba","KRAJ_NUTS",100,"3069","Ústecký kraj","CISOB",43,"565253","Martiněves"
"CS","Odvozená vazba","KRAJ_NUTS",100,"3069","Ústecký kraj","CISOB",43,"565296","Mlékojedy"
"CS","Odvozená vazba","KRAJ_NUTS",100,"3069","Ústecký kraj","CISOB",43,"565300","Mnetěš"
"CS","Odvozená vazba","KRAJ_NUTS",100,"3069","Ústecký kraj","CISOB",43,"565318","Mšené-lázně"
"CS","Odvozená vazba","KRAJ_NUTS",100,"3069","Ústecký kraj","CISOB",43,"565342","Nové Dvory"
"CS","Odvozená vazba","KRAJ_NUTS",100,"3069","Ústecký kraj","CISOB",43,"565393","Ploskovice"
"CS","Odvozená vazba","KRAJ_NUTS",100,"3069","Ústecký kraj","CISOB",43,"565415","Podsedice"
"CS","Odvozená vazba","KRAJ_NUTS",100,"3069","Ústecký kraj","CISOB",43,"565431","Polepy"
"CS","Odvozená vazba","KRAJ_NUTS",100,"3069","Ústecký kraj","CISOB",43,"565458","Prackovice nad Labem"
"CS","Odvozená vazba","KRAJ_NUTS",100,"3069","Ústecký kraj","CISOB",43,"565474","Přestavlky"
"CS","Odvozená vazba","KRAJ_NUTS",100,"3069","Ústecký kraj","CISOB",43,"565482","Račice"
"CS","Odvozená vazba","KRAJ_NUTS",100,"3069","Ústecký kraj","CISOB",43,"565491","Račiněves"
"CS","Odvozená vazba","KRAJ_NUTS",100,"3069","Ústecký kraj","CISOB",43,"565521","Radovesice"
"CS","Odvozená vazba","KRAJ_NUTS",100,"3069","Ústecký kraj","CISOB",43,"565547","Rochov"
"CS","Odvozená vazba","KRAJ_NUTS",100,"3069","Ústecký kraj","CISOB",43,"565555","Roudnice nad Labem"
"CS","Odvozená vazba","KRAJ_NUTS",100,"3069","Ústecký kraj","CISOB",43,"565598","Siřejovice"
"CS","Odvozená vazba","KRAJ_NUTS",100,"3069","Ústecký kraj","CISOB",43,"565601","Slatina"
"CS","Odvozená vazba","KRAJ_NUTS",100,"3069","Ústecký kraj","CISOB",43,"565610","Snědovice"
"CS","Odvozená vazba","KRAJ_NUTS",100,"3069","Ústecký kraj","CISOB",43,"565679","Straškov-Vodochody"
"CS","Odvozená vazba","KRAJ_NUTS",100,"3069","Ústecký kraj","CISOB",43,"565695","Sulejovice"
"CS","Odvozená vazba","KRAJ_NUTS",100,"3069","Ústecký kraj","CISOB",43,"565709","Štětí"
"CS","Odvozená vazba","KRAJ_NUTS",100,"3069","Ústecký kraj","CISOB",43,"565717","Terezín"
"CS","Odvozená vazba","KRAJ_NUTS",100,"3069","Ústecký kraj","CISOB",43,"565741","Travčice"
"CS","Odvozená vazba","KRAJ_NUTS",100,"3069","Ústecký kraj","CISOB",43,"565768","Třebenice"
"CS","Odvozená vazba","KRAJ_NUTS",100,"3069","Ústecký kraj","CISOB",43,"565776","Třebívlice"
"CS","Odvozená vazba","KRAJ_NUTS",100,"3069","Ústecký kraj","CISOB",43,"565792","Třebušín"
"CS","Odvozená vazba","KRAJ_NUTS",100,"3069","Ústecký kraj","CISOB",43,"565806","Úpohlavy"
"CS","Odvozená vazba","KRAJ_NUTS",100,"3069","Ústecký kraj","CISOB",43,"565814","Úštěk"
"CS","Odvozená vazba","KRAJ_NUTS",100,"3069","Ústecký kraj","CISOB",43,"565831","Vědomice"
"CS","Odvozená vazba","KRAJ_NUTS",100,"3069","Ústecký kraj","CISOB",43,"565849","Velemín"
"CS","Odvozená vazba","KRAJ_NUTS",100,"3069","Ústecký kraj","CISOB",43,"565857","Velké Žernoseky"
"CS","Odvozená vazba","KRAJ_NUTS",100,"3069","Ústecký kraj","CISOB",43,"565865","Vchynice"
"CS","Odvozená vazba","KRAJ_NUTS",100,"3069","Ústecký kraj","CISOB",43,"565873","Vlastislav"
"CS","Odvozená vazba","KRAJ_NUTS",100,"3069","Ústecký kraj","CISOB",43,"565881","Vražkov"
"CS","Odvozená vazba","KRAJ_NUTS",100,"3069","Ústecký kraj","CISOB",43,"565890","Vrbice"
"CS","Odvozená vazba","KRAJ_NUTS",100,"3069","Ústecký kraj","CISOB",43,"565903","Vrbičany"
"CS","Odvozená vazba","KRAJ_NUTS",100,"3069","Ústecký kraj","CISOB",43,"565911","Vrutice"
"CS","Odvozená vazba","KRAJ_NUTS",100,"3069","Ústecký kraj","CISOB",43,"565938","Žabovřesky nad Ohří"
"CS","Odvozená vazba","KRAJ_NUTS",100,"3069","Ústecký kraj","CISOB",43,"565946","Žalhostice"
"CS","Odvozená vazba","KRAJ_NUTS",100,"3069","Ústecký kraj","CISOB",43,"565954","Židovice"
"CS","Odvozená vazba","KRAJ_NUTS",100,"3069","Ústecký kraj","CISOB",43,"565962","Žitenice"
"CS","Odvozená vazba","KRAJ_NUTS",100,"3069","Ústecký kraj","CISOB",43,"565971","Louny"
"CS","Odvozená vazba","KRAJ_NUTS",100,"3069","Ústecký kraj","CISOB",43,"565997","Bitozeves"
"CS","Odvozená vazba","KRAJ_NUTS",100,"3069","Ústecký kraj","CISOB",43,"566004","Blatno"
"CS","Odvozená vazba","KRAJ_NUTS",100,"3069","Ústecký kraj","CISOB",43,"566012","Blažim"
"CS","Odvozená vazba","KRAJ_NUTS",100,"3069","Ústecký kraj","CISOB",43,"566021","Blšany"
"CS","Odvozená vazba","KRAJ_NUTS",100,"3069","Ústecký kraj","CISOB",43,"566063","Břvany"
"CS","Odvozená vazba","KRAJ_NUTS",100,"3069","Ústecký kraj","CISOB",43,"566128","Deštnice"
"CS","Odvozená vazba","KRAJ_NUTS",100,"3069","Ústecký kraj","CISOB",43,"566152","Domoušice"
"CS","Odvozená vazba","KRAJ_NUTS",100,"3069","Ústecký kraj","CISOB",43,"566187","Holedeč"
"CS","Odvozená vazba","KRAJ_NUTS",100,"3069","Ústecký kraj","CISOB",43,"566195","Hříškov"
"CS","Odvozená vazba","KRAJ_NUTS",100,"3069","Ústecký kraj","CISOB",43,"566217","Hřivice"
"CS","Odvozená vazba","KRAJ_NUTS",100,"3069","Ústecký kraj","CISOB",43,"566233","Chlumčany"
"CS","Odvozená vazba","KRAJ_NUTS",100,"3069","Ústecký kraj","CISOB",43,"566241","Chožov"
"CS","Odvozená vazba","KRAJ_NUTS",100,"3069","Ústecký kraj","CISOB",43,"566284","Koštice"
"CS","Odvozená vazba","KRAJ_NUTS",100,"3069","Ústecký kraj","CISOB",43,"566306","Krásný Dvůr"
"CS","Odvozená vazba","KRAJ_NUTS",100,"3069","Ústecký kraj","CISOB",43,"566314","Kryry"
"CS","Odvozená vazba","KRAJ_NUTS",100,"3069","Ústecký kraj","CISOB",43,"566322","Lenešice"
"CS","Odvozená vazba","KRAJ_NUTS",100,"3069","Ústecký kraj","CISOB",43,"566349","Libčeves"
"CS","Odvozená vazba","KRAJ_NUTS",100,"3069","Ústecký kraj","CISOB",43,"566357","Liběšice"
"CS","Odvozená vazba","KRAJ_NUTS",100,"3069","Ústecký kraj","CISOB",43,"566381","Libořice"
"CS","Odvozená vazba","KRAJ_NUTS",100,"3069","Ústecký kraj","CISOB",43,"566403","Lipno"
"CS","Odvozená vazba","KRAJ_NUTS",100,"3069","Ústecký kraj","CISOB",43,"566411","Lišany"
"CS","Odvozená vazba","KRAJ_NUTS",100,"3069","Ústecký kraj","CISOB",43,"566438","Lubenec"
"CS","Odvozená vazba","KRAJ_NUTS",100,"3069","Ústecký kraj","CISOB",43,"566454","Měcholupy"
"CS","Odvozená vazba","KRAJ_NUTS",100,"3069","Ústecký kraj","CISOB",43,"566501","Nepomyšl"
"CS","Odvozená vazba","KRAJ_NUTS",100,"3069","Ústecký kraj","CISOB",43,"566519","Nové Sedlo"
"CS","Odvozená vazba","KRAJ_NUTS",100,"3069","Ústecký kraj","CISOB",43,"566527","Očihov"
"CS","Odvozená vazba","KRAJ_NUTS",100,"3069","Ústecký kraj","CISOB",43,"566535","Panenský Týnec"
"CS","Odvozená vazba","KRAJ_NUTS",100,"3069","Ústecký kraj","CISOB",43,"566551","Peruc"
"CS","Odvozená vazba","KRAJ_NUTS",100,"3069","Ústecký kraj","CISOB",43,"566560","Petrohrad"
"CS","Odvozená vazba","KRAJ_NUTS",100,"3069","Ústecký kraj","CISOB",43,"566578","Pnětluky"
"CS","Odvozená vazba","KRAJ_NUTS",100,"3069","Ústecký kraj","CISOB",43,"566586","Počedělice"
"CS","Odvozená vazba","KRAJ_NUTS",100,"3069","Ústecký kraj","CISOB",43,"566608","Podbořanský Rohozec"
"CS","Odvozená vazba","KRAJ_NUTS",100,"3069","Ústecký kraj","CISOB",43,"566616","Podbořany"
"CS","Odvozená vazba","KRAJ_NUTS",100,"3069","Ústecký kraj","CISOB",43,"566624","Postoloprty"
"CS","Odvozená vazba","KRAJ_NUTS",100,"3069","Ústecký kraj","CISOB",43,"566659","Raná"
"CS","Odvozená vazba","KRAJ_NUTS",100,"3069","Ústecký kraj","CISOB",43,"566667","Ročov"
"CS","Odvozená vazba","KRAJ_NUTS",100,"3069","Ústecký kraj","CISOB",43,"566713","Slavětín"
"CS","Odvozená vazba","KRAJ_NUTS",100,"3069","Ústecký kraj","CISOB",43,"566721","Smolnice"
"CS","Odvozená vazba","KRAJ_NUTS",100,"3069","Ústecký kraj","CISOB",43,"566829","Toužetín"
"CS","Odvozená vazba","KRAJ_NUTS",100,"3069","Ústecký kraj","CISOB",43,"566853","Tuchořice"
"CS","Odvozená vazba","KRAJ_NUTS",100,"3069","Ústecký kraj","CISOB",43,"566870","Velemyšleves"
"CS","Odvozená vazba","KRAJ_NUTS",100,"3069","Ústecký kraj","CISOB",43,"566896","Veltěže"
"CS","Odvozená vazba","KRAJ_NUTS",100,"3069","Ústecký kraj","CISOB",43,"566900","Růžová"
"CS","Odvozená vazba","KRAJ_NUTS",100,"3069","Ústecký kraj","CISOB",43,"566918","Vinařice"
"CS","Odvozená vazba","KRAJ_NUTS",100,"3069","Ústecký kraj","CISOB",43,"566926","Vrbno nad Lesy"
"CS","Odvozená vazba","KRAJ_NUTS",100,"3069","Ústecký kraj","CISOB",43,"566934","Vroutek"
"CS","Odvozená vazba","KRAJ_NUTS",100,"3069","Ústecký kraj","CISOB",43,"566951","Výškov"
"CS","Odvozená vazba","KRAJ_NUTS",100,"3069","Ústecký kraj","CISOB",43,"566977","Zbrašín"
"CS","Odvozená vazba","KRAJ_NUTS",100,"3069","Ústecký kraj","CISOB",43,"566985","Žatec"
"CS","Odvozená vazba","KRAJ_NUTS",100,"3069","Ústecký kraj","CISOB",43,"567019","Žiželice"
"CS","Odvozená vazba","KRAJ_NUTS",100,"3069","Ústecký kraj","CISOB",43,"567027","Most"
"CS","Odvozená vazba","KRAJ_NUTS",100,"3069","Ústecký kraj","CISOB",43,"567043","Bečov"
"CS","Odvozená vazba","KRAJ_NUTS",100,"3069","Ústecký kraj","CISOB",43,"567051","Bělušice"
"CS","Odvozená vazba","KRAJ_NUTS",100,"3069","Ústecký kraj","CISOB",43,"567060","Braňany"
"CS","Odvozená vazba","KRAJ_NUTS",100,"3069","Ústecký kraj","CISOB",43,"567078","Brandov"
"CS","Odvozená vazba","KRAJ_NUTS",100,"3069","Ústecký kraj","CISOB",43,"567108","Český Jiřetín"
"CS","Odvozená vazba","KRAJ_NUTS",100,"3069","Ústecký kraj","CISOB",43,"567141","Havraň"
"CS","Odvozená vazba","KRAJ_NUTS",100,"3069","Ústecký kraj","CISOB",43,"567167","Hora Svaté Kateřiny"
"CS","Odvozená vazba","KRAJ_NUTS",100,"3069","Ústecký kraj","CISOB",43,"567175","Horní Jiřetín"
"CS","Odvozená vazba","KRAJ_NUTS",100,"3069","Ústecký kraj","CISOB",43,"567191","Klíny"
"CS","Odvozená vazba","KRAJ_NUTS",100,"3069","Ústecký kraj","CISOB",43,"567221","Korozluky"
"CS","Odvozená vazba","KRAJ_NUTS",100,"3069","Ústecký kraj","CISOB",43,"567248","Lišnice"
"CS","Odvozená vazba","KRAJ_NUTS",100,"3069","Ústecký kraj","CISOB",43,"567256","Litvínov"
"CS","Odvozená vazba","KRAJ_NUTS",100,"3069","Ústecký kraj","CISOB",43,"567264","Lom"
"CS","Odvozená vazba","KRAJ_NUTS",100,"3069","Ústecký kraj","CISOB",43,"567272","Louka u Litvínova"
"CS","Odvozená vazba","KRAJ_NUTS",100,"3069","Ústecký kraj","CISOB",43,"567281","Lužice"
"CS","Odvozená vazba","KRAJ_NUTS",100,"3069","Ústecký kraj","CISOB",43,"567299","Malé Březno"
"CS","Odvozená vazba","KRAJ_NUTS",100,"3069","Ústecký kraj","CISOB",43,"567302","Mariánské Radčice"
"CS","Odvozená vazba","KRAJ_NUTS",100,"3069","Ústecký kraj","CISOB",43,"567311","Meziboří"
"CS","Odvozená vazba","KRAJ_NUTS",100,"3069","Ústecký kraj","CISOB",43,"567329","Nová Ves v Horách"
"CS","Odvozená vazba","KRAJ_NUTS",100,"3069","Ústecký kraj","CISOB",43,"567337","Obrnice"
"CS","Odvozená vazba","KRAJ_NUTS",100,"3069","Ústecký kraj","CISOB",43,"567345","Patokryje"
"CS","Odvozená vazba","KRAJ_NUTS",100,"3069","Ústecký kraj","CISOB",43,"567353","Polerady"
"CS","Odvozená vazba","KRAJ_NUTS",100,"3069","Ústecký kraj","CISOB",43,"567361","Skršín"
"CS","Odvozená vazba","KRAJ_NUTS",100,"3069","Ústecký kraj","CISOB",43,"567426","Želenice"
"CS","Odvozená vazba","KRAJ_NUTS",100,"3069","Ústecký kraj","CISOB",43,"567442","Teplice"
"CS","Odvozená vazba","KRAJ_NUTS",100,"3069","Ústecký kraj","CISOB",43,"567451","Bílina"
"CS","Odvozená vazba","KRAJ_NUTS",100,"3069","Ústecký kraj","CISOB",43,"567469","Bořislav"
"CS","Odvozená vazba","KRAJ_NUTS",100,"3069","Ústecký kraj","CISOB",43,"567477","Bystřany"
"CS","Odvozená vazba","KRAJ_NUTS",100,"3069","Ústecký kraj","CISOB",43,"567485","Bžany"
"CS","Odvozená vazba","KRAJ_NUTS",100,"3069","Ústecký kraj","CISOB",43,"567507","Dubí"
"CS","Odvozená vazba","KRAJ_NUTS",100,"3069","Ústecký kraj","CISOB",43,"567515","Duchcov"
"CS","Odvozená vazba","KRAJ_NUTS",100,"3069","Ústecký kraj","CISOB",43,"567523","Háj u Duchcova"
"CS","Odvozená vazba","KRAJ_NUTS",100,"3069","Ústecký kraj","CISOB",43,"567531","Hostomice"
"CS","Odvozená vazba","KRAJ_NUTS",100,"3069","Ústecký kraj","CISOB",43,"567558","Hrob"
"CS","Odvozená vazba","KRAJ_NUTS",100,"3069","Ústecký kraj","CISOB",43,"567566","Hrobčice"
"CS","Odvozená vazba","KRAJ_NUTS",100,"3069","Ústecký kraj","CISOB",43,"567582","Jeníkov"
"CS","Odvozená vazba","KRAJ_NUTS",100,"3069","Ústecký kraj","CISOB",43,"567604","Kladruby"
"CS","Odvozená vazba","KRAJ_NUTS",100,"3069","Ústecký kraj","CISOB",43,"567612","Kostomlaty pod Milešovkou"
"CS","Odvozená vazba","KRAJ_NUTS",100,"3069","Ústecký kraj","CISOB",43,"567621","Košťany"
"CS","Odvozená vazba","KRAJ_NUTS",100,"3069","Ústecký kraj","CISOB",43,"567639","Krupka"
"CS","Odvozená vazba","KRAJ_NUTS",100,"3069","Ústecký kraj","CISOB",43,"567647","Lahošť"
"CS","Odvozená vazba","KRAJ_NUTS",100,"3069","Ústecký kraj","CISOB",43,"567655","Ledvice"
"CS","Odvozená vazba","KRAJ_NUTS",100,"3069","Ústecký kraj","CISOB",43,"567698","Měrunice"
"CS","Odvozená vazba","KRAJ_NUTS",100,"3069","Ústecký kraj","CISOB",43,"567701","Mikulov"
"CS","Odvozená vazba","KRAJ_NUTS",100,"3069","Ústecký kraj","CISOB",43,"567710","Modlany"
"CS","Odvozená vazba","KRAJ_NUTS",100,"3069","Ústecký kraj","CISOB",43,"567728","Moldava"
"CS","Odvozená vazba","KRAJ_NUTS",100,"3069","Ústecký kraj","CISOB",43,"567752","Novosedlice"
"CS","Odvozená vazba","KRAJ_NUTS",100,"3069","Ústecký kraj","CISOB",43,"567761","Ohníč"
"CS","Odvozená vazba","KRAJ_NUTS",100,"3069","Ústecký kraj","CISOB",43,"567779","Osek"
"CS","Odvozená vazba","KRAJ_NUTS",100,"3069","Ústecký kraj","CISOB",43,"567787","Proboštov"
"CS","Odvozená vazba","KRAJ_NUTS",100,"3069","Ústecký kraj","CISOB",43,"567809","Rtyně nad Bílinou"
"CS","Odvozená vazba","KRAJ_NUTS",100,"3069","Ústecký kraj","CISOB",43,"567833","Srbice"
"CS","Odvozená vazba","KRAJ_NUTS",100,"3069","Ústecký kraj","CISOB",43,"567841","Světec"
"CS","Odvozená vazba","KRAJ_NUTS",100,"3069","Ústecký kraj","CISOB",43,"567850","Újezdeček"
"CS","Odvozená vazba","KRAJ_NUTS",100,"3069","Ústecký kraj","CISOB",43,"567868","Zabrušany"
"CS","Odvozená vazba","KRAJ_NUTS",100,"3069","Ústecký kraj","CISOB",43,"567876","Žalany"
"CS","Odvozená vazba","KRAJ_NUTS",100,"3069","Ústecký kraj","CISOB",43,"567884","Žim"
"CS","Odvozená vazba","KRAJ_NUTS",100,"3069","Ústecký kraj","CISOB",43,"567931","Dolní Zálezly"
"CS","Odvozená vazba","KRAJ_NUTS",100,"3069","Ústecký kraj","CISOB",43,"567957","Habrovany"
"CS","Odvozená vazba","KRAJ_NUTS",100,"3069","Ústecký kraj","CISOB",43,"567973","Homole u Panny"
"CS","Odvozená vazba","KRAJ_NUTS",100,"3069","Ústecký kraj","CISOB",43,"568007","Chabařovice"
"CS","Odvozená vazba","KRAJ_NUTS",100,"3069","Ústecký kraj","CISOB",43,"568015","Chlumec"
"CS","Odvozená vazba","KRAJ_NUTS",100,"3069","Ústecký kraj","CISOB",43,"568023","Chuderov"
"CS","Odvozená vazba","KRAJ_NUTS",100,"3069","Ústecký kraj","CISOB",43,"568058","Libouchec"
"CS","Odvozená vazba","KRAJ_NUTS",100,"3069","Ústecký kraj","CISOB",43,"568091","Malé Březno"
"CS","Odvozená vazba","KRAJ_NUTS",100,"3069","Ústecký kraj","CISOB",43,"568104","Malečov"
"CS","Odvozená vazba","KRAJ_NUTS",100,"3069","Ústecký kraj","CISOB",43,"568147","Petrovice"
"CS","Odvozená vazba","KRAJ_NUTS",100,"3069","Ústecký kraj","CISOB",43,"568155","Povrly"
"CS","Odvozená vazba","KRAJ_NUTS",100,"3069","Ústecký kraj","CISOB",43,"568201","Řehlovice"
"CS","Odvozená vazba","KRAJ_NUTS",100,"3069","Ústecký kraj","CISOB",43,"568287","Tašov"
"CS","Odvozená vazba","KRAJ_NUTS",100,"3069","Ústecký kraj","CISOB",43,"568295","Telnice"
"CS","Odvozená vazba","KRAJ_NUTS",100,"3069","Ústecký kraj","CISOB",43,"568309","Tisá"
"CS","Odvozená vazba","KRAJ_NUTS",100,"3069","Ústecký kraj","CISOB",43,"568350","Velké Březno"
"CS","Odvozená vazba","KRAJ_NUTS",100,"3069","Ústecký kraj","CISOB",43,"568384","Zubrnice"
"CS","Odvozená vazba","KRAJ_NUTS",100,"3077","Liberecký kraj","CISOB",43,"513890","Skalka u Doks"
"CS","Odvozená vazba","KRAJ_NUTS",100,"3077","Liberecký kraj","CISOB",43,"514161","Luka"
"CS","Odvozená vazba","KRAJ_NUTS",100,"3077","Liberecký kraj","CISOB",43,"514195","Ždírec"
"CS","Odvozená vazba","KRAJ_NUTS",100,"3077","Liberecký kraj","CISOB",43,"514276","Pertoltice pod Ralskem"
"CS","Odvozená vazba","KRAJ_NUTS",100,"3077","Liberecký kraj","CISOB",43,"530387","Radvanec"
"CS","Odvozená vazba","KRAJ_NUTS",100,"3077","Liberecký kraj","CISOB",43,"530425","Dalešice"
"CS","Odvozená vazba","KRAJ_NUTS",100,"3077","Liberecký kraj","CISOB",43,"530433","Kunratice"
"CS","Odvozená vazba","KRAJ_NUTS",100,"3077","Liberecký kraj","CISOB",43,"530468","Dlouhý Most"
"CS","Odvozená vazba","KRAJ_NUTS",100,"3077","Liberecký kraj","CISOB",43,"530484","Jeřmanice"
"CS","Odvozená vazba","KRAJ_NUTS",100,"3077","Liberecký kraj","CISOB",43,"544337","Hamr na Jezeře"
"CS","Odvozená vazba","KRAJ_NUTS",100,"3077","Liberecký kraj","CISOB",43,"544345","Proseč pod Ještědem"
"CS","Odvozená vazba","KRAJ_NUTS",100,"3077","Liberecký kraj","CISOB",43,"544353","Heřmanice"
"CS","Odvozená vazba","KRAJ_NUTS",100,"3077","Liberecký kraj","CISOB",43,"544477","Stráž nad Nisou"
"CS","Odvozená vazba","KRAJ_NUTS",100,"3077","Liberecký kraj","CISOB",43,"544531","Čtveřín"
"CS","Odvozená vazba","KRAJ_NUTS",100,"3077","Liberecký kraj","CISOB",43,"544582","Radimovice"
"CS","Odvozená vazba","KRAJ_NUTS",100,"3077","Liberecký kraj","CISOB",43,"544604","Žďárek"
"CS","Odvozená vazba","KRAJ_NUTS",100,"3077","Liberecký kraj","CISOB",43,"545937","Lažany"
"CS","Odvozená vazba","KRAJ_NUTS",100,"3077","Liberecký kraj","CISOB",43,"545953","Paceřice"
"CS","Odvozená vazba","KRAJ_NUTS",100,"3077","Liberecký kraj","CISOB",43,"545996","Černousy"
"CS","Odvozená vazba","KRAJ_NUTS",100,"3077","Liberecký kraj","CISOB",43,"546232","Kozly"
"CS","Odvozená vazba","KRAJ_NUTS",100,"3077","Liberecký kraj","CISOB",43,"546259","Kvítkov"
"CS","Odvozená vazba","KRAJ_NUTS",100,"3077","Liberecký kraj","CISOB",43,"546267","Tuhaň"
"CS","Odvozená vazba","KRAJ_NUTS",100,"3077","Liberecký kraj","CISOB",43,"546275","Slunečná"
"CS","Odvozená vazba","KRAJ_NUTS",100,"3077","Liberecký kraj","CISOB",43,"546283","Svojkov"
"CS","Odvozená vazba","KRAJ_NUTS",100,"3077","Liberecký kraj","CISOB",43,"546577","Pulečný"
"CS","Odvozená vazba","KRAJ_NUTS",100,"3077","Liberecký kraj","CISOB",43,"546585","Jiřetín pod Bukovou"
"CS","Odvozená vazba","KRAJ_NUTS",100,"3077","Liberecký kraj","CISOB",43,"546593","Nová Ves"
"CS","Odvozená vazba","KRAJ_NUTS",100,"3077","Liberecký kraj","CISOB",43,"546607","Dětřichov"
"CS","Odvozená vazba","KRAJ_NUTS",100,"3077","Liberecký kraj","CISOB",43,"546631","Bílý Potok"
"CS","Odvozená vazba","KRAJ_NUTS",100,"3077","Liberecký kraj","CISOB",43,"546658","Janův Důl"
"CS","Odvozená vazba","KRAJ_NUTS",100,"3077","Liberecký kraj","CISOB",43,"547476","Paseky nad Jizerou"
"CS","Odvozená vazba","KRAJ_NUTS",100,"3077","Liberecký kraj","CISOB",43,"547484","Ktová"
"CS","Odvozená vazba","KRAJ_NUTS",100,"3077","Liberecký kraj","CISOB",43,"553638","Tachov"
"CS","Odvozená vazba","KRAJ_NUTS",100,"3077","Liberecký kraj","CISOB",43,"561380","Česká Lípa"
"CS","Odvozená vazba","KRAJ_NUTS",100,"3077","Liberecký kraj","CISOB",43,"561398","Bezděz"
"CS","Odvozená vazba","KRAJ_NUTS",100,"3077","Liberecký kraj","CISOB",43,"561401","Blatce"
"CS","Odvozená vazba","KRAJ_NUTS",100,"3077","Liberecký kraj","CISOB",43,"561410","Blíževedly"
"CS","Odvozená vazba","KRAJ_NUTS",100,"3077","Liberecký kraj","CISOB",43,"561428","Bohatice"
"CS","Odvozená vazba","KRAJ_NUTS",100,"3077","Liberecký kraj","CISOB",43,"561444","Brniště"
"CS","Odvozená vazba","KRAJ_NUTS",100,"3077","Liberecký kraj","CISOB",43,"561479","Cvikov"
"CS","Odvozená vazba","KRAJ_NUTS",100,"3077","Liberecký kraj","CISOB",43,"561495","Doksy"
"CS","Odvozená vazba","KRAJ_NUTS",100,"3077","Liberecký kraj","CISOB",43,"561533","Dubá"
"CS","Odvozená vazba","KRAJ_NUTS",100,"3077","Liberecký kraj","CISOB",43,"561541","Dubnice"
"CS","Odvozená vazba","KRAJ_NUTS",100,"3077","Liberecký kraj","CISOB",43,"561584","Holany"
"CS","Odvozená vazba","KRAJ_NUTS",100,"3077","Liberecký kraj","CISOB",43,"561592","Horní Libchava"
"CS","Odvozená vazba","KRAJ_NUTS",100,"3077","Liberecký kraj","CISOB",43,"561606","Horní Police"
"CS","Odvozená vazba","KRAJ_NUTS",100,"3077","Liberecký kraj","CISOB",43,"561614","Chlum"
"CS","Odvozená vazba","KRAJ_NUTS",100,"3077","Liberecký kraj","CISOB",43,"561622","Chotovice"
"CS","Odvozená vazba","KRAJ_NUTS",100,"3077","Liberecký kraj","CISOB",43,"561631","Jablonné v Podještědí"
"CS","Odvozená vazba","KRAJ_NUTS",100,"3077","Liberecký kraj","CISOB",43,"561657","Janovice v Podještědí"
"CS","Odvozená vazba","KRAJ_NUTS",100,"3077","Liberecký kraj","CISOB",43,"561665","Jestřebí"
"CS","Odvozená vazba","KRAJ_NUTS",100,"3077","Liberecký kraj","CISOB",43,"561681","Kamenický Šenov"
"CS","Odvozená vazba","KRAJ_NUTS",100,"3077","Liberecký kraj","CISOB",43,"561720","Kravaře"
"CS","Odvozená vazba","KRAJ_NUTS",100,"3077","Liberecký kraj","CISOB",43,"561738","Krompach"
"CS","Odvozená vazba","KRAJ_NUTS",100,"3077","Liberecký kraj","CISOB",43,"561746","Kunratice u Cvikova"
"CS","Odvozená vazba","KRAJ_NUTS",100,"3077","Liberecký kraj","CISOB",43,"561827","Mařenice"
"CS","Odvozená vazba","KRAJ_NUTS",100,"3077","Liberecký kraj","CISOB",43,"561835","Mimoň"
"CS","Odvozená vazba","KRAJ_NUTS",100,"3077","Liberecký kraj","CISOB",43,"561851","Noviny pod Ralskem"
"CS","Odvozená vazba","KRAJ_NUTS",100,"3077","Liberecký kraj","CISOB",43,"561860","Nový Bor"
"CS","Odvozená vazba","KRAJ_NUTS",100,"3077","Liberecký kraj","CISOB",43,"561878","Nový Oldřichov"
"CS","Odvozená vazba","KRAJ_NUTS",100,"3077","Liberecký kraj","CISOB",43,"561886","Okna"
"CS","Odvozená vazba","KRAJ_NUTS",100,"3077","Liberecký kraj","CISOB",43,"561894","Okrouhlá"
"CS","Odvozená vazba","KRAJ_NUTS",100,"3077","Liberecký kraj","CISOB",43,"561959","Polevsko"
"CS","Odvozená vazba","KRAJ_NUTS",100,"3077","Liberecký kraj","CISOB",43,"561983","Provodín"
"CS","Odvozená vazba","KRAJ_NUTS",100,"3077","Liberecký kraj","CISOB",43,"561991","Prysk"
"CS","Odvozená vazba","KRAJ_NUTS",100,"3077","Liberecký kraj","CISOB",43,"562017","Ralsko"
"CS","Odvozená vazba","KRAJ_NUTS",100,"3077","Liberecký kraj","CISOB",43,"562025","Skalice u České Lípy"
"CS","Odvozená vazba","KRAJ_NUTS",100,"3077","Liberecký kraj","CISOB",43,"562050","Sloup v Čechách"
"CS","Odvozená vazba","KRAJ_NUTS",100,"3077","Liberecký kraj","CISOB",43,"562076","Sosnová"
"CS","Odvozená vazba","KRAJ_NUTS",100,"3077","Liberecký kraj","CISOB",43,"562092","Stráž pod Ralskem"
"CS","Odvozená vazba","KRAJ_NUTS",100,"3077","Liberecký kraj","CISOB",43,"562106","Stružnice"
"CS","Odvozená vazba","KRAJ_NUTS",100,"3077","Liberecký kraj","CISOB",43,"562114","Stvolínky"
"CS","Odvozená vazba","KRAJ_NUTS",100,"3077","Liberecký kraj","CISOB",43,"562131","Svor"
"CS","Odvozená vazba","KRAJ_NUTS",100,"3077","Liberecký kraj","CISOB",43,"562173","Velenice"
"CS","Odvozená vazba","KRAJ_NUTS",100,"3077","Liberecký kraj","CISOB",43,"562203","Velký Valtinov"
"CS","Odvozená vazba","KRAJ_NUTS",100,"3077","Liberecký kraj","CISOB",43,"562220","Volfartice"
"CS","Odvozená vazba","KRAJ_NUTS",100,"3077","Liberecký kraj","CISOB",43,"562238","Vrchovany"
"CS","Odvozená vazba","KRAJ_NUTS",100,"3077","Liberecký kraj","CISOB",43,"562246","Zahrádky"
"CS","Odvozená vazba","KRAJ_NUTS",100,"3077","Liberecký kraj","CISOB",43,"562262","Zákupy"
"CS","Odvozená vazba","KRAJ_NUTS",100,"3077","Liberecký kraj","CISOB",43,"562297","Žandov"
"CS","Odvozená vazba","KRAJ_NUTS",100,"3077","Liberecký kraj","CISOB",43,"563510","Jablonec nad Nisou"
"CS","Odvozená vazba","KRAJ_NUTS",100,"3077","Liberecký kraj","CISOB",43,"563528","Albrechtice v Jizerských horách"
"CS","Odvozená vazba","KRAJ_NUTS",100,"3077","Liberecký kraj","CISOB",43,"563536","Bedřichov"
"CS","Odvozená vazba","KRAJ_NUTS",100,"3077","Liberecký kraj","CISOB",43,"563552","Desná"
"CS","Odvozená vazba","KRAJ_NUTS",100,"3077","Liberecký kraj","CISOB",43,"563561","Držkov"
"CS","Odvozená vazba","KRAJ_NUTS",100,"3077","Liberecký kraj","CISOB",43,"563579","Frýdštejn"
"CS","Odvozená vazba","KRAJ_NUTS",100,"3077","Liberecký kraj","CISOB",43,"563595","Janov nad Nisou"
"CS","Odvozená vazba","KRAJ_NUTS",100,"3077","Liberecký kraj","CISOB",43,"563609","Jenišovice"
"CS","Odvozená vazba","KRAJ_NUTS",100,"3077","Liberecký kraj","CISOB",43,"563617","Jílové u Držkova"
"CS","Odvozená vazba","KRAJ_NUTS",100,"3077","Liberecký kraj","CISOB",43,"563633","Josefův Důl"
"CS","Odvozená vazba","KRAJ_NUTS",100,"3077","Liberecký kraj","CISOB",43,"563641","Koberovy"
"CS","Odvozená vazba","KRAJ_NUTS",100,"3077","Liberecký kraj","CISOB",43,"563668","Kořenov"
"CS","Odvozená vazba","KRAJ_NUTS",100,"3077","Liberecký kraj","CISOB",43,"563676","Líšný"
"CS","Odvozená vazba","KRAJ_NUTS",100,"3077","Liberecký kraj","CISOB",43,"563684","Loužnice"
"CS","Odvozená vazba","KRAJ_NUTS",100,"3077","Liberecký kraj","CISOB",43,"563692","Lučany nad Nisou"
"CS","Odvozená vazba","KRAJ_NUTS",100,"3077","Liberecký kraj","CISOB",43,"563706","Malá Skála"
"CS","Odvozená vazba","KRAJ_NUTS",100,"3077","Liberecký kraj","CISOB",43,"563714","Maršovice"
"CS","Odvozená vazba","KRAJ_NUTS",100,"3077","Liberecký kraj","CISOB",43,"563731","Nová Ves nad Nisou"
"CS","Odvozená vazba","KRAJ_NUTS",100,"3077","Liberecký kraj","CISOB",43,"563749","Pěnčín"
"CS","Odvozená vazba","KRAJ_NUTS",100,"3077","Liberecký kraj","CISOB",43,"563757","Plavy"
"CS","Odvozená vazba","KRAJ_NUTS",100,"3077","Liberecký kraj","CISOB",43,"563773","Radčice"
"CS","Odvozená vazba","KRAJ_NUTS",100,"3077","Liberecký kraj","CISOB",43,"563781","Rádlo"
"CS","Odvozená vazba","KRAJ_NUTS",100,"3077","Liberecký kraj","CISOB",43,"563790","Rychnov u Jablonce nad Nisou"
"CS","Odvozená vazba","KRAJ_NUTS",100,"3077","Liberecký kraj","CISOB",43,"563803","Skuhrov"
"CS","Odvozená vazba","KRAJ_NUTS",100,"3077","Liberecký kraj","CISOB",43,"563811","Smržovka"
"CS","Odvozená vazba","KRAJ_NUTS",100,"3077","Liberecký kraj","CISOB",43,"563820","Tanvald"
"CS","Odvozená vazba","KRAJ_NUTS",100,"3077","Liberecký kraj","CISOB",43,"563838","Velké Hamry"
"CS","Odvozená vazba","KRAJ_NUTS",100,"3077","Liberecký kraj","CISOB",43,"563846","Vlastiboř"
"CS","Odvozená vazba","KRAJ_NUTS",100,"3077","Liberecký kraj","CISOB",43,"563854","Zásada"
"CS","Odvozená vazba","KRAJ_NUTS",100,"3077","Liberecký kraj","CISOB",43,"563862","Zlatá Olešnice"
"CS","Odvozená vazba","KRAJ_NUTS",100,"3077","Liberecký kraj","CISOB",43,"563871","Železný Brod"
"CS","Odvozená vazba","KRAJ_NUTS",100,"3077","Liberecký kraj","CISOB",43,"563889","Liberec"
"CS","Odvozená vazba","KRAJ_NUTS",100,"3077","Liberecký kraj","CISOB",43,"563901","Bílá"
"CS","Odvozená vazba","KRAJ_NUTS",100,"3077","Liberecký kraj","CISOB",43,"563919","Bílý Kostel nad Nisou"
"CS","Odvozená vazba","KRAJ_NUTS",100,"3077","Liberecký kraj","CISOB",43,"563935","Bulovka"
"CS","Odvozená vazba","KRAJ_NUTS",100,"3077","Liberecký kraj","CISOB",43,"563943","Cetenov"
"CS","Odvozená vazba","KRAJ_NUTS",100,"3077","Liberecký kraj","CISOB",43,"563960","Český Dub"
"CS","Odvozená vazba","KRAJ_NUTS",100,"3077","Liberecký kraj","CISOB",43,"563994","Dolní Řasnice"
"CS","Odvozená vazba","KRAJ_NUTS",100,"3077","Liberecký kraj","CISOB",43,"564028","Frýdlant"
"CS","Odvozená vazba","KRAJ_NUTS",100,"3077","Liberecký kraj","CISOB",43,"564036","Habartice"
"CS","Odvozená vazba","KRAJ_NUTS",100,"3077","Liberecký kraj","CISOB",43,"564044","Hejnice"
"CS","Odvozená vazba","KRAJ_NUTS",100,"3077","Liberecký kraj","CISOB",43,"564052","Hlavice"
"CS","Odvozená vazba","KRAJ_NUTS",100,"3077","Liberecký kraj","CISOB",43,"564061","Hodkovice nad Mohelkou"
"CS","Odvozená vazba","KRAJ_NUTS",100,"3077","Liberecký kraj","CISOB",43,"564079","Horní Řasnice"
"CS","Odvozená vazba","KRAJ_NUTS",100,"3077","Liberecký kraj","CISOB",43,"564095","Hrádek nad Nisou"
"CS","Odvozená vazba","KRAJ_NUTS",100,"3077","Liberecký kraj","CISOB",43,"564109","Chotyně"
"CS","Odvozená vazba","KRAJ_NUTS",100,"3077","Liberecký kraj","CISOB",43,"564117","Chrastava"
"CS","Odvozená vazba","KRAJ_NUTS",100,"3077","Liberecký kraj","CISOB",43,"564133","Jindřichovice pod Smrkem"
"CS","Odvozená vazba","KRAJ_NUTS",100,"3077","Liberecký kraj","CISOB",43,"564141","Kobyly"
"CS","Odvozená vazba","KRAJ_NUTS",100,"3077","Liberecký kraj","CISOB",43,"564168","Krásný Les"
"CS","Odvozená vazba","KRAJ_NUTS",100,"3077","Liberecký kraj","CISOB",43,"564176","Kryštofovo Údolí"
"CS","Odvozená vazba","KRAJ_NUTS",100,"3077","Liberecký kraj","CISOB",43,"564184","Křižany"
"CS","Odvozená vazba","KRAJ_NUTS",100,"3077","Liberecký kraj","CISOB",43,"564206","Lázně Libverda"
"CS","Odvozená vazba","KRAJ_NUTS",100,"3077","Liberecký kraj","CISOB",43,"564231","Mníšek"
"CS","Odvozená vazba","KRAJ_NUTS",100,"3077","Liberecký kraj","CISOB",43,"564265","Nové Město pod Smrkem"
"CS","Odvozená vazba","KRAJ_NUTS",100,"3077","Liberecký kraj","CISOB",43,"564281","Oldřichov v Hájích"
"CS","Odvozená vazba","KRAJ_NUTS",100,"3077","Liberecký kraj","CISOB",43,"564290","Osečná"
"CS","Odvozená vazba","KRAJ_NUTS",100,"3077","Liberecký kraj","CISOB",43,"564303","Pěnčín"
"CS","Odvozená vazba","KRAJ_NUTS",100,"3077","Liberecký kraj","CISOB",43,"564311","Pertoltice"
"CS","Odvozená vazba","KRAJ_NUTS",100,"3077","Liberecký kraj","CISOB",43,"564354","Příšovice"
"CS","Odvozená vazba","KRAJ_NUTS",100,"3077","Liberecký kraj","CISOB",43,"564371","Raspenava"
"CS","Odvozená vazba","KRAJ_NUTS",100,"3077","Liberecký kraj","CISOB",43,"564397","Rynoltice"
"CS","Odvozená vazba","KRAJ_NUTS",100,"3077","Liberecký kraj","CISOB",43,"564401","Soběslavice"
"CS","Odvozená vazba","KRAJ_NUTS",100,"3077","Liberecký kraj","CISOB",43,"564427","Světlá pod Ještědem"
"CS","Odvozená vazba","KRAJ_NUTS",100,"3077","Liberecký kraj","CISOB",43,"564435","Svijanský Újezd"
"CS","Odvozená vazba","KRAJ_NUTS",100,"3077","Liberecký kraj","CISOB",43,"564443","Svijany"
"CS","Odvozená vazba","KRAJ_NUTS",100,"3077","Liberecký kraj","CISOB",43,"564451","Sychrov"
"CS","Odvozená vazba","KRAJ_NUTS",100,"3077","Liberecký kraj","CISOB",43,"564460","Šimonovice"
"CS","Odvozená vazba","KRAJ_NUTS",100,"3077","Liberecký kraj","CISOB",43,"564494","Višňová"
"CS","Odvozená vazba","KRAJ_NUTS",100,"3077","Liberecký kraj","CISOB",43,"564516","Vlastibořice"
"CS","Odvozená vazba","KRAJ_NUTS",100,"3077","Liberecký kraj","CISOB",43,"564532","Všelibice"
"CS","Odvozená vazba","KRAJ_NUTS",100,"3077","Liberecký kraj","CISOB",43,"564541","Zdislava"
"CS","Odvozená vazba","KRAJ_NUTS",100,"3077","Liberecký kraj","CISOB",43,"573400","Loučky"
"CS","Odvozená vazba","KRAJ_NUTS",100,"3077","Liberecký kraj","CISOB",43,"573418","Martinice v Krkonoších"
"CS","Odvozená vazba","KRAJ_NUTS",100,"3077","Liberecký kraj","CISOB",43,"574201","Horka u Staré Paky"
"CS","Odvozená vazba","KRAJ_NUTS",100,"3077","Liberecký kraj","CISOB",43,"576964","Semily"
"CS","Odvozená vazba","KRAJ_NUTS",100,"3077","Liberecký kraj","CISOB",43,"576972","Bělá"
"CS","Odvozená vazba","KRAJ_NUTS",100,"3077","Liberecký kraj","CISOB",43,"576981","Benecko"
"CS","Odvozená vazba","KRAJ_NUTS",100,"3077","Liberecký kraj","CISOB",43,"576999","Benešov u Semil"
"CS","Odvozená vazba","KRAJ_NUTS",100,"3077","Liberecký kraj","CISOB",43,"577006","Bozkov"
"CS","Odvozená vazba","KRAJ_NUTS",100,"3077","Liberecký kraj","CISOB",43,"577014","Bradlecká Lhota"
"CS","Odvozená vazba","KRAJ_NUTS",100,"3077","Liberecký kraj","CISOB",43,"577031","Bukovina u Čisté"
"CS","Odvozená vazba","KRAJ_NUTS",100,"3077","Liberecký kraj","CISOB",43,"577049","Bystrá nad Jizerou"
"CS","Odvozená vazba","KRAJ_NUTS",100,"3077","Liberecký kraj","CISOB",43,"577057","Čistá u Horek"
"CS","Odvozená vazba","KRAJ_NUTS",100,"3077","Liberecký kraj","CISOB",43,"577073","Háje nad Jizerou"
"CS","Odvozená vazba","KRAJ_NUTS",100,"3077","Liberecký kraj","CISOB",43,"577081","Harrachov"
"CS","Odvozená vazba","KRAJ_NUTS",100,"3077","Liberecký kraj","CISOB",43,"577111","Holenice"
"CS","Odvozená vazba","KRAJ_NUTS",100,"3077","Liberecký kraj","CISOB",43,"577120","Horní Branná"
"CS","Odvozená vazba","KRAJ_NUTS",100,"3077","Liberecký kraj","CISOB",43,"577146","Hrubá Skála"
"CS","Odvozená vazba","KRAJ_NUTS",100,"3077","Liberecký kraj","CISOB",43,"577154","Chuchelna"
"CS","Odvozená vazba","KRAJ_NUTS",100,"3077","Liberecký kraj","CISOB",43,"577162","Jablonec nad Jizerou"
"CS","Odvozená vazba","KRAJ_NUTS",100,"3077","Liberecký kraj","CISOB",43,"577171","Jesenný"
"CS","Odvozená vazba","KRAJ_NUTS",100,"3077","Liberecký kraj","CISOB",43,"577189","Jestřabí v Krkonoších"
"CS","Odvozená vazba","KRAJ_NUTS",100,"3077","Liberecký kraj","CISOB",43,"577197","Jilemnice"
"CS","Odvozená vazba","KRAJ_NUTS",100,"3077","Liberecký kraj","CISOB",43,"577201","Kacanovy"
"CS","Odvozená vazba","KRAJ_NUTS",100,"3077","Liberecký kraj","CISOB",43,"577219","Karlovice"
"CS","Odvozená vazba","KRAJ_NUTS",100,"3077","Liberecký kraj","CISOB",43,"577227","Klokočí"
"CS","Odvozená vazba","KRAJ_NUTS",100,"3077","Liberecký kraj","CISOB",43,"577235","Košťálov"
"CS","Odvozená vazba","KRAJ_NUTS",100,"3077","Liberecký kraj","CISOB",43,"577243","Kruh"
"CS","Odvozená vazba","KRAJ_NUTS",100,"3077","Liberecký kraj","CISOB",43,"577294","Libštát"
"CS","Odvozená vazba","KRAJ_NUTS",100,"3077","Liberecký kraj","CISOB",43,"577308","Lomnice nad Popelkou"
"CS","Odvozená vazba","KRAJ_NUTS",100,"3077","Liberecký kraj","CISOB",43,"577316","Mírová pod Kozákovem"
"CS","Odvozená vazba","KRAJ_NUTS",100,"3077","Liberecký kraj","CISOB",43,"577324","Modřišice"
"CS","Odvozená vazba","KRAJ_NUTS",100,"3077","Liberecký kraj","CISOB",43,"577332","Mříčná"
"CS","Odvozená vazba","KRAJ_NUTS",100,"3077","Liberecký kraj","CISOB",43,"577341","Nová Ves nad Popelkou"
"CS","Odvozená vazba","KRAJ_NUTS",100,"3077","Liberecký kraj","CISOB",43,"577359","Ohrazenice"
"CS","Odvozená vazba","KRAJ_NUTS",100,"3077","Liberecký kraj","CISOB",43,"577367","Olešnice"
"CS","Odvozená vazba","KRAJ_NUTS",100,"3077","Liberecký kraj","CISOB",43,"577375","Levínská Olešnice"
"CS","Odvozená vazba","KRAJ_NUTS",100,"3077","Liberecký kraj","CISOB",43,"577391","Peřimov"
"CS","Odvozená vazba","KRAJ_NUTS",100,"3077","Liberecký kraj","CISOB",43,"577405","Poniklá"
"CS","Odvozená vazba","KRAJ_NUTS",100,"3077","Liberecký kraj","CISOB",43,"577413","Přepeře"
"CS","Odvozená vazba","KRAJ_NUTS",100,"3077","Liberecký kraj","CISOB",43,"577421","Příkrý"
"CS","Odvozená vazba","KRAJ_NUTS",100,"3077","Liberecký kraj","CISOB",43,"577430","Radostná pod Kozákovem"
"CS","Odvozená vazba","KRAJ_NUTS",100,"3077","Liberecký kraj","CISOB",43,"577448","Rakousy"
"CS","Odvozená vazba","KRAJ_NUTS",100,"3077","Liberecký kraj","CISOB",43,"577456","Rokytnice nad Jizerou"
"CS","Odvozená vazba","KRAJ_NUTS",100,"3077","Liberecký kraj","CISOB",43,"577464","Roprachtice"
"CS","Odvozená vazba","KRAJ_NUTS",100,"3077","Liberecký kraj","CISOB",43,"577472","Rovensko pod Troskami"
"CS","Odvozená vazba","KRAJ_NUTS",100,"3077","Liberecký kraj","CISOB",43,"577481","Roztoky u Semil"
"CS","Odvozená vazba","KRAJ_NUTS",100,"3077","Liberecký kraj","CISOB",43,"577499","Roztoky u Jilemnice"
"CS","Odvozená vazba","KRAJ_NUTS",100,"3077","Liberecký kraj","CISOB",43,"577529","Slaná"
"CS","Odvozená vazba","KRAJ_NUTS",100,"3077","Liberecký kraj","CISOB",43,"577545","Stružinec"
"CS","Odvozená vazba","KRAJ_NUTS",100,"3077","Liberecký kraj","CISOB",43,"577553","Studenec"
"CS","Odvozená vazba","KRAJ_NUTS",100,"3077","Liberecký kraj","CISOB",43,"577561","Svojek"
"CS","Odvozená vazba","KRAJ_NUTS",100,"3077","Liberecký kraj","CISOB",43,"577570","Syřenov"
"CS","Odvozená vazba","KRAJ_NUTS",100,"3077","Liberecký kraj","CISOB",43,"577596","Tatobity"
"CS","Odvozená vazba","KRAJ_NUTS",100,"3077","Liberecký kraj","CISOB",43,"577600","Troskovice"
"CS","Odvozená vazba","KRAJ_NUTS",100,"3077","Liberecký kraj","CISOB",43,"577626","Turnov"
"CS","Odvozená vazba","KRAJ_NUTS",100,"3077","Liberecký kraj","CISOB",43,"577642","Veselá"
"CS","Odvozená vazba","KRAJ_NUTS",100,"3077","Liberecký kraj","CISOB",43,"577651","Víchová nad Jizerou"
"CS","Odvozená vazba","KRAJ_NUTS",100,"3077","Liberecký kraj","CISOB",43,"577669","Vítkovice"
"CS","Odvozená vazba","KRAJ_NUTS",100,"3077","Liberecký kraj","CISOB",43,"577677","Všeň"
"CS","Odvozená vazba","KRAJ_NUTS",100,"3077","Liberecký kraj","CISOB",43,"577685","Vyskeř"
"CS","Odvozená vazba","KRAJ_NUTS",100,"3077","Liberecký kraj","CISOB",43,"577693","Vysoké nad Jizerou"
"CS","Odvozená vazba","KRAJ_NUTS",100,"3077","Liberecký kraj","CISOB",43,"577707","Záhoří"
"CS","Odvozená vazba","KRAJ_NUTS",100,"3077","Liberecký kraj","CISOB",43,"577723","Žernov"
"CS","Odvozená vazba","KRAJ_NUTS",100,"3085","Královéhradecký kraj","CISOB",43,"505099","Červená Hora"
"CS","Odvozená vazba","KRAJ_NUTS",100,"3085","Královéhradecký kraj","CISOB",43,"513717","Urbanice"
"CS","Odvozená vazba","KRAJ_NUTS",100,"3085","Královéhradecký kraj","CISOB",43,"530671","Pšánky"
"CS","Odvozená vazba","KRAJ_NUTS",100,"3085","Královéhradecký kraj","CISOB",43,"530735","Staré Hrady"
"CS","Odvozená vazba","KRAJ_NUTS",100,"3085","Královéhradecký kraj","CISOB",43,"530786","Říkov"
"CS","Odvozená vazba","KRAJ_NUTS",100,"3085","Královéhradecký kraj","CISOB",43,"530808","Královec"
"CS","Odvozená vazba","KRAJ_NUTS",100,"3085","Královéhradecký kraj","CISOB",43,"546470","Litíč"
"CS","Odvozená vazba","KRAJ_NUTS",100,"3085","Královéhradecký kraj","CISOB",43,"547531","Hořenice"
"CS","Odvozená vazba","KRAJ_NUTS",100,"3085","Královéhradecký kraj","CISOB",43,"547565","Vestec"
"CS","Odvozená vazba","KRAJ_NUTS",100,"3085","Královéhradecký kraj","CISOB",43,"547646","Velké Poříčí"
"CS","Odvozená vazba","KRAJ_NUTS",100,"3085","Královéhradecký kraj","CISOB",43,"547654","Šestajovice"
"CS","Odvozená vazba","KRAJ_NUTS",100,"3085","Královéhradecký kraj","CISOB",43,"547701","Libchyně"
"CS","Odvozená vazba","KRAJ_NUTS",100,"3085","Královéhradecký kraj","CISOB",43,"547727","Sendraž"
"CS","Odvozená vazba","KRAJ_NUTS",100,"3085","Královéhradecký kraj","CISOB",43,"547743","Vernéřovice"
"CS","Odvozená vazba","KRAJ_NUTS",100,"3085","Královéhradecký kraj","CISOB",43,"547751","Bukovice"
"CS","Odvozená vazba","KRAJ_NUTS",100,"3085","Královéhradecký kraj","CISOB",43,"547786","Adršpach"
"CS","Odvozená vazba","KRAJ_NUTS",100,"3085","Královéhradecký kraj","CISOB",43,"548057","Vrchovnice"
"CS","Odvozená vazba","KRAJ_NUTS",100,"3085","Královéhradecký kraj","CISOB",43,"548065","Obědovice"
"CS","Odvozená vazba","KRAJ_NUTS",100,"3085","Královéhradecký kraj","CISOB",43,"548154","Světí"
"CS","Odvozená vazba","KRAJ_NUTS",100,"3085","Královéhradecký kraj","CISOB",43,"548642","Hřibiny-Ledská"
"CS","Odvozená vazba","KRAJ_NUTS",100,"3085","Královéhradecký kraj","CISOB",43,"548651","Libel"
"CS","Odvozená vazba","KRAJ_NUTS",100,"3085","Královéhradecký kraj","CISOB",43,"548669","Rohenice"
"CS","Odvozená vazba","KRAJ_NUTS",100,"3085","Královéhradecký kraj","CISOB",43,"548677","Vysoký Újezd"
"CS","Odvozená vazba","KRAJ_NUTS",100,"3085","Královéhradecký kraj","CISOB",43,"548685","Krchleby"
"CS","Odvozená vazba","KRAJ_NUTS",100,"3085","Královéhradecký kraj","CISOB",43,"548693","Svídnice"
"CS","Odvozená vazba","KRAJ_NUTS",100,"3085","Královéhradecký kraj","CISOB",43,"548707","Vrbice"
"CS","Odvozená vazba","KRAJ_NUTS",100,"3085","Královéhradecký kraj","CISOB",43,"548723","Polom"
"CS","Odvozená vazba","KRAJ_NUTS",100,"3085","Královéhradecký kraj","CISOB",43,"548758","Proruby"
"CS","Odvozená vazba","KRAJ_NUTS",100,"3085","Královéhradecký kraj","CISOB",43,"548782","Jahodov"
"CS","Odvozená vazba","KRAJ_NUTS",100,"3085","Královéhradecký kraj","CISOB",43,"548791","Chlístov"
"CS","Odvozená vazba","KRAJ_NUTS",100,"3085","Královéhradecký kraj","CISOB",43,"548804","Lampertice"
"CS","Odvozená vazba","KRAJ_NUTS",100,"3085","Královéhradecký kraj","CISOB",43,"548812","Stanovice"
"CS","Odvozená vazba","KRAJ_NUTS",100,"3085","Královéhradecký kraj","CISOB",43,"548821","Borovnička"
"CS","Odvozená vazba","KRAJ_NUTS",100,"3085","Královéhradecký kraj","CISOB",43,"548839","Zábřezí-Řečice"
"CS","Odvozená vazba","KRAJ_NUTS",100,"3085","Královéhradecký kraj","CISOB",43,"548847","Zdobín"
"CS","Odvozená vazba","KRAJ_NUTS",100,"3085","Královéhradecký kraj","CISOB",43,"548855","Bříšťany"
"CS","Odvozená vazba","KRAJ_NUTS",100,"3085","Královéhradecký kraj","CISOB",43,"548863","Milovice u Hořic"
"CS","Odvozená vazba","KRAJ_NUTS",100,"3085","Královéhradecký kraj","CISOB",43,"548871","Petrovičky"
"CS","Odvozená vazba","KRAJ_NUTS",100,"3085","Královéhradecký kraj","CISOB",43,"548880","Sukorady"
"CS","Odvozená vazba","KRAJ_NUTS",100,"3085","Královéhradecký kraj","CISOB",43,"548898","Rokytňany"
"CS","Odvozená vazba","KRAJ_NUTS",100,"3085","Královéhradecký kraj","CISOB",43,"548901","Bílsko u Hořic"
"CS","Odvozená vazba","KRAJ_NUTS",100,"3085","Královéhradecký kraj","CISOB",43,"548910","Ohaveč"
"CS","Odvozená vazba","KRAJ_NUTS",100,"3085","Královéhradecký kraj","CISOB",43,"548928","Kostelec"
"CS","Odvozená vazba","KRAJ_NUTS",100,"3085","Královéhradecký kraj","CISOB",43,"548944","Kovač"
"CS","Odvozená vazba","KRAJ_NUTS",100,"3085","Královéhradecký kraj","CISOB",43,"548952","Budčeves"
"CS","Odvozená vazba","KRAJ_NUTS",100,"3085","Královéhradecký kraj","CISOB",43,"548961","Sedliště"
"CS","Odvozená vazba","KRAJ_NUTS",100,"3085","Královéhradecký kraj","CISOB",43,"548979","Borek"
"CS","Odvozená vazba","KRAJ_NUTS",100,"3085","Královéhradecký kraj","CISOB",43,"548995","Červená Třemešná"
"CS","Odvozená vazba","KRAJ_NUTS",100,"3085","Královéhradecký kraj","CISOB",43,"549029","Vřesník"
"CS","Odvozená vazba","KRAJ_NUTS",100,"3085","Královéhradecký kraj","CISOB",43,"549037","Choteč"
"CS","Odvozená vazba","KRAJ_NUTS",100,"3085","Královéhradecký kraj","CISOB",43,"549070","Březina"
"CS","Odvozená vazba","KRAJ_NUTS",100,"3085","Královéhradecký kraj","CISOB",43,"549088","Dolní Lochov"
"CS","Odvozená vazba","KRAJ_NUTS",100,"3085","Královéhradecký kraj","CISOB",43,"549096","Staré Místo"
"CS","Odvozená vazba","KRAJ_NUTS",100,"3085","Královéhradecký kraj","CISOB",43,"549100","Brada-Rybníček"
"CS","Odvozená vazba","KRAJ_NUTS",100,"3085","Královéhradecký kraj","CISOB",43,"549118","Dílce"
"CS","Odvozená vazba","KRAJ_NUTS",100,"3085","Královéhradecký kraj","CISOB",43,"549151","Jinolice"
"CS","Odvozená vazba","KRAJ_NUTS",100,"3085","Královéhradecký kraj","CISOB",43,"549169","Kbelnice"
"CS","Odvozená vazba","KRAJ_NUTS",100,"3085","Královéhradecký kraj","CISOB",43,"549185","Ohařice"
"CS","Odvozená vazba","KRAJ_NUTS",100,"3085","Královéhradecký kraj","CISOB",43,"549193","Zámostí-Blata"
"CS","Odvozená vazba","KRAJ_NUTS",100,"3085","Královéhradecký kraj","CISOB",43,"549207","Nevratice"
"CS","Odvozená vazba","KRAJ_NUTS",100,"3085","Královéhradecký kraj","CISOB",43,"549223","Chyjice"
"CS","Odvozená vazba","KRAJ_NUTS",100,"3085","Královéhradecký kraj","CISOB",43,"549274","Rašín"
"CS","Odvozená vazba","KRAJ_NUTS",100,"3085","Královéhradecký kraj","CISOB",43,"549282","Butoves"
"CS","Odvozená vazba","KRAJ_NUTS",100,"3085","Královéhradecký kraj","CISOB",43,"549312","Kacákova Lhota"
"CS","Odvozená vazba","KRAJ_NUTS",100,"3085","Královéhradecký kraj","CISOB",43,"549355","Cholenice"
"CS","Odvozená vazba","KRAJ_NUTS",100,"3085","Královéhradecký kraj","CISOB",43,"553701","Bačalky"
"CS","Odvozená vazba","KRAJ_NUTS",100,"3085","Královéhradecký kraj","CISOB",43,"554863","Dolní Brusnice"
"CS","Odvozená vazba","KRAJ_NUTS",100,"3085","Královéhradecký kraj","CISOB",43,"569810","Hradec Králové"
"CS","Odvozená vazba","KRAJ_NUTS",100,"3085","Královéhradecký kraj","CISOB",43,"569828","Babice"
"CS","Odvozená vazba","KRAJ_NUTS",100,"3085","Královéhradecký kraj","CISOB",43,"569836","Barchov"
"CS","Odvozená vazba","KRAJ_NUTS",100,"3085","Královéhradecký kraj","CISOB",43,"569852","Běleč nad Orlicí"
"CS","Odvozená vazba","KRAJ_NUTS",100,"3085","Královéhradecký kraj","CISOB",43,"569861","Benátky"
"CS","Odvozená vazba","KRAJ_NUTS",100,"3085","Královéhradecký kraj","CISOB",43,"569879","Blešno"
"CS","Odvozená vazba","KRAJ_NUTS",100,"3085","Královéhradecký kraj","CISOB",43,"569887","Boharyně"
"CS","Odvozená vazba","KRAJ_NUTS",100,"3085","Královéhradecký kraj","CISOB",43,"569917","Černilov"
"CS","Odvozená vazba","KRAJ_NUTS",100,"3085","Královéhradecký kraj","CISOB",43,"569925","Černožice"
"CS","Odvozená vazba","KRAJ_NUTS",100,"3085","Královéhradecký kraj","CISOB",43,"569933","Čistěves"
"CS","Odvozená vazba","KRAJ_NUTS",100,"3085","Královéhradecký kraj","CISOB",43,"569941","Divec"
"CS","Odvozená vazba","KRAJ_NUTS",100,"3085","Královéhradecký kraj","CISOB",43,"569968","Dobřenice"
"CS","Odvozená vazba","KRAJ_NUTS",100,"3085","Královéhradecký kraj","CISOB",43,"569976","Dohalice"
"CS","Odvozená vazba","KRAJ_NUTS",100,"3085","Královéhradecký kraj","CISOB",43,"569984","Dolní Přím"
"CS","Odvozená vazba","KRAJ_NUTS",100,"3085","Královéhradecký kraj","CISOB",43,"569992","Habřina"
"CS","Odvozená vazba","KRAJ_NUTS",100,"3085","Královéhradecký kraj","CISOB",43,"570001","Hlušice"
"CS","Odvozená vazba","KRAJ_NUTS",100,"3085","Královéhradecký kraj","CISOB",43,"570010","Hněvčeves"
"CS","Odvozená vazba","KRAJ_NUTS",100,"3085","Královéhradecký kraj","CISOB",43,"570028","Holohlavy"
"CS","Odvozená vazba","KRAJ_NUTS",100,"3085","Královéhradecký kraj","CISOB",43,"570044","Hořiněves"
"CS","Odvozená vazba","KRAJ_NUTS",100,"3085","Královéhradecký kraj","CISOB",43,"570052","Hrádek"
"CS","Odvozená vazba","KRAJ_NUTS",100,"3085","Královéhradecký kraj","CISOB",43,"570087","Humburky"
"CS","Odvozená vazba","KRAJ_NUTS",100,"3085","Královéhradecký kraj","CISOB",43,"570109","Chlumec nad Cidlinou"
"CS","Odvozená vazba","KRAJ_NUTS",100,"3085","Královéhradecký kraj","CISOB",43,"570125","Chudeřice"
"CS","Odvozená vazba","KRAJ_NUTS",100,"3085","Královéhradecký kraj","CISOB",43,"570133","Jeníkovice"
"CS","Odvozená vazba","KRAJ_NUTS",100,"3085","Královéhradecký kraj","CISOB",43,"570150","Káranice"
"CS","Odvozená vazba","KRAJ_NUTS",100,"3085","Královéhradecký kraj","CISOB",43,"570168","Klamoš"
"CS","Odvozená vazba","KRAJ_NUTS",100,"3085","Královéhradecký kraj","CISOB",43,"570176","Kosice"
"CS","Odvozená vazba","KRAJ_NUTS",100,"3085","Královéhradecký kraj","CISOB",43,"570184","Kosičky"
"CS","Odvozená vazba","KRAJ_NUTS",100,"3085","Královéhradecký kraj","CISOB",43,"570192","Králíky"
"CS","Odvozená vazba","KRAJ_NUTS",100,"3085","Královéhradecký kraj","CISOB",43,"570206","Kratonohy"
"CS","Odvozená vazba","KRAJ_NUTS",100,"3085","Královéhradecký kraj","CISOB",43,"570214","Kunčice"
"CS","Odvozená vazba","KRAJ_NUTS",100,"3085","Královéhradecký kraj","CISOB",43,"570222","Lejšovka"
"CS","Odvozená vazba","KRAJ_NUTS",100,"3085","Královéhradecký kraj","CISOB",43,"570231","Lhota pod Libčany"
"CS","Odvozená vazba","KRAJ_NUTS",100,"3085","Královéhradecký kraj","CISOB",43,"570249","Libčany"
"CS","Odvozená vazba","KRAJ_NUTS",100,"3085","Královéhradecký kraj","CISOB",43,"570257","Libníkovice"
"CS","Odvozená vazba","KRAJ_NUTS",100,"3085","Královéhradecký kraj","CISOB",43,"570265","Librantice"
"CS","Odvozená vazba","KRAJ_NUTS",100,"3085","Královéhradecký kraj","CISOB",43,"570273","Libřice"
"CS","Odvozená vazba","KRAJ_NUTS",100,"3085","Královéhradecký kraj","CISOB",43,"570290","Lišice"
"CS","Odvozená vazba","KRAJ_NUTS",100,"3085","Královéhradecký kraj","CISOB",43,"570303","Lodín"
"CS","Odvozená vazba","KRAJ_NUTS",100,"3085","Královéhradecký kraj","CISOB",43,"570311","Lochenice"
"CS","Odvozená vazba","KRAJ_NUTS",100,"3085","Královéhradecký kraj","CISOB",43,"570320","Lovčice"
"CS","Odvozená vazba","KRAJ_NUTS",100,"3085","Královéhradecký kraj","CISOB",43,"570354","Lužany"
"CS","Odvozená vazba","KRAJ_NUTS",100,"3085","Královéhradecký kraj","CISOB",43,"570362","Lužec nad Cidlinou"
"CS","Odvozená vazba","KRAJ_NUTS",100,"3085","Královéhradecký kraj","CISOB",43,"570397","Měník"
"CS","Odvozená vazba","KRAJ_NUTS",100,"3085","Královéhradecký kraj","CISOB",43,"570401","Mlékosrby"
"CS","Odvozená vazba","KRAJ_NUTS",100,"3085","Královéhradecký kraj","CISOB",43,"570419","Mokrovousy"
"CS","Odvozená vazba","KRAJ_NUTS",100,"3085","Královéhradecký kraj","CISOB",43,"570427","Myštěves"
"CS","Odvozená vazba","KRAJ_NUTS",100,"3085","Královéhradecký kraj","CISOB",43,"570435","Mžany"
"CS","Odvozená vazba","KRAJ_NUTS",100,"3085","Královéhradecký kraj","CISOB",43,"570443","Neděliště"
"CS","Odvozená vazba","KRAJ_NUTS",100,"3085","Královéhradecký kraj","CISOB",43,"570451","Nechanice"
"CS","Odvozená vazba","KRAJ_NUTS",100,"3085","Královéhradecký kraj","CISOB",43,"570478","Nepolisy"
"CS","Odvozená vazba","KRAJ_NUTS",100,"3085","Královéhradecký kraj","CISOB",43,"570494","Nové Město"
"CS","Odvozená vazba","KRAJ_NUTS",100,"3085","Královéhradecký kraj","CISOB",43,"570508","Nový Bydžov"
"CS","Odvozená vazba","KRAJ_NUTS",100,"3085","Královéhradecký kraj","CISOB",43,"570516","Ohnišťany"
"CS","Odvozená vazba","KRAJ_NUTS",100,"3085","Královéhradecký kraj","CISOB",43,"570524","Olešnice"
"CS","Odvozená vazba","KRAJ_NUTS",100,"3085","Královéhradecký kraj","CISOB",43,"570532","Osice"
"CS","Odvozená vazba","KRAJ_NUTS",100,"3085","Královéhradecký kraj","CISOB",43,"570541","Osičky"
"CS","Odvozená vazba","KRAJ_NUTS",100,"3085","Královéhradecký kraj","CISOB",43,"570567","Petrovice"
"CS","Odvozená vazba","KRAJ_NUTS",100,"3085","Královéhradecký kraj","CISOB",43,"570575","Písek"
"CS","Odvozená vazba","KRAJ_NUTS",100,"3085","Královéhradecký kraj","CISOB",43,"570648","Prasek"
"CS","Odvozená vazba","KRAJ_NUTS",100,"3085","Královéhradecký kraj","CISOB",43,"570656","Praskačka"
"CS","Odvozená vazba","KRAJ_NUTS",100,"3085","Královéhradecký kraj","CISOB",43,"570672","Předměřice nad Labem"
"CS","Odvozená vazba","KRAJ_NUTS",100,"3085","Královéhradecký kraj","CISOB",43,"570681","Převýšov"
"CS","Odvozená vazba","KRAJ_NUTS",100,"3085","Královéhradecký kraj","CISOB",43,"570702","Račice nad Trotinou"
"CS","Odvozená vazba","KRAJ_NUTS",100,"3085","Královéhradecký kraj","CISOB",43,"570711","Radíkovice"
"CS","Odvozená vazba","KRAJ_NUTS",100,"3085","Královéhradecký kraj","CISOB",43,"570729","Radostov"
"CS","Odvozená vazba","KRAJ_NUTS",100,"3085","Královéhradecký kraj","CISOB",43,"570745","Roudnice"
"CS","Odvozená vazba","KRAJ_NUTS",100,"3085","Královéhradecký kraj","CISOB",43,"570796","Sendražice"
"CS","Odvozená vazba","KRAJ_NUTS",100,"3085","Královéhradecký kraj","CISOB",43,"570800","Skalice"
"CS","Odvozená vazba","KRAJ_NUTS",100,"3085","Královéhradecký kraj","CISOB",43,"570834","Skřivany"
"CS","Odvozená vazba","KRAJ_NUTS",100,"3085","Královéhradecký kraj","CISOB",43,"570851","Sloupno"
"CS","Odvozená vazba","KRAJ_NUTS",100,"3085","Královéhradecký kraj","CISOB",43,"570869","Smidary"
"CS","Odvozená vazba","KRAJ_NUTS",100,"3085","Královéhradecký kraj","CISOB",43,"570877","Smiřice"
"CS","Odvozená vazba","KRAJ_NUTS",100,"3085","Královéhradecký kraj","CISOB",43,"570885","Smržov"
"CS","Odvozená vazba","KRAJ_NUTS",100,"3085","Královéhradecký kraj","CISOB",43,"570907","Sovětice"
"CS","Odvozená vazba","KRAJ_NUTS",100,"3085","Královéhradecký kraj","CISOB",43,"570915","Stará Voda"
"CS","Odvozená vazba","KRAJ_NUTS",100,"3085","Královéhradecký kraj","CISOB",43,"570931","Stěžery"
"CS","Odvozená vazba","KRAJ_NUTS",100,"3085","Královéhradecký kraj","CISOB",43,"570958","Stračov"
"CS","Odvozená vazba","KRAJ_NUTS",100,"3085","Královéhradecký kraj","CISOB",43,"570966","Střezetice"
"CS","Odvozená vazba","KRAJ_NUTS",100,"3085","Královéhradecký kraj","CISOB",43,"571008","Syrovátka"
"CS","Odvozená vazba","KRAJ_NUTS",100,"3085","Královéhradecký kraj","CISOB",43,"571016","Šaplava"
"CS","Odvozená vazba","KRAJ_NUTS",100,"3085","Královéhradecký kraj","CISOB",43,"571024","Těchlovice"
"CS","Odvozená vazba","KRAJ_NUTS",100,"3085","Královéhradecký kraj","CISOB",43,"571041","Třebechovice pod Orebem"
"CS","Odvozená vazba","KRAJ_NUTS",100,"3085","Královéhradecký kraj","CISOB",43,"571059","Třesovice"
"CS","Odvozená vazba","KRAJ_NUTS",100,"3085","Královéhradecký kraj","CISOB",43,"571083","Vinary"
"CS","Odvozená vazba","KRAJ_NUTS",100,"3085","Královéhradecký kraj","CISOB",43,"571091","Všestary"
"CS","Odvozená vazba","KRAJ_NUTS",100,"3085","Královéhradecký kraj","CISOB",43,"571105","Výrava"
"CS","Odvozená vazba","KRAJ_NUTS",100,"3085","Královéhradecký kraj","CISOB",43,"571113","Vysoká nad Labem"
"CS","Odvozená vazba","KRAJ_NUTS",100,"3085","Královéhradecký kraj","CISOB",43,"571130","Zachrašťany"
"CS","Odvozená vazba","KRAJ_NUTS",100,"3085","Královéhradecký kraj","CISOB",43,"572047","Kyje"
"CS","Odvozená vazba","KRAJ_NUTS",100,"3085","Královéhradecký kraj","CISOB",43,"572128","Vrbice"
"CS","Odvozená vazba","KRAJ_NUTS",100,"3085","Královéhradecký kraj","CISOB",43,"572136","Kozojedy"
"CS","Odvozená vazba","KRAJ_NUTS",100,"3085","Královéhradecký kraj","CISOB",43,"572144","Sekeřice"
"CS","Odvozená vazba","KRAJ_NUTS",100,"3085","Královéhradecký kraj","CISOB",43,"572187","Slavhostice"
"CS","Odvozená vazba","KRAJ_NUTS",100,"3085","Královéhradecký kraj","CISOB",43,"572659","Jičín"
"CS","Odvozená vazba","KRAJ_NUTS",100,"3085","Královéhradecký kraj","CISOB",43,"572667","Bašnice"
"CS","Odvozená vazba","KRAJ_NUTS",100,"3085","Královéhradecký kraj","CISOB",43,"572675","Běchary"
"CS","Odvozená vazba","KRAJ_NUTS",100,"3085","Královéhradecký kraj","CISOB",43,"572705","Boháňka"
"CS","Odvozená vazba","KRAJ_NUTS",100,"3085","Královéhradecký kraj","CISOB",43,"572756","Tetín"
"CS","Odvozená vazba","KRAJ_NUTS",100,"3085","Královéhradecký kraj","CISOB",43,"572772","Bystřice"
"CS","Odvozená vazba","KRAJ_NUTS",100,"3085","Královéhradecký kraj","CISOB",43,"572781","Cerekvice nad Bystřicí"
"CS","Odvozená vazba","KRAJ_NUTS",100,"3085","Královéhradecký kraj","CISOB",43,"572811","Češov"
"CS","Odvozená vazba","KRAJ_NUTS",100,"3085","Královéhradecký kraj","CISOB",43,"572829","Dětenice"
"CS","Odvozená vazba","KRAJ_NUTS",100,"3085","Královéhradecký kraj","CISOB",43,"572837","Dobrá Voda u Hořic"
"CS","Odvozená vazba","KRAJ_NUTS",100,"3085","Královéhradecký kraj","CISOB",43,"572900","Holín"
"CS","Odvozená vazba","KRAJ_NUTS",100,"3085","Královéhradecký kraj","CISOB",43,"572918","Holovousy"
"CS","Odvozená vazba","KRAJ_NUTS",100,"3085","Královéhradecký kraj","CISOB",43,"572926","Hořice"
"CS","Odvozená vazba","KRAJ_NUTS",100,"3085","Královéhradecký kraj","CISOB",43,"572969","Chomutice"
"CS","Odvozená vazba","KRAJ_NUTS",100,"3085","Královéhradecký kraj","CISOB",43,"572993","Jeřice"
"CS","Odvozená vazba","KRAJ_NUTS",100,"3085","Královéhradecký kraj","CISOB",43,"573001","Jičíněves"
"CS","Odvozená vazba","KRAJ_NUTS",100,"3085","Královéhradecký kraj","CISOB",43,"573043","Kněžnice"
"CS","Odvozená vazba","KRAJ_NUTS",100,"3085","Královéhradecký kraj","CISOB",43,"573051","Konecchlumí"
"CS","Odvozená vazba","KRAJ_NUTS",100,"3085","Královéhradecký kraj","CISOB",43,"573060","Kopidlno"
"CS","Odvozená vazba","KRAJ_NUTS",100,"3085","Královéhradecký kraj","CISOB",43,"573086","Lískovice"
"CS","Odvozená vazba","KRAJ_NUTS",100,"3085","Královéhradecký kraj","CISOB",43,"573094","Lázně Bělohrad"
"CS","Odvozená vazba","KRAJ_NUTS",100,"3085","Královéhradecký kraj","CISOB",43,"573108","Libáň"
"CS","Odvozená vazba","KRAJ_NUTS",100,"3085","Královéhradecký kraj","CISOB",43,"573116","Libošovice"
"CS","Odvozená vazba","KRAJ_NUTS",100,"3085","Královéhradecký kraj","CISOB",43,"573124","Libuň"
"CS","Odvozená vazba","KRAJ_NUTS",100,"3085","Královéhradecký kraj","CISOB",43,"573132","Starý Bydžov"
"CS","Odvozená vazba","KRAJ_NUTS",100,"3085","Královéhradecký kraj","CISOB",43,"573141","Lukavec u Hořic"
"CS","Odvozená vazba","KRAJ_NUTS",100,"3085","Královéhradecký kraj","CISOB",43,"573159","Lužany"
"CS","Odvozená vazba","KRAJ_NUTS",100,"3085","Královéhradecký kraj","CISOB",43,"573167","Markvartice"
"CS","Odvozená vazba","KRAJ_NUTS",100,"3085","Královéhradecký kraj","CISOB",43,"573175","Miletín"
"CS","Odvozená vazba","KRAJ_NUTS",100,"3085","Královéhradecký kraj","CISOB",43,"573183","Zelenecká Lhota"
"CS","Odvozená vazba","KRAJ_NUTS",100,"3085","Královéhradecký kraj","CISOB",43,"573191","Sadová"
"CS","Odvozená vazba","KRAJ_NUTS",100,"3085","Královéhradecký kraj","CISOB",43,"573205","Mladějov"
"CS","Odvozená vazba","KRAJ_NUTS",100,"3085","Královéhradecký kraj","CISOB",43,"573213","Mlázovice"
"CS","Odvozená vazba","KRAJ_NUTS",100,"3085","Královéhradecký kraj","CISOB",43,"573221","Rohoznice"
"CS","Odvozená vazba","KRAJ_NUTS",100,"3085","Královéhradecký kraj","CISOB",43,"573230","Nemyčeves"
"CS","Odvozená vazba","KRAJ_NUTS",100,"3085","Královéhradecký kraj","CISOB",43,"573248","Nová Paka"
"CS","Odvozená vazba","KRAJ_NUTS",100,"3085","Královéhradecký kraj","CISOB",43,"573256","Šárovcova Lhota"
"CS","Odvozená vazba","KRAJ_NUTS",100,"3085","Královéhradecký kraj","CISOB",43,"573264","Osek"
"CS","Odvozená vazba","KRAJ_NUTS",100,"3085","Královéhradecký kraj","CISOB",43,"573272","Ostroměř"
"CS","Odvozená vazba","KRAJ_NUTS",100,"3085","Královéhradecký kraj","CISOB",43,"573281","Ostružno"
"CS","Odvozená vazba","KRAJ_NUTS",100,"3085","Královéhradecký kraj","CISOB",43,"573299","Pecka"
"CS","Odvozená vazba","KRAJ_NUTS",100,"3085","Královéhradecký kraj","CISOB",43,"573302","Svatojanský Újezd"
"CS","Odvozená vazba","KRAJ_NUTS",100,"3085","Královéhradecký kraj","CISOB",43,"573311","Podhorní Újezd a Vojice"
"CS","Odvozená vazba","KRAJ_NUTS",100,"3085","Královéhradecký kraj","CISOB",43,"573329","Podhradí"
"CS","Odvozená vazba","KRAJ_NUTS",100,"3085","Královéhradecký kraj","CISOB",43,"573337","Dřevěnice"
"CS","Odvozená vazba","KRAJ_NUTS",100,"3085","Královéhradecký kraj","CISOB",43,"573345","Podůlší"
"CS","Odvozená vazba","KRAJ_NUTS",100,"3085","Královéhradecký kraj","CISOB",43,"573353","Bukvice"
"CS","Odvozená vazba","KRAJ_NUTS",100,"3085","Královéhradecký kraj","CISOB",43,"573361","Soběraz"
"CS","Odvozená vazba","KRAJ_NUTS",100,"3085","Královéhradecký kraj","CISOB",43,"573370","Radim"
"CS","Odvozená vazba","KRAJ_NUTS",100,"3085","Královéhradecký kraj","CISOB",43,"573388","Litoboř"
"CS","Odvozená vazba","KRAJ_NUTS",100,"3085","Královéhradecký kraj","CISOB",43,"573442","Samšina"
"CS","Odvozená vazba","KRAJ_NUTS",100,"3085","Královéhradecký kraj","CISOB",43,"573451","Sběř"
"CS","Odvozená vazba","KRAJ_NUTS",100,"3085","Královéhradecký kraj","CISOB",43,"573469","Slatiny"
"CS","Odvozená vazba","KRAJ_NUTS",100,"3085","Královéhradecký kraj","CISOB",43,"573477","Sobčice"
"CS","Odvozená vazba","KRAJ_NUTS",100,"3085","Královéhradecký kraj","CISOB",43,"573493","Sobotka"
"CS","Odvozená vazba","KRAJ_NUTS",100,"3085","Královéhradecký kraj","CISOB",43,"573507","Stará Paka"
"CS","Odvozená vazba","KRAJ_NUTS",100,"3085","Královéhradecký kraj","CISOB",43,"573523","Staré Smrkovice"
"CS","Odvozená vazba","KRAJ_NUTS",100,"3085","Královéhradecký kraj","CISOB",43,"573531","Puchlovice"
"CS","Odvozená vazba","KRAJ_NUTS",100,"3085","Královéhradecký kraj","CISOB",43,"573540","Střevač"
"CS","Odvozená vazba","KRAJ_NUTS",100,"3085","Královéhradecký kraj","CISOB",43,"573612","Třebnouševes"
"CS","Odvozená vazba","KRAJ_NUTS",100,"3085","Královéhradecký kraj","CISOB",43,"573621","Hvozdnice"
"CS","Odvozená vazba","KRAJ_NUTS",100,"3085","Královéhradecký kraj","CISOB",43,"573639","Třtěnice"
"CS","Odvozená vazba","KRAJ_NUTS",100,"3085","Královéhradecký kraj","CISOB",43,"573647","Tuř"
"CS","Odvozená vazba","KRAJ_NUTS",100,"3085","Královéhradecký kraj","CISOB",43,"573655","Úbislavice"
"CS","Odvozená vazba","KRAJ_NUTS",100,"3085","Královéhradecký kraj","CISOB",43,"573663","Údrnice"
"CS","Odvozená vazba","KRAJ_NUTS",100,"3085","Královéhradecký kraj","CISOB",43,"573671","Úhlejov"
"CS","Odvozená vazba","KRAJ_NUTS",100,"3085","Královéhradecký kraj","CISOB",43,"573680","Újezd pod Troskami"
"CS","Odvozená vazba","KRAJ_NUTS",100,"3085","Královéhradecký kraj","CISOB",43,"573698","Úlibice"
"CS","Odvozená vazba","KRAJ_NUTS",100,"3085","Královéhradecký kraj","CISOB",43,"573701","Valdice"
"CS","Odvozená vazba","KRAJ_NUTS",100,"3085","Královéhradecký kraj","CISOB",43,"573710","Kobylice"
"CS","Odvozená vazba","KRAJ_NUTS",100,"3085","Královéhradecký kraj","CISOB",43,"573728","Veliš"
"CS","Odvozená vazba","KRAJ_NUTS",100,"3085","Královéhradecký kraj","CISOB",43,"573736","Vidochov"
"CS","Odvozená vazba","KRAJ_NUTS",100,"3085","Královéhradecký kraj","CISOB",43,"573744","Zdechovice"
"CS","Odvozená vazba","KRAJ_NUTS",100,"3085","Královéhradecký kraj","CISOB",43,"573752","Vitiněves"
"CS","Odvozená vazba","KRAJ_NUTS",100,"3085","Královéhradecký kraj","CISOB",43,"573761","Volanice"
"CS","Odvozená vazba","KRAJ_NUTS",100,"3085","Královéhradecký kraj","CISOB",43,"573779","Máslojedy"
"CS","Odvozená vazba","KRAJ_NUTS",100,"3085","Královéhradecký kraj","CISOB",43,"573795","Vršce"
"CS","Odvozená vazba","KRAJ_NUTS",100,"3085","Královéhradecký kraj","CISOB",43,"573809","Vysoké Veselí"
"CS","Odvozená vazba","KRAJ_NUTS",100,"3085","Královéhradecký kraj","CISOB",43,"573825","Železnice"
"CS","Odvozená vazba","KRAJ_NUTS",100,"3085","Královéhradecký kraj","CISOB",43,"573833","Žeretice"
"CS","Odvozená vazba","KRAJ_NUTS",100,"3085","Královéhradecký kraj","CISOB",43,"573841","Židovice"
"CS","Odvozená vazba","KRAJ_NUTS",100,"3085","Královéhradecký kraj","CISOB",43,"573850","Žlunice"
"CS","Odvozená vazba","KRAJ_NUTS",100,"3085","Královéhradecký kraj","CISOB",43,"573868","Náchod"
"CS","Odvozená vazba","KRAJ_NUTS",100,"3085","Královéhradecký kraj","CISOB",43,"573884","Bezděkov nad Metují"
"CS","Odvozená vazba","KRAJ_NUTS",100,"3085","Královéhradecký kraj","CISOB",43,"573892","Bohuslavice"
"CS","Odvozená vazba","KRAJ_NUTS",100,"3085","Královéhradecký kraj","CISOB",43,"573906","Borová"
"CS","Odvozená vazba","KRAJ_NUTS",100,"3085","Královéhradecký kraj","CISOB",43,"573914","Božanov"
"CS","Odvozená vazba","KRAJ_NUTS",100,"3085","Královéhradecký kraj","CISOB",43,"573922","Broumov"
"CS","Odvozená vazba","KRAJ_NUTS",100,"3085","Královéhradecký kraj","CISOB",43,"573931","Brzice"
"CS","Odvozená vazba","KRAJ_NUTS",100,"3085","Královéhradecký kraj","CISOB",43,"573957","Černčice"
"CS","Odvozená vazba","KRAJ_NUTS",100,"3085","Královéhradecký kraj","CISOB",43,"573965","Červený Kostelec"
"CS","Odvozená vazba","KRAJ_NUTS",100,"3085","Královéhradecký kraj","CISOB",43,"573973","Česká Čermná"
"CS","Odvozená vazba","KRAJ_NUTS",100,"3085","Královéhradecký kraj","CISOB",43,"573981","Česká Metuje"
"CS","Odvozená vazba","KRAJ_NUTS",100,"3085","Královéhradecký kraj","CISOB",43,"573990","Česká Skalice"
"CS","Odvozená vazba","KRAJ_NUTS",100,"3085","Královéhradecký kraj","CISOB",43,"574015","Dolany"
"CS","Odvozená vazba","KRAJ_NUTS",100,"3085","Královéhradecký kraj","CISOB",43,"574023","Dolní Radechová"
"CS","Odvozená vazba","KRAJ_NUTS",100,"3085","Královéhradecký kraj","CISOB",43,"574031","Hejtmánkovice"
"CS","Odvozená vazba","KRAJ_NUTS",100,"3085","Královéhradecký kraj","CISOB",43,"574040","Heřmanice"
"CS","Odvozená vazba","KRAJ_NUTS",100,"3085","Královéhradecký kraj","CISOB",43,"574058","Heřmánkovice"
"CS","Odvozená vazba","KRAJ_NUTS",100,"3085","Královéhradecký kraj","CISOB",43,"574066","Horní Radechová"
"CS","Odvozená vazba","KRAJ_NUTS",100,"3085","Královéhradecký kraj","CISOB",43,"574074","Hořičky"
"CS","Odvozená vazba","KRAJ_NUTS",100,"3085","Královéhradecký kraj","CISOB",43,"574082","Hronov"
"CS","Odvozená vazba","KRAJ_NUTS",100,"3085","Královéhradecký kraj","CISOB",43,"574112","Chvalkovice"
"CS","Odvozená vazba","KRAJ_NUTS",100,"3085","Královéhradecký kraj","CISOB",43,"574121","Jaroměř"
"CS","Odvozená vazba","KRAJ_NUTS",100,"3085","Královéhradecký kraj","CISOB",43,"574139","Jasenná"
"CS","Odvozená vazba","KRAJ_NUTS",100,"3085","Královéhradecký kraj","CISOB",43,"574147","Jestřebí"
"CS","Odvozená vazba","KRAJ_NUTS",100,"3085","Královéhradecký kraj","CISOB",43,"574155","Jetřichov"
"CS","Odvozená vazba","KRAJ_NUTS",100,"3085","Královéhradecký kraj","CISOB",43,"574163","Hynčice"
"CS","Odvozená vazba","KRAJ_NUTS",100,"3085","Královéhradecký kraj","CISOB",43,"574171","Křinice"
"CS","Odvozená vazba","KRAJ_NUTS",100,"3085","Královéhradecký kraj","CISOB",43,"574180","Lhota pod Hořičkami"
"CS","Odvozená vazba","KRAJ_NUTS",100,"3085","Královéhradecký kraj","CISOB",43,"574210","Machov"
"CS","Odvozená vazba","KRAJ_NUTS",100,"3085","Královéhradecký kraj","CISOB",43,"574228","Martínkovice"
"CS","Odvozená vazba","KRAJ_NUTS",100,"3085","Královéhradecký kraj","CISOB",43,"574236","Mezilečí"
"CS","Odvozená vazba","KRAJ_NUTS",100,"3085","Královéhradecký kraj","CISOB",43,"574244","Mezilesí"
"CS","Odvozená vazba","KRAJ_NUTS",100,"3085","Královéhradecký kraj","CISOB",43,"574252","Meziměstí"
"CS","Odvozená vazba","KRAJ_NUTS",100,"3085","Královéhradecký kraj","CISOB",43,"574261","Nahořany"
"CS","Odvozená vazba","KRAJ_NUTS",100,"3085","Královéhradecký kraj","CISOB",43,"574279","Nové Město nad Metují"
"CS","Odvozená vazba","KRAJ_NUTS",100,"3085","Královéhradecký kraj","CISOB",43,"574287","Nový Hrádek"
"CS","Odvozená vazba","KRAJ_NUTS",100,"3085","Královéhradecký kraj","CISOB",43,"574295","Nový Ples"
"CS","Odvozená vazba","KRAJ_NUTS",100,"3085","Královéhradecký kraj","CISOB",43,"574317","Otovice"
"CS","Odvozená vazba","KRAJ_NUTS",100,"3085","Královéhradecký kraj","CISOB",43,"574341","Police nad Metují"
"CS","Odvozená vazba","KRAJ_NUTS",100,"3085","Královéhradecký kraj","CISOB",43,"574350","Provodov-Šonov"
"CS","Odvozená vazba","KRAJ_NUTS",100,"3085","Královéhradecký kraj","CISOB",43,"574368","Přibyslav"
"CS","Odvozená vazba","KRAJ_NUTS",100,"3085","Královéhradecký kraj","CISOB",43,"574376","Rasošky"
"CS","Odvozená vazba","KRAJ_NUTS",100,"3085","Královéhradecký kraj","CISOB",43,"574384","Rožnov"
"CS","Odvozená vazba","KRAJ_NUTS",100,"3085","Královéhradecký kraj","CISOB",43,"574406","Rychnovek"
"CS","Odvozená vazba","KRAJ_NUTS",100,"3085","Královéhradecký kraj","CISOB",43,"574422","Slatina nad Úpou"
"CS","Odvozená vazba","KRAJ_NUTS",100,"3085","Královéhradecký kraj","CISOB",43,"574431","Slavětín nad Metují"
"CS","Odvozená vazba","KRAJ_NUTS",100,"3085","Královéhradecký kraj","CISOB",43,"574457","Slavoňov"
"CS","Odvozená vazba","KRAJ_NUTS",100,"3085","Královéhradecký kraj","CISOB",43,"574465","Stárkov"
"CS","Odvozená vazba","KRAJ_NUTS",100,"3085","Královéhradecký kraj","CISOB",43,"574481","Studnice"
"CS","Odvozená vazba","KRAJ_NUTS",100,"3085","Královéhradecký kraj","CISOB",43,"574490","Suchý Důl"
"CS","Odvozená vazba","KRAJ_NUTS",100,"3085","Královéhradecký kraj","CISOB",43,"574511","Šonov"
"CS","Odvozená vazba","KRAJ_NUTS",100,"3085","Královéhradecký kraj","CISOB",43,"574538","Teplice nad Metují"
"CS","Odvozená vazba","KRAJ_NUTS",100,"3085","Královéhradecký kraj","CISOB",43,"574546","Kramolna"
"CS","Odvozená vazba","KRAJ_NUTS",100,"3085","Královéhradecký kraj","CISOB",43,"574554","Velichovky"
"CS","Odvozená vazba","KRAJ_NUTS",100,"3085","Královéhradecký kraj","CISOB",43,"574562","Velká Jesenice"
"CS","Odvozená vazba","KRAJ_NUTS",100,"3085","Královéhradecký kraj","CISOB",43,"574571","Velké Petrovice"
"CS","Odvozená vazba","KRAJ_NUTS",100,"3085","Královéhradecký kraj","CISOB",43,"574589","Velký Třebešov"
"CS","Odvozená vazba","KRAJ_NUTS",100,"3085","Královéhradecký kraj","CISOB",43,"574597","Vilantice"
"CS","Odvozená vazba","KRAJ_NUTS",100,"3085","Královéhradecký kraj","CISOB",43,"574601","Vlkov"
"CS","Odvozená vazba","KRAJ_NUTS",100,"3085","Královéhradecký kraj","CISOB",43,"574627","Vršovka"
"CS","Odvozená vazba","KRAJ_NUTS",100,"3085","Královéhradecký kraj","CISOB",43,"574635","Vysoká Srbská"
"CS","Odvozená vazba","KRAJ_NUTS",100,"3085","Královéhradecký kraj","CISOB",43,"574643","Vysokov"
"CS","Odvozená vazba","KRAJ_NUTS",100,"3085","Královéhradecký kraj","CISOB",43,"574651","Zábrodí"
"CS","Odvozená vazba","KRAJ_NUTS",100,"3085","Královéhradecký kraj","CISOB",43,"574660","Zaloňov"
"CS","Odvozená vazba","KRAJ_NUTS",100,"3085","Královéhradecký kraj","CISOB",43,"574686","Žďár nad Metují"
"CS","Odvozená vazba","KRAJ_NUTS",100,"3085","Královéhradecký kraj","CISOB",43,"574694","Žďárky"
"CS","Odvozená vazba","KRAJ_NUTS",100,"3085","Královéhradecký kraj","CISOB",43,"574708","Žernov"
"CS","Odvozená vazba","KRAJ_NUTS",100,"3085","Královéhradecký kraj","CISOB",43,"576069","Rychnov nad Kněžnou"
"CS","Odvozená vazba","KRAJ_NUTS",100,"3085","Královéhradecký kraj","CISOB",43,"576077","Albrechtice nad Orlicí"
"CS","Odvozená vazba","KRAJ_NUTS",100,"3085","Královéhradecký kraj","CISOB",43,"576085","Bačetín"
"CS","Odvozená vazba","KRAJ_NUTS",100,"3085","Královéhradecký kraj","CISOB",43,"576093","Bartošovice v Orlických horách"
"CS","Odvozená vazba","KRAJ_NUTS",100,"3085","Královéhradecký kraj","CISOB",43,"576107","Bílý Újezd"
"CS","Odvozená vazba","KRAJ_NUTS",100,"3085","Královéhradecký kraj","CISOB",43,"576115","Bohdašín"
"CS","Odvozená vazba","KRAJ_NUTS",100,"3085","Královéhradecký kraj","CISOB",43,"576123","Bolehošť"
"CS","Odvozená vazba","KRAJ_NUTS",100,"3085","Královéhradecký kraj","CISOB",43,"576131","Borohrádek"
"CS","Odvozená vazba","KRAJ_NUTS",100,"3085","Královéhradecký kraj","CISOB",43,"576140","Borovnice"
"CS","Odvozená vazba","KRAJ_NUTS",100,"3085","Královéhradecký kraj","CISOB",43,"576166","Bystré"
"CS","Odvozená vazba","KRAJ_NUTS",100,"3085","Královéhradecký kraj","CISOB",43,"576174","Byzhradec"
"CS","Odvozená vazba","KRAJ_NUTS",100,"3085","Královéhradecký kraj","CISOB",43,"576182","Častolovice"
"CS","Odvozená vazba","KRAJ_NUTS",100,"3085","Královéhradecký kraj","CISOB",43,"576191","Čermná nad Orlicí"
"CS","Odvozená vazba","KRAJ_NUTS",100,"3085","Královéhradecký kraj","CISOB",43,"576204","Černíkovice"
"CS","Odvozená vazba","KRAJ_NUTS",100,"3085","Královéhradecký kraj","CISOB",43,"576212","České Meziříčí"
"CS","Odvozená vazba","KRAJ_NUTS",100,"3085","Královéhradecký kraj","CISOB",43,"576221","Čestice"
"CS","Odvozená vazba","KRAJ_NUTS",100,"3085","Královéhradecký kraj","CISOB",43,"576247","Deštné v Orlických horách"
"CS","Odvozená vazba","KRAJ_NUTS",100,"3085","Královéhradecký kraj","CISOB",43,"576263","Dobré"
"CS","Odvozená vazba","KRAJ_NUTS",100,"3085","Královéhradecký kraj","CISOB",43,"576271","Dobruška"
"CS","Odvozená vazba","KRAJ_NUTS",100,"3085","Královéhradecký kraj","CISOB",43,"576280","Dobřany"
"CS","Odvozená vazba","KRAJ_NUTS",100,"3085","Královéhradecký kraj","CISOB",43,"576301","Doudleby nad Orlicí"
"CS","Odvozená vazba","KRAJ_NUTS",100,"3085","Královéhradecký kraj","CISOB",43,"576310","Chleny"
"CS","Odvozená vazba","KRAJ_NUTS",100,"3085","Královéhradecký kraj","CISOB",43,"576328","Janov"
"CS","Odvozená vazba","KRAJ_NUTS",100,"3085","Královéhradecký kraj","CISOB",43,"576336","Javornice"
"CS","Odvozená vazba","KRAJ_NUTS",100,"3085","Královéhradecký kraj","CISOB",43,"576352","Jílovice"
"CS","Odvozená vazba","KRAJ_NUTS",100,"3085","Královéhradecký kraj","CISOB",43,"576361","Kostelec nad Orlicí"
"CS","Odvozená vazba","KRAJ_NUTS",100,"3085","Královéhradecký kraj","CISOB",43,"576387","Kostelecké Horky"
"CS","Odvozená vazba","KRAJ_NUTS",100,"3085","Královéhradecký kraj","CISOB",43,"576395","Kounov"
"CS","Odvozená vazba","KRAJ_NUTS",100,"3085","Královéhradecký kraj","CISOB",43,"576409","Králova Lhota"
"CS","Odvozená vazba","KRAJ_NUTS",100,"3085","Královéhradecký kraj","CISOB",43,"576425","Kvasiny"
"CS","Odvozená vazba","KRAJ_NUTS",100,"3085","Královéhradecký kraj","CISOB",43,"576433","Ledce"
"CS","Odvozená vazba","KRAJ_NUTS",100,"3085","Královéhradecký kraj","CISOB",43,"576441","Lhoty u Potštejna"
"CS","Odvozená vazba","KRAJ_NUTS",100,"3085","Královéhradecký kraj","CISOB",43,"576450","Liberk"
"CS","Odvozená vazba","KRAJ_NUTS",100,"3085","Královéhradecký kraj","CISOB",43,"576468","Lično"
"CS","Odvozená vazba","KRAJ_NUTS",100,"3085","Královéhradecký kraj","CISOB",43,"576476","Lípa nad Orlicí"
"CS","Odvozená vazba","KRAJ_NUTS",100,"3085","Královéhradecký kraj","CISOB",43,"576492","Lukavice"
"CS","Odvozená vazba","KRAJ_NUTS",100,"3085","Královéhradecký kraj","CISOB",43,"576506","Lupenice"
"CS","Odvozená vazba","KRAJ_NUTS",100,"3085","Královéhradecký kraj","CISOB",43,"576522","Mokré"
"CS","Odvozená vazba","KRAJ_NUTS",100,"3085","Královéhradecký kraj","CISOB",43,"576549","Nová Ves"
"CS","Odvozená vazba","KRAJ_NUTS",100,"3085","Královéhradecký kraj","CISOB",43,"576557","Očelice"
"CS","Odvozená vazba","KRAJ_NUTS",100,"3085","Královéhradecký kraj","CISOB",43,"576565","Ohnišov"
"CS","Odvozená vazba","KRAJ_NUTS",100,"3085","Královéhradecký kraj","CISOB",43,"576573","Olešnice v Orlických horách"
"CS","Odvozená vazba","KRAJ_NUTS",100,"3085","Královéhradecký kraj","CISOB",43,"576581","Olešnice"
"CS","Odvozená vazba","KRAJ_NUTS",100,"3085","Královéhradecký kraj","CISOB",43,"576590","Opočno"
"CS","Odvozená vazba","KRAJ_NUTS",100,"3085","Královéhradecký kraj","CISOB",43,"576603","Orlické Záhoří"
"CS","Odvozená vazba","KRAJ_NUTS",100,"3085","Královéhradecký kraj","CISOB",43,"576611","Osečnice"
"CS","Odvozená vazba","KRAJ_NUTS",100,"3085","Královéhradecký kraj","CISOB",43,"576620","Pěčín"
"CS","Odvozená vazba","KRAJ_NUTS",100,"3085","Královéhradecký kraj","CISOB",43,"576654","Podbřezí"
"CS","Odvozená vazba","KRAJ_NUTS",100,"3085","Královéhradecký kraj","CISOB",43,"576662","Pohoří"
"CS","Odvozená vazba","KRAJ_NUTS",100,"3085","Královéhradecký kraj","CISOB",43,"576671","Potštejn"
"CS","Odvozená vazba","KRAJ_NUTS",100,"3085","Královéhradecký kraj","CISOB",43,"576689","Přepychy"
"CS","Odvozená vazba","KRAJ_NUTS",100,"3085","Královéhradecký kraj","CISOB",43,"576701","Rokytnice v Orlických horách"
"CS","Odvozená vazba","KRAJ_NUTS",100,"3085","Královéhradecký kraj","CISOB",43,"576727","Rybná nad Zdobnicí"
"CS","Odvozená vazba","KRAJ_NUTS",100,"3085","Královéhradecký kraj","CISOB",43,"576735","Říčky v Orlických horách"
"CS","Odvozená vazba","KRAJ_NUTS",100,"3085","Královéhradecký kraj","CISOB",43,"576743","Sedloňov"
"CS","Odvozená vazba","KRAJ_NUTS",100,"3085","Královéhradecký kraj","CISOB",43,"576751","Semechnice"
"CS","Odvozená vazba","KRAJ_NUTS",100,"3085","Královéhradecký kraj","CISOB",43,"576778","Skuhrov nad Bělou"
"CS","Odvozená vazba","KRAJ_NUTS",100,"3085","Královéhradecký kraj","CISOB",43,"576786","Slatina nad Zdobnicí"
"CS","Odvozená vazba","KRAJ_NUTS",100,"3085","Královéhradecký kraj","CISOB",43,"576794","Sněžné"
"CS","Odvozená vazba","KRAJ_NUTS",100,"3085","Královéhradecký kraj","CISOB",43,"576808","Solnice"
"CS","Odvozená vazba","KRAJ_NUTS",100,"3085","Královéhradecký kraj","CISOB",43,"576816","Synkov-Slemeno"
"CS","Odvozená vazba","KRAJ_NUTS",100,"3085","Královéhradecký kraj","CISOB",43,"576824","Trnov"
"CS","Odvozená vazba","KRAJ_NUTS",100,"3085","Královéhradecký kraj","CISOB",43,"576832","Třebešov"
"CS","Odvozená vazba","KRAJ_NUTS",100,"3085","Královéhradecký kraj","CISOB",43,"576841","Tutleky"
"CS","Odvozená vazba","KRAJ_NUTS",100,"3085","Královéhradecký kraj","CISOB",43,"576859","Týniště nad Orlicí"
"CS","Odvozená vazba","KRAJ_NUTS",100,"3085","Královéhradecký kraj","CISOB",43,"576875","Val"
"CS","Odvozená vazba","KRAJ_NUTS",100,"3085","Královéhradecký kraj","CISOB",43,"576883","Vamberk"
"CS","Odvozená vazba","KRAJ_NUTS",100,"3085","Královéhradecký kraj","CISOB",43,"576891","Voděrady"
"CS","Odvozená vazba","KRAJ_NUTS",100,"3085","Královéhradecký kraj","CISOB",43,"576921","Záměl"
"CS","Odvozená vazba","KRAJ_NUTS",100,"3085","Královéhradecký kraj","CISOB",43,"576930","Zdelov"
"CS","Odvozená vazba","KRAJ_NUTS",100,"3085","Královéhradecký kraj","CISOB",43,"576948","Zdobnice"
"CS","Odvozená vazba","KRAJ_NUTS",100,"3085","Královéhradecký kraj","CISOB",43,"576956","Žďár nad Orlicí"
"CS","Odvozená vazba","KRAJ_NUTS",100,"3085","Královéhradecký kraj","CISOB",43,"579025","Trutnov"
"CS","Odvozená vazba","KRAJ_NUTS",100,"3085","Královéhradecký kraj","CISOB",43,"579041","Batňovice"
"CS","Odvozená vazba","KRAJ_NUTS",100,"3085","Královéhradecký kraj","CISOB",43,"579050","Bernartice"
"CS","Odvozená vazba","KRAJ_NUTS",100,"3085","Královéhradecký kraj","CISOB",43,"579068","Bílá Třemešná"
"CS","Odvozená vazba","KRAJ_NUTS",100,"3085","Královéhradecký kraj","CISOB",43,"579076","Bílé Poličany"
"CS","Odvozená vazba","KRAJ_NUTS",100,"3085","Královéhradecký kraj","CISOB",43,"579092","Borovnice"
"CS","Odvozená vazba","KRAJ_NUTS",100,"3085","Královéhradecký kraj","CISOB",43,"579106","Čermná"
"CS","Odvozená vazba","KRAJ_NUTS",100,"3085","Královéhradecký kraj","CISOB",43,"579114","Černý Důl"
"CS","Odvozená vazba","KRAJ_NUTS",100,"3085","Královéhradecký kraj","CISOB",43,"579122","Dolní Branná"
"CS","Odvozená vazba","KRAJ_NUTS",100,"3085","Královéhradecký kraj","CISOB",43,"579149","Dolní Dvůr"
"CS","Odvozená vazba","KRAJ_NUTS",100,"3085","Královéhradecký kraj","CISOB",43,"579157","Dolní Kalná"
"CS","Odvozená vazba","KRAJ_NUTS",100,"3085","Královéhradecký kraj","CISOB",43,"579165","Dolní Lánov"
"CS","Odvozená vazba","KRAJ_NUTS",100,"3085","Královéhradecký kraj","CISOB",43,"579173","Dolní Olešnice"
"CS","Odvozená vazba","KRAJ_NUTS",100,"3085","Královéhradecký kraj","CISOB",43,"579181","Doubravice"
"CS","Odvozená vazba","KRAJ_NUTS",100,"3085","Královéhradecký kraj","CISOB",43,"579190","Dubenec"
"CS","Odvozená vazba","KRAJ_NUTS",100,"3085","Královéhradecký kraj","CISOB",43,"579203","Dvůr Králové nad Labem"
"CS","Odvozená vazba","KRAJ_NUTS",100,"3085","Královéhradecký kraj","CISOB",43,"579211","Hajnice"
"CS","Odvozená vazba","KRAJ_NUTS",100,"3085","Královéhradecký kraj","CISOB",43,"579220","Havlovice"
"CS","Odvozená vazba","KRAJ_NUTS",100,"3085","Královéhradecký kraj","CISOB",43,"579238","Horní Brusnice"
"CS","Odvozená vazba","KRAJ_NUTS",100,"3085","Královéhradecký kraj","CISOB",43,"579254","Horní Kalná"
"CS","Odvozená vazba","KRAJ_NUTS",100,"3085","Královéhradecký kraj","CISOB",43,"579262","Horní Maršov"
"CS","Odvozená vazba","KRAJ_NUTS",100,"3085","Královéhradecký kraj","CISOB",43,"579271","Horní Olešnice"
"CS","Odvozená vazba","KRAJ_NUTS",100,"3085","Královéhradecký kraj","CISOB",43,"579297","Hostinné"
"CS","Odvozená vazba","KRAJ_NUTS",100,"3085","Královéhradecký kraj","CISOB",43,"579301","Hřibojedy"
"CS","Odvozená vazba","KRAJ_NUTS",100,"3085","Královéhradecký kraj","CISOB",43,"579319","Chotěvice"
"CS","Odvozená vazba","KRAJ_NUTS",100,"3085","Královéhradecký kraj","CISOB",43,"579327","Choustníkovo Hradiště"
"CS","Odvozená vazba","KRAJ_NUTS",100,"3085","Královéhradecký kraj","CISOB",43,"579335","Chvaleč"
"CS","Odvozená vazba","KRAJ_NUTS",100,"3085","Královéhradecký kraj","CISOB",43,"579351","Janské Lázně"
"CS","Odvozená vazba","KRAJ_NUTS",100,"3085","Královéhradecký kraj","CISOB",43,"579378","Jívka"
"CS","Odvozená vazba","KRAJ_NUTS",100,"3085","Královéhradecký kraj","CISOB",43,"579386","Klášterská Lhota"
"CS","Odvozená vazba","KRAJ_NUTS",100,"3085","Královéhradecký kraj","CISOB",43,"579394","Kocbeře"
"CS","Odvozená vazba","KRAJ_NUTS",100,"3085","Královéhradecký kraj","CISOB",43,"579408","Kohoutov"
"CS","Odvozená vazba","KRAJ_NUTS",100,"3085","Královéhradecký kraj","CISOB",43,"579416","Kuks"
"CS","Odvozená vazba","KRAJ_NUTS",100,"3085","Královéhradecký kraj","CISOB",43,"579424","Kunčice nad Labem"
"CS","Odvozená vazba","KRAJ_NUTS",100,"3085","Královéhradecký kraj","CISOB",43,"579432","Lánov"
"CS","Odvozená vazba","KRAJ_NUTS",100,"3085","Královéhradecký kraj","CISOB",43,"579441","Lanžov"
"CS","Odvozená vazba","KRAJ_NUTS",100,"3085","Královéhradecký kraj","CISOB",43,"579475","Libňatov"
"CS","Odvozená vazba","KRAJ_NUTS",100,"3085","Královéhradecký kraj","CISOB",43,"579483","Libotov"
"CS","Odvozená vazba","KRAJ_NUTS",100,"3085","Královéhradecký kraj","CISOB",43,"579505","Malá Úpa"
"CS","Odvozená vazba","KRAJ_NUTS",100,"3085","Královéhradecký kraj","CISOB",43,"579513","Malé Svatoňovice"
"CS","Odvozená vazba","KRAJ_NUTS",100,"3085","Královéhradecký kraj","CISOB",43,"579530","Maršov u Úpice"
"CS","Odvozená vazba","KRAJ_NUTS",100,"3085","Královéhradecký kraj","CISOB",43,"579548","Mladé Buky"
"CS","Odvozená vazba","KRAJ_NUTS",100,"3085","Královéhradecký kraj","CISOB",43,"579556","Mostek"
"CS","Odvozená vazba","KRAJ_NUTS",100,"3085","Královéhradecký kraj","CISOB",43,"579564","Nemojov"
"CS","Odvozená vazba","KRAJ_NUTS",100,"3085","Královéhradecký kraj","CISOB",43,"579581","Pec pod Sněžkou"
"CS","Odvozená vazba","KRAJ_NUTS",100,"3085","Královéhradecký kraj","CISOB",43,"579599","Pilníkov"
"CS","Odvozená vazba","KRAJ_NUTS",100,"3085","Královéhradecký kraj","CISOB",43,"579602","Prosečné"
"CS","Odvozená vazba","KRAJ_NUTS",100,"3085","Královéhradecký kraj","CISOB",43,"579629","Radvanice"
"CS","Odvozená vazba","KRAJ_NUTS",100,"3085","Královéhradecký kraj","CISOB",43,"579637","Rtyně v Podkrkonoší"
"CS","Odvozená vazba","KRAJ_NUTS",100,"3085","Královéhradecký kraj","CISOB",43,"579645","Rudník"
"CS","Odvozená vazba","KRAJ_NUTS",100,"3085","Královéhradecký kraj","CISOB",43,"579661","Staré Buky"
"CS","Odvozená vazba","KRAJ_NUTS",100,"3085","Královéhradecký kraj","CISOB",43,"579696","Strážné"
"CS","Odvozená vazba","KRAJ_NUTS",100,"3085","Královéhradecký kraj","CISOB",43,"579726","Suchovršice"
"CS","Odvozená vazba","KRAJ_NUTS",100,"3085","Královéhradecký kraj","CISOB",43,"579734","Svoboda nad Úpou"
"CS","Odvozená vazba","KRAJ_NUTS",100,"3085","Královéhradecký kraj","CISOB",43,"579742","Špindlerův Mlýn"
"CS","Odvozená vazba","KRAJ_NUTS",100,"3085","Královéhradecký kraj","CISOB",43,"579751","Trotina"
"CS","Odvozená vazba","KRAJ_NUTS",100,"3085","Královéhradecký kraj","CISOB",43,"579769","Třebihošť"
"CS","Odvozená vazba","KRAJ_NUTS",100,"3085","Královéhradecký kraj","CISOB",43,"579777","Úpice"
"CS","Odvozená vazba","KRAJ_NUTS",100,"3085","Královéhradecký kraj","CISOB",43,"579785","Velké Svatoňovice"
"CS","Odvozená vazba","KRAJ_NUTS",100,"3085","Královéhradecký kraj","CISOB",43,"579793","Velký Vřešťov"
"CS","Odvozená vazba","KRAJ_NUTS",100,"3085","Královéhradecký kraj","CISOB",43,"579815","Vítězná"
"CS","Odvozená vazba","KRAJ_NUTS",100,"3085","Královéhradecký kraj","CISOB",43,"579823","Vlčice"
"CS","Odvozená vazba","KRAJ_NUTS",100,"3085","Královéhradecký kraj","CISOB",43,"579831","Vlčkovice v Podkrkonoší"
"CS","Odvozená vazba","KRAJ_NUTS",100,"3085","Královéhradecký kraj","CISOB",43,"579858","Vrchlabí"
"CS","Odvozená vazba","KRAJ_NUTS",100,"3085","Královéhradecký kraj","CISOB",43,"579866","Zlatá Olešnice"
"CS","Odvozená vazba","KRAJ_NUTS",100,"3085","Královéhradecký kraj","CISOB",43,"579874","Žacléř"
"CS","Odvozená vazba","KRAJ_NUTS",100,"3093","Pardubický kraj","CISOB",43,"504301","Dřenice"
"CS","Odvozená vazba","KRAJ_NUTS",100,"3093","Pardubický kraj","CISOB",43,"504807","Lány"
"CS","Odvozená vazba","KRAJ_NUTS",100,"3093","Pardubický kraj","CISOB",43,"504921","Třibřichy"
"CS","Odvozená vazba","KRAJ_NUTS",100,"3093","Pardubický kraj","CISOB",43,"504955","Dvakačovice"
"CS","Odvozená vazba","KRAJ_NUTS",100,"3093","Pardubický kraj","CISOB",43,"505005","Bítovany"
"CS","Odvozená vazba","KRAJ_NUTS",100,"3093","Pardubický kraj","CISOB",43,"505030","Dolní Bezděkov"
"CS","Odvozená vazba","KRAJ_NUTS",100,"3093","Pardubický kraj","CISOB",43,"505145","Březová nad Svitavou"
"CS","Odvozená vazba","KRAJ_NUTS",100,"3093","Pardubický kraj","CISOB",43,"505391","Bělá u Jevíčka"
"CS","Odvozená vazba","KRAJ_NUTS",100,"3093","Pardubický kraj","CISOB",43,"530697","Úherčice"
"CS","Odvozená vazba","KRAJ_NUTS",100,"3093","Pardubický kraj","CISOB",43,"530794","Trnávka"
"CS","Odvozená vazba","KRAJ_NUTS",100,"3093","Pardubický kraj","CISOB",43,"547794","Hodonín"
"CS","Odvozená vazba","KRAJ_NUTS",100,"3093","Pardubický kraj","CISOB",43,"547808","Rozhovice"
"CS","Odvozená vazba","KRAJ_NUTS",100,"3093","Pardubický kraj","CISOB",43,"547816","Jeníkov"
"CS","Odvozená vazba","KRAJ_NUTS",100,"3093","Pardubický kraj","CISOB",43,"547824","Křižanovice"
"CS","Odvozená vazba","KRAJ_NUTS",100,"3093","Pardubický kraj","CISOB",43,"547832","Licibořice"
"CS","Odvozená vazba","KRAJ_NUTS",100,"3093","Pardubický kraj","CISOB",43,"547841","Vyžice"
"CS","Odvozená vazba","KRAJ_NUTS",100,"3093","Pardubický kraj","CISOB",43,"547859","Zájezdec"
"CS","Odvozená vazba","KRAJ_NUTS",100,"3093","Pardubický kraj","CISOB",43,"547867","Bor u Skutče"
"CS","Odvozená vazba","KRAJ_NUTS",100,"3093","Pardubický kraj","CISOB",43,"547875","Lipovec"
"CS","Odvozená vazba","KRAJ_NUTS",100,"3093","Pardubický kraj","CISOB",43,"547891","Stolany"
"CS","Odvozená vazba","KRAJ_NUTS",100,"3093","Pardubický kraj","CISOB",43,"547905","Rybník"
"CS","Odvozená vazba","KRAJ_NUTS",100,"3093","Pardubický kraj","CISOB",43,"547921","Trpík"
"CS","Odvozená vazba","KRAJ_NUTS",100,"3093","Pardubický kraj","CISOB",43,"547964","Sobkovice"
"CS","Odvozená vazba","KRAJ_NUTS",100,"3093","Pardubický kraj","CISOB",43,"547972","Hrádek"
"CS","Odvozená vazba","KRAJ_NUTS",100,"3093","Pardubický kraj","CISOB",43,"547981","Albrechtice"
"CS","Odvozená vazba","KRAJ_NUTS",100,"3093","Pardubický kraj","CISOB",43,"548006","Bošín"
"CS","Odvozená vazba","KRAJ_NUTS",100,"3093","Pardubický kraj","CISOB",43,"548014","Dlouhá Třebová"
"CS","Odvozená vazba","KRAJ_NUTS",100,"3093","Pardubický kraj","CISOB",43,"548022","Vračovice-Orlov"
"CS","Odvozená vazba","KRAJ_NUTS",100,"3093","Pardubický kraj","CISOB",43,"548031","Dlouhoňovice"
"CS","Odvozená vazba","KRAJ_NUTS",100,"3093","Pardubický kraj","CISOB",43,"548049","Helvíkovice"
"CS","Odvozená vazba","KRAJ_NUTS",100,"3093","Pardubický kraj","CISOB",43,"553719","Srnojedy"
"CS","Odvozená vazba","KRAJ_NUTS",100,"3093","Pardubický kraj","CISOB",43,"553760","Běstovice"
"CS","Odvozená vazba","KRAJ_NUTS",100,"3093","Pardubický kraj","CISOB",43,"554847","Mrákotín"
"CS","Odvozená vazba","KRAJ_NUTS",100,"3093","Pardubický kraj","CISOB",43,"554952","Otradov"
"CS","Odvozená vazba","KRAJ_NUTS",100,"3093","Pardubický kraj","CISOB",43,"555134","Pardubice"
"CS","Odvozená vazba","KRAJ_NUTS",100,"3093","Pardubický kraj","CISOB",43,"555240","Semanín"
"CS","Odvozená vazba","KRAJ_NUTS",100,"3093","Pardubický kraj","CISOB",43,"556882","Rabštejnská Lhota"
"CS","Odvozená vazba","KRAJ_NUTS",100,"3093","Pardubický kraj","CISOB",43,"571164","Chrudim"
"CS","Odvozená vazba","KRAJ_NUTS",100,"3093","Pardubický kraj","CISOB",43,"571181","Běstvina"
"CS","Odvozená vazba","KRAJ_NUTS",100,"3093","Pardubický kraj","CISOB",43,"571202","Bojanov"
"CS","Odvozená vazba","KRAJ_NUTS",100,"3093","Pardubický kraj","CISOB",43,"571229","Bořice"
"CS","Odvozená vazba","KRAJ_NUTS",100,"3093","Pardubický kraj","CISOB",43,"571237","Bousov"
"CS","Odvozená vazba","KRAJ_NUTS",100,"3093","Pardubický kraj","CISOB",43,"571245","Bylany"
"CS","Odvozená vazba","KRAJ_NUTS",100,"3093","Pardubický kraj","CISOB",43,"571253","Ctětín"
"CS","Odvozená vazba","KRAJ_NUTS",100,"3093","Pardubický kraj","CISOB",43,"571270","Čankovice"
"CS","Odvozená vazba","KRAJ_NUTS",100,"3093","Pardubický kraj","CISOB",43,"571296","České Lhotice"
"CS","Odvozená vazba","KRAJ_NUTS",100,"3093","Pardubický kraj","CISOB",43,"571300","Dědová"
"CS","Odvozená vazba","KRAJ_NUTS",100,"3093","Pardubický kraj","CISOB",43,"571377","Hamry"
"CS","Odvozená vazba","KRAJ_NUTS",100,"3093","Pardubický kraj","CISOB",43,"571385","Heřmanův Městec"
"CS","Odvozená vazba","KRAJ_NUTS",100,"3093","Pardubický kraj","CISOB",43,"571393","Hlinsko"
"CS","Odvozená vazba","KRAJ_NUTS",100,"3093","Pardubický kraj","CISOB",43,"571407","Hluboká"
"CS","Odvozená vazba","KRAJ_NUTS",100,"3093","Pardubický kraj","CISOB",43,"571440","Holetín"
"CS","Odvozená vazba","KRAJ_NUTS",100,"3093","Pardubický kraj","CISOB",43,"571458","Honbice"
"CS","Odvozená vazba","KRAJ_NUTS",100,"3093","Pardubický kraj","CISOB",43,"571466","Horka"
"CS","Odvozená vazba","KRAJ_NUTS",100,"3093","Pardubický kraj","CISOB",43,"571474","Horní Bradlo"
"CS","Odvozená vazba","KRAJ_NUTS",100,"3093","Pardubický kraj","CISOB",43,"571482","Hošťalovice"
"CS","Odvozená vazba","KRAJ_NUTS",100,"3093","Pardubický kraj","CISOB",43,"571491","Hrochův Týnec"
"CS","Odvozená vazba","KRAJ_NUTS",100,"3093","Pardubický kraj","CISOB",43,"571504","Hroubovice"
"CS","Odvozená vazba","KRAJ_NUTS",100,"3093","Pardubický kraj","CISOB",43,"571539","Chrast"
"CS","Odvozená vazba","KRAJ_NUTS",100,"3093","Pardubický kraj","CISOB",43,"571547","Chroustovice"
"CS","Odvozená vazba","KRAJ_NUTS",100,"3093","Pardubický kraj","CISOB",43,"571563","Jenišovice"
"CS","Odvozená vazba","KRAJ_NUTS",100,"3093","Pardubický kraj","CISOB",43,"571571","Kameničky"
"CS","Odvozená vazba","KRAJ_NUTS",100,"3093","Pardubický kraj","CISOB",43,"571580","Kladno"
"CS","Odvozená vazba","KRAJ_NUTS",100,"3093","Pardubický kraj","CISOB",43,"571610","Kočí"
"CS","Odvozená vazba","KRAJ_NUTS",100,"3093","Pardubický kraj","CISOB",43,"571628","Kostelec u Heřmanova Městce"
"CS","Odvozená vazba","KRAJ_NUTS",100,"3093","Pardubický kraj","CISOB",43,"571652","Krásné"
"CS","Odvozená vazba","KRAJ_NUTS",100,"3093","Pardubický kraj","CISOB",43,"571661","Krouna"
"CS","Odvozená vazba","KRAJ_NUTS",100,"3093","Pardubický kraj","CISOB",43,"571695","Leština"
"CS","Odvozená vazba","KRAJ_NUTS",100,"3093","Pardubický kraj","CISOB",43,"571709","Leštinka"
"CS","Odvozená vazba","KRAJ_NUTS",100,"3093","Pardubický kraj","CISOB",43,"571725","Libkov"
"CS","Odvozená vazba","KRAJ_NUTS",100,"3093","Pardubický kraj","CISOB",43,"571733","Liboměřice"
"CS","Odvozená vazba","KRAJ_NUTS",100,"3093","Pardubický kraj","CISOB",43,"571750","Lozice"
"CS","Odvozená vazba","KRAJ_NUTS",100,"3093","Pardubický kraj","CISOB",43,"571768","Lukavice"
"CS","Odvozená vazba","KRAJ_NUTS",100,"3093","Pardubický kraj","CISOB",43,"571776","Luže"
"CS","Odvozená vazba","KRAJ_NUTS",100,"3093","Pardubický kraj","CISOB",43,"571822","Míčov-Sušice"
"CS","Odvozená vazba","KRAJ_NUTS",100,"3093","Pardubický kraj","CISOB",43,"571831","Miřetice"
"CS","Odvozená vazba","KRAJ_NUTS",100,"3093","Pardubický kraj","CISOB",43,"571857","Mladoňovice"
"CS","Odvozená vazba","KRAJ_NUTS",100,"3093","Pardubický kraj","CISOB",43,"571873","Morašice"
"CS","Odvozená vazba","KRAJ_NUTS",100,"3093","Pardubický kraj","CISOB",43,"571890","Nabočany"
"CS","Odvozená vazba","KRAJ_NUTS",100,"3093","Pardubický kraj","CISOB",43,"571903","Načešice"
"CS","Odvozená vazba","KRAJ_NUTS",100,"3093","Pardubický kraj","CISOB",43,"571911","Nasavrky"
"CS","Odvozená vazba","KRAJ_NUTS",100,"3093","Pardubický kraj","CISOB",43,"571920","Nové Hrady"
"CS","Odvozená vazba","KRAJ_NUTS",100,"3093","Pardubický kraj","CISOB",43,"571962","Orel"
"CS","Odvozená vazba","KRAJ_NUTS",100,"3093","Pardubický kraj","CISOB",43,"572004","Perálec"
"CS","Odvozená vazba","KRAJ_NUTS",100,"3093","Pardubický kraj","CISOB",43,"572039","Podhořany u Ronova"
"CS","Odvozená vazba","KRAJ_NUTS",100,"3093","Pardubický kraj","CISOB",43,"572063","Pokřikov"
"CS","Odvozená vazba","KRAJ_NUTS",100,"3093","Pardubický kraj","CISOB",43,"572071","Prachovice"
"CS","Odvozená vazba","KRAJ_NUTS",100,"3093","Pardubický kraj","CISOB",43,"572080","Proseč"
"CS","Odvozená vazba","KRAJ_NUTS",100,"3093","Pardubický kraj","CISOB",43,"572098","Prosetín"
"CS","Odvozená vazba","KRAJ_NUTS",100,"3093","Pardubický kraj","CISOB",43,"572101","Předhradí"
"CS","Odvozená vazba","KRAJ_NUTS",100,"3093","Pardubický kraj","CISOB",43,"572110","Přestavlky"
"CS","Odvozená vazba","KRAJ_NUTS",100,"3093","Pardubický kraj","CISOB",43,"572152","Raná"
"CS","Odvozená vazba","KRAJ_NUTS",100,"3093","Pardubický kraj","CISOB",43,"572161","Ronov nad Doubravou"
"CS","Odvozená vazba","KRAJ_NUTS",100,"3093","Pardubický kraj","CISOB",43,"572179","Rosice"
"CS","Odvozená vazba","KRAJ_NUTS",100,"3093","Pardubický kraj","CISOB",43,"572195","Želivsko"
"CS","Odvozená vazba","KRAJ_NUTS",100,"3093","Pardubický kraj","CISOB",43,"572209","Řepníky"
"CS","Odvozená vazba","KRAJ_NUTS",100,"3093","Pardubický kraj","CISOB",43,"572217","Řestoky"
"CS","Odvozená vazba","KRAJ_NUTS",100,"3093","Pardubický kraj","CISOB",43,"572225","Seč"
"CS","Odvozená vazba","KRAJ_NUTS",100,"3093","Pardubický kraj","CISOB",43,"572233","Řídký"
"CS","Odvozená vazba","KRAJ_NUTS",100,"3093","Pardubický kraj","CISOB",43,"572241","Skuteč"
"CS","Odvozená vazba","KRAJ_NUTS",100,"3093","Pardubický kraj","CISOB",43,"572250","Březinky"
"CS","Odvozená vazba","KRAJ_NUTS",100,"3093","Pardubický kraj","CISOB",43,"572268","Slatiňany"
"CS","Odvozená vazba","KRAJ_NUTS",100,"3093","Pardubický kraj","CISOB",43,"572276","Sobětuchy"
"CS","Odvozená vazba","KRAJ_NUTS",100,"3093","Pardubický kraj","CISOB",43,"572284","Hartinkov"
"CS","Odvozená vazba","KRAJ_NUTS",100,"3093","Pardubický kraj","CISOB",43,"572292","Vrážné"
"CS","Odvozená vazba","KRAJ_NUTS",100,"3093","Pardubický kraj","CISOB",43,"572306","Stradouň"
"CS","Odvozená vazba","KRAJ_NUTS",100,"3093","Pardubický kraj","CISOB",43,"572314","Střemošice"
"CS","Odvozená vazba","KRAJ_NUTS",100,"3093","Pardubický kraj","CISOB",43,"572322","Studnice"
"CS","Odvozená vazba","KRAJ_NUTS",100,"3093","Pardubický kraj","CISOB",43,"572331","Svídnice"
"CS","Odvozená vazba","KRAJ_NUTS",100,"3093","Pardubický kraj","CISOB",43,"572349","Svratouch"
"CS","Odvozená vazba","KRAJ_NUTS",100,"3093","Pardubický kraj","CISOB",43,"572357","Desná"
"CS","Odvozená vazba","KRAJ_NUTS",100,"3093","Pardubický kraj","CISOB",43,"572365","Horní Újezd"
"CS","Odvozená vazba","KRAJ_NUTS",100,"3093","Pardubický kraj","CISOB",43,"572373","Poříčí u Litomyšle"
"CS","Odvozená vazba","KRAJ_NUTS",100,"3093","Pardubický kraj","CISOB",43,"572381","Tisovec"
"CS","Odvozená vazba","KRAJ_NUTS",100,"3093","Pardubický kraj","CISOB",43,"572390","Trhová Kamenice"
"CS","Odvozená vazba","KRAJ_NUTS",100,"3093","Pardubický kraj","CISOB",43,"572403","Trojovice"
"CS","Odvozená vazba","KRAJ_NUTS",100,"3093","Pardubický kraj","CISOB",43,"572411","Třemošnice"
"CS","Odvozená vazba","KRAJ_NUTS",100,"3093","Pardubický kraj","CISOB",43,"572420","Tuněchody"
"CS","Odvozená vazba","KRAJ_NUTS",100,"3093","Pardubický kraj","CISOB",43,"572438","Nová Ves u Jarošova"
"CS","Odvozená vazba","KRAJ_NUTS",100,"3093","Pardubický kraj","CISOB",43,"572446","Úhřetice"
"CS","Odvozená vazba","KRAJ_NUTS",100,"3093","Pardubický kraj","CISOB",43,"572454","Vápenný Podol"
"CS","Odvozená vazba","KRAJ_NUTS",100,"3093","Pardubický kraj","CISOB",43,"572462","Včelákov"
"CS","Odvozená vazba","KRAJ_NUTS",100,"3093","Pardubický kraj","CISOB",43,"572471","Vejvanovice"
"CS","Odvozená vazba","KRAJ_NUTS",100,"3093","Pardubický kraj","CISOB",43,"572489","Vinary"
"CS","Odvozená vazba","KRAJ_NUTS",100,"3093","Pardubický kraj","CISOB",43,"572497","Vítanov"
"CS","Odvozená vazba","KRAJ_NUTS",100,"3093","Pardubický kraj","CISOB",43,"572501","Vojtěchov"
"CS","Odvozená vazba","KRAJ_NUTS",100,"3093","Pardubický kraj","CISOB",43,"572519","Biskupice"
"CS","Odvozená vazba","KRAJ_NUTS",100,"3093","Pardubický kraj","CISOB",43,"572527","Vortová"
"CS","Odvozená vazba","KRAJ_NUTS",100,"3093","Pardubický kraj","CISOB",43,"572535","Vrbatův Kostelec"
"CS","Odvozená vazba","KRAJ_NUTS",100,"3093","Pardubický kraj","CISOB",43,"572543","Všeradov"
"CS","Odvozená vazba","KRAJ_NUTS",100,"3093","Pardubický kraj","CISOB",43,"572551","Vysočina"
"CS","Odvozená vazba","KRAJ_NUTS",100,"3093","Pardubický kraj","CISOB",43,"572560","Banín"
"CS","Odvozená vazba","KRAJ_NUTS",100,"3093","Pardubický kraj","CISOB",43,"572578","Zaječice"
"CS","Odvozená vazba","KRAJ_NUTS",100,"3093","Pardubický kraj","CISOB",43,"572586","Bělá nad Svitavou"
"CS","Odvozená vazba","KRAJ_NUTS",100,"3093","Pardubický kraj","CISOB",43,"572594","Kukle"
"CS","Odvozená vazba","KRAJ_NUTS",100,"3093","Pardubický kraj","CISOB",43,"572608","Nová Sídla"
"CS","Odvozená vazba","KRAJ_NUTS",100,"3093","Pardubický kraj","CISOB",43,"572616","Tržek"
"CS","Odvozená vazba","KRAJ_NUTS",100,"3093","Pardubický kraj","CISOB",43,"572624","Útěchov"
"CS","Odvozená vazba","KRAJ_NUTS",100,"3093","Pardubický kraj","CISOB",43,"572632","Borušov"
"CS","Odvozená vazba","KRAJ_NUTS",100,"3093","Pardubický kraj","CISOB",43,"572641","Žumberk"
"CS","Odvozená vazba","KRAJ_NUTS",100,"3093","Pardubický kraj","CISOB",43,"572683","Dětřichov u Moravské Třebové"
"CS","Odvozená vazba","KRAJ_NUTS",100,"3093","Pardubický kraj","CISOB",43,"572691","Hradec nad Svitavou"
"CS","Odvozená vazba","KRAJ_NUTS",100,"3093","Pardubický kraj","CISOB",43,"572713","Javorník"
"CS","Odvozená vazba","KRAJ_NUTS",100,"3093","Pardubický kraj","CISOB",43,"572721","Opatovec"
"CS","Odvozená vazba","KRAJ_NUTS",100,"3093","Pardubický kraj","CISOB",43,"572730","Chmelík"
"CS","Odvozená vazba","KRAJ_NUTS",100,"3093","Pardubický kraj","CISOB",43,"572748","Karle"
"CS","Odvozená vazba","KRAJ_NUTS",100,"3093","Pardubický kraj","CISOB",43,"572764","Chrtníky"
"CS","Odvozená vazba","KRAJ_NUTS",100,"3093","Pardubický kraj","CISOB",43,"572799","Časy"
"CS","Odvozená vazba","KRAJ_NUTS",100,"3093","Pardubický kraj","CISOB",43,"572802","Malé Výkleky"
"CS","Odvozená vazba","KRAJ_NUTS",100,"3093","Pardubický kraj","CISOB",43,"572845","Lány u Dašic"
"CS","Odvozená vazba","KRAJ_NUTS",100,"3093","Pardubický kraj","CISOB",43,"572853","Pravy"
"CS","Odvozená vazba","KRAJ_NUTS",100,"3093","Pardubický kraj","CISOB",43,"572861","Křičeň"
"CS","Odvozená vazba","KRAJ_NUTS",100,"3093","Pardubický kraj","CISOB",43,"572870","Němčice"
"CS","Odvozená vazba","KRAJ_NUTS",100,"3093","Pardubický kraj","CISOB",43,"572888","Újezd u Sezemic"
"CS","Odvozená vazba","KRAJ_NUTS",100,"3093","Pardubický kraj","CISOB",43,"572896","Černá u Bohdanče"
"CS","Odvozená vazba","KRAJ_NUTS",100,"3093","Pardubický kraj","CISOB",43,"572934","Stéblová"
"CS","Odvozená vazba","KRAJ_NUTS",100,"3093","Pardubický kraj","CISOB",43,"572942","Plch"
"CS","Odvozená vazba","KRAJ_NUTS",100,"3093","Pardubický kraj","CISOB",43,"572951","Podůlšany"
"CS","Odvozená vazba","KRAJ_NUTS",100,"3093","Pardubický kraj","CISOB",43,"572977","Dubany"
"CS","Odvozená vazba","KRAJ_NUTS",100,"3093","Pardubický kraj","CISOB",43,"572985","Třebosice"
"CS","Odvozená vazba","KRAJ_NUTS",100,"3093","Pardubický kraj","CISOB",43,"573019","Holotín"
"CS","Odvozená vazba","KRAJ_NUTS",100,"3093","Pardubický kraj","CISOB",43,"573027","Sovolusky"
"CS","Odvozená vazba","KRAJ_NUTS",100,"3093","Pardubický kraj","CISOB",43,"573035","Morašice"
"CS","Odvozená vazba","KRAJ_NUTS",100,"3093","Pardubický kraj","CISOB",43,"573078","Neratov"
"CS","Odvozená vazba","KRAJ_NUTS",100,"3093","Pardubický kraj","CISOB",43,"573426","Anenská Studánka"
"CS","Odvozená vazba","KRAJ_NUTS",100,"3093","Pardubický kraj","CISOB",43,"573515","Kunětice"
"CS","Odvozená vazba","KRAJ_NUTS",100,"3093","Pardubický kraj","CISOB",43,"573787","Klešice"
"CS","Odvozená vazba","KRAJ_NUTS",100,"3093","Pardubický kraj","CISOB",43,"573817","Smrček"
"CS","Odvozená vazba","KRAJ_NUTS",100,"3093","Pardubický kraj","CISOB",43,"573876","Zderaz"
"CS","Odvozená vazba","KRAJ_NUTS",100,"3093","Pardubický kraj","CISOB",43,"573949","Biskupice"
"CS","Odvozená vazba","KRAJ_NUTS",100,"3093","Pardubický kraj","CISOB",43,"574007","Kněžice"
"CS","Odvozená vazba","KRAJ_NUTS",100,"3093","Pardubický kraj","CISOB",43,"574091","Žlebské Chvalovice"
"CS","Odvozená vazba","KRAJ_NUTS",100,"3093","Pardubický kraj","CISOB",43,"574104","Ostrov"
"CS","Odvozená vazba","KRAJ_NUTS",100,"3093","Pardubický kraj","CISOB",43,"574198","Spojil"
"CS","Odvozená vazba","KRAJ_NUTS",100,"3093","Pardubický kraj","CISOB",43,"574309","Bezděčí u Trnávky"
"CS","Odvozená vazba","KRAJ_NUTS",100,"3093","Pardubický kraj","CISOB",43,"574325","Gruna"
"CS","Odvozená vazba","KRAJ_NUTS",100,"3093","Pardubický kraj","CISOB",43,"574333","Radkov"
"CS","Odvozená vazba","KRAJ_NUTS",100,"3093","Pardubický kraj","CISOB",43,"574392","Sázava"
"CS","Odvozená vazba","KRAJ_NUTS",100,"3093","Pardubický kraj","CISOB",43,"574449","Kosořín"
"CS","Odvozená vazba","KRAJ_NUTS",100,"3093","Pardubický kraj","CISOB",43,"574724","Barchov"
"CS","Odvozená vazba","KRAJ_NUTS",100,"3093","Pardubický kraj","CISOB",43,"574741","Bezděkov"
"CS","Odvozená vazba","KRAJ_NUTS",100,"3093","Pardubický kraj","CISOB",43,"574767","Lázně Bohdaneč"
"CS","Odvozená vazba","KRAJ_NUTS",100,"3093","Pardubický kraj","CISOB",43,"574783","Borek"
"CS","Odvozená vazba","KRAJ_NUTS",100,"3093","Pardubický kraj","CISOB",43,"574791","Brloh"
"CS","Odvozená vazba","KRAJ_NUTS",100,"3093","Pardubický kraj","CISOB",43,"574805","Břehy"
"CS","Odvozená vazba","KRAJ_NUTS",100,"3093","Pardubický kraj","CISOB",43,"574813","Bukovina nad Labem"
"CS","Odvozená vazba","KRAJ_NUTS",100,"3093","Pardubický kraj","CISOB",43,"574821","Bukovina u Přelouče"
"CS","Odvozená vazba","KRAJ_NUTS",100,"3093","Pardubický kraj","CISOB",43,"574830","Bukovka"
"CS","Odvozená vazba","KRAJ_NUTS",100,"3093","Pardubický kraj","CISOB",43,"574848","Býšť"
"CS","Odvozená vazba","KRAJ_NUTS",100,"3093","Pardubický kraj","CISOB",43,"574856","Čeperka"
"CS","Odvozená vazba","KRAJ_NUTS",100,"3093","Pardubický kraj","CISOB",43,"574864","Čepí"
"CS","Odvozená vazba","KRAJ_NUTS",100,"3093","Pardubický kraj","CISOB",43,"574899","Dašice"
"CS","Odvozená vazba","KRAJ_NUTS",100,"3093","Pardubický kraj","CISOB",43,"574902","Dolany"
"CS","Odvozená vazba","KRAJ_NUTS",100,"3093","Pardubický kraj","CISOB",43,"574911","Dolní Roveň"
"CS","Odvozená vazba","KRAJ_NUTS",100,"3093","Pardubický kraj","CISOB",43,"574929","Dolní Ředice"
"CS","Odvozená vazba","KRAJ_NUTS",100,"3093","Pardubický kraj","CISOB",43,"574953","Dříteč"
"CS","Odvozená vazba","KRAJ_NUTS",100,"3093","Pardubický kraj","CISOB",43,"574961","Hlavečník"
"CS","Odvozená vazba","KRAJ_NUTS",100,"3093","Pardubický kraj","CISOB",43,"574988","Holice"
"CS","Odvozená vazba","KRAJ_NUTS",100,"3093","Pardubický kraj","CISOB",43,"574996","Horní Jelení"
"CS","Odvozená vazba","KRAJ_NUTS",100,"3093","Pardubický kraj","CISOB",43,"575011","Horní Ředice"
"CS","Odvozená vazba","KRAJ_NUTS",100,"3093","Pardubický kraj","CISOB",43,"575046","Hrobice"
"CS","Odvozená vazba","KRAJ_NUTS",100,"3093","Pardubický kraj","CISOB",43,"575054","Choltice"
"CS","Odvozená vazba","KRAJ_NUTS",100,"3093","Pardubický kraj","CISOB",43,"575062","Choteč"
"CS","Odvozená vazba","KRAJ_NUTS",100,"3093","Pardubický kraj","CISOB",43,"575071","Chvaletice"
"CS","Odvozená vazba","KRAJ_NUTS",100,"3093","Pardubický kraj","CISOB",43,"575089","Chvojenec"
"CS","Odvozená vazba","KRAJ_NUTS",100,"3093","Pardubický kraj","CISOB",43,"575097","Chýšť"
"CS","Odvozená vazba","KRAJ_NUTS",100,"3093","Pardubický kraj","CISOB",43,"575101","Jankovice"
"CS","Odvozená vazba","KRAJ_NUTS",100,"3093","Pardubický kraj","CISOB",43,"575119","Jaroslav"
"CS","Odvozená vazba","KRAJ_NUTS",100,"3093","Pardubický kraj","CISOB",43,"575127","Jedousov"
"CS","Odvozená vazba","KRAJ_NUTS",100,"3093","Pardubický kraj","CISOB",43,"575135","Jeníkovice"
"CS","Odvozená vazba","KRAJ_NUTS",100,"3093","Pardubický kraj","CISOB",43,"575143","Jezbořice"
"CS","Odvozená vazba","KRAJ_NUTS",100,"3093","Pardubický kraj","CISOB",43,"575151","Kasalice"
"CS","Odvozená vazba","KRAJ_NUTS",100,"3093","Pardubický kraj","CISOB",43,"575178","Kladruby nad Labem"
"CS","Odvozená vazba","KRAJ_NUTS",100,"3093","Pardubický kraj","CISOB",43,"575194","Kojice"
"CS","Odvozená vazba","KRAJ_NUTS",100,"3093","Pardubický kraj","CISOB",43,"575232","Kostěnice"
"CS","Odvozená vazba","KRAJ_NUTS",100,"3093","Pardubický kraj","CISOB",43,"575259","Labské Chrčice"
"CS","Odvozená vazba","KRAJ_NUTS",100,"3093","Pardubický kraj","CISOB",43,"575305","Libišany"
"CS","Odvozená vazba","KRAJ_NUTS",100,"3093","Pardubický kraj","CISOB",43,"575313","Lipoltice"
"CS","Odvozená vazba","KRAJ_NUTS",100,"3093","Pardubický kraj","CISOB",43,"575330","Litošice"
"CS","Odvozená vazba","KRAJ_NUTS",100,"3093","Pardubický kraj","CISOB",43,"575372","Mikulovice"
"CS","Odvozená vazba","KRAJ_NUTS",100,"3093","Pardubický kraj","CISOB",43,"575381","Mokošín"
"CS","Odvozená vazba","KRAJ_NUTS",100,"3093","Pardubický kraj","CISOB",43,"575399","Moravany"
"CS","Odvozená vazba","KRAJ_NUTS",100,"3093","Pardubický kraj","CISOB",43,"575429","Opatovice nad Labem"
"CS","Odvozená vazba","KRAJ_NUTS",100,"3093","Pardubický kraj","CISOB",43,"575437","Ostřešany"
"CS","Odvozená vazba","KRAJ_NUTS",100,"3093","Pardubický kraj","CISOB",43,"575445","Ostřetín"
"CS","Odvozená vazba","KRAJ_NUTS",100,"3093","Pardubický kraj","CISOB",43,"575461","Poběžovice u Holic"
"CS","Odvozená vazba","KRAJ_NUTS",100,"3093","Pardubický kraj","CISOB",43,"575470","Poběžovice u Přelouče"
"CS","Odvozená vazba","KRAJ_NUTS",100,"3093","Pardubický kraj","CISOB",43,"575500","Přelouč"
"CS","Odvozená vazba","KRAJ_NUTS",100,"3093","Pardubický kraj","CISOB",43,"575518","Přelovice"
"CS","Odvozená vazba","KRAJ_NUTS",100,"3093","Pardubický kraj","CISOB",43,"575526","Přepychy"
"CS","Odvozená vazba","KRAJ_NUTS",100,"3093","Pardubický kraj","CISOB",43,"575534","Ráby"
"CS","Odvozená vazba","KRAJ_NUTS",100,"3093","Pardubický kraj","CISOB",43,"575542","Radhošť"
"CS","Odvozená vazba","KRAJ_NUTS",100,"3093","Pardubický kraj","CISOB",43,"575551","Rohovládova Bělá"
"CS","Odvozená vazba","KRAJ_NUTS",100,"3093","Pardubický kraj","CISOB",43,"575569","Rohoznice"
"CS","Odvozená vazba","KRAJ_NUTS",100,"3093","Pardubický kraj","CISOB",43,"575577","Rokytno"
"CS","Odvozená vazba","KRAJ_NUTS",100,"3093","Pardubický kraj","CISOB",43,"575593","Rybitví"
"CS","Odvozená vazba","KRAJ_NUTS",100,"3093","Pardubický kraj","CISOB",43,"575607","Řečany nad Labem"
"CS","Odvozená vazba","KRAJ_NUTS",100,"3093","Pardubický kraj","CISOB",43,"575615","Selmice"
"CS","Odvozená vazba","KRAJ_NUTS",100,"3093","Pardubický kraj","CISOB",43,"575623","Semín"
"CS","Odvozená vazba","KRAJ_NUTS",100,"3093","Pardubický kraj","CISOB",43,"575640","Sezemice"
"CS","Odvozená vazba","KRAJ_NUTS",100,"3093","Pardubický kraj","CISOB",43,"575658","Slepotice"
"CS","Odvozená vazba","KRAJ_NUTS",100,"3093","Pardubický kraj","CISOB",43,"575666","Sopřeč"
"CS","Odvozená vazba","KRAJ_NUTS",100,"3093","Pardubický kraj","CISOB",43,"575682","Srch"
"CS","Odvozená vazba","KRAJ_NUTS",100,"3093","Pardubický kraj","CISOB",43,"575704","Staré Hradiště"
"CS","Odvozená vazba","KRAJ_NUTS",100,"3093","Pardubický kraj","CISOB",43,"575712","Staré Jesenčany"
"CS","Odvozená vazba","KRAJ_NUTS",100,"3093","Pardubický kraj","CISOB",43,"575721","Staré Ždánice"
"CS","Odvozená vazba","KRAJ_NUTS",100,"3093","Pardubický kraj","CISOB",43,"575739","Starý Mateřov"
"CS","Odvozená vazba","KRAJ_NUTS",100,"3093","Pardubický kraj","CISOB",43,"575755","Stojice"
"CS","Odvozená vazba","KRAJ_NUTS",100,"3093","Pardubický kraj","CISOB",43,"575763","Strašov"
"CS","Odvozená vazba","KRAJ_NUTS",100,"3093","Pardubický kraj","CISOB",43,"575771","Svinčany"
"CS","Odvozená vazba","KRAJ_NUTS",100,"3093","Pardubický kraj","CISOB",43,"575780","Svojšice"
"CS","Odvozená vazba","KRAJ_NUTS",100,"3093","Pardubický kraj","CISOB",43,"575810","Tetov"
"CS","Odvozená vazba","KRAJ_NUTS",100,"3093","Pardubický kraj","CISOB",43,"575828","Trusnov"
"CS","Odvozená vazba","KRAJ_NUTS",100,"3093","Pardubický kraj","CISOB",43,"575844","Turkovice"
"CS","Odvozená vazba","KRAJ_NUTS",100,"3093","Pardubický kraj","CISOB",43,"575861","Týnišťko"
"CS","Odvozená vazba","KRAJ_NUTS",100,"3093","Pardubický kraj","CISOB",43,"575879","Uhersko"
"CS","Odvozená vazba","KRAJ_NUTS",100,"3093","Pardubický kraj","CISOB",43,"575887","Úhřetická Lhota"
"CS","Odvozená vazba","KRAJ_NUTS",100,"3093","Pardubický kraj","CISOB",43,"575909","Újezd u Přelouče"
"CS","Odvozená vazba","KRAJ_NUTS",100,"3093","Pardubický kraj","CISOB",43,"575917","Urbanice"
"CS","Odvozená vazba","KRAJ_NUTS",100,"3093","Pardubický kraj","CISOB",43,"575925","Valy"
"CS","Odvozená vazba","KRAJ_NUTS",100,"3093","Pardubický kraj","CISOB",43,"575933","Vápno"
"CS","Odvozená vazba","KRAJ_NUTS",100,"3093","Pardubický kraj","CISOB",43,"575941","Veliny"
"CS","Odvozená vazba","KRAJ_NUTS",100,"3093","Pardubický kraj","CISOB",43,"575968","Veselí"
"CS","Odvozená vazba","KRAJ_NUTS",100,"3093","Pardubický kraj","CISOB",43,"575984","Vlčí Habřina"
"CS","Odvozená vazba","KRAJ_NUTS",100,"3093","Pardubický kraj","CISOB",43,"575992","Voleč"
"CS","Odvozená vazba","KRAJ_NUTS",100,"3093","Pardubický kraj","CISOB",43,"576000","Vysoké Chvojno"
"CS","Odvozená vazba","KRAJ_NUTS",100,"3093","Pardubický kraj","CISOB",43,"576018","Vyšehněvice"
"CS","Odvozená vazba","KRAJ_NUTS",100,"3093","Pardubický kraj","CISOB",43,"576026","Zdechovice"
"CS","Odvozená vazba","KRAJ_NUTS",100,"3093","Pardubický kraj","CISOB",43,"576042","Žáravice"
"CS","Odvozená vazba","KRAJ_NUTS",100,"3093","Pardubický kraj","CISOB",43,"576051","Živanice"
"CS","Odvozená vazba","KRAJ_NUTS",100,"3093","Pardubický kraj","CISOB",43,"577731","Svitavy"
"CS","Odvozená vazba","KRAJ_NUTS",100,"3093","Pardubický kraj","CISOB",43,"577774","Benátky"
"CS","Odvozená vazba","KRAJ_NUTS",100,"3093","Pardubický kraj","CISOB",43,"577812","Bohuňov"
"CS","Odvozená vazba","KRAJ_NUTS",100,"3093","Pardubický kraj","CISOB",43,"577821","Bohuňovice"
"CS","Odvozená vazba","KRAJ_NUTS",100,"3093","Pardubický kraj","CISOB",43,"577839","Borová"
"CS","Odvozená vazba","KRAJ_NUTS",100,"3093","Pardubický kraj","CISOB",43,"577863","Brněnec"
"CS","Odvozená vazba","KRAJ_NUTS",100,"3093","Pardubický kraj","CISOB",43,"577871","Březina"
"CS","Odvozená vazba","KRAJ_NUTS",100,"3093","Pardubický kraj","CISOB",43,"577898","Březiny"
"CS","Odvozená vazba","KRAJ_NUTS",100,"3093","Pardubický kraj","CISOB",43,"577910","Budislav"
"CS","Odvozená vazba","KRAJ_NUTS",100,"3093","Pardubický kraj","CISOB",43,"577928","Bystré"
"CS","Odvozená vazba","KRAJ_NUTS",100,"3093","Pardubický kraj","CISOB",43,"577936","Cerekvice nad Loučnou"
"CS","Odvozená vazba","KRAJ_NUTS",100,"3093","Pardubický kraj","CISOB",43,"577944","Čistá"
"CS","Odvozená vazba","KRAJ_NUTS",100,"3093","Pardubický kraj","CISOB",43,"577961","Dětřichov"
"CS","Odvozená vazba","KRAJ_NUTS",100,"3093","Pardubický kraj","CISOB",43,"577987","Dlouhá Loučka"
"CS","Odvozená vazba","KRAJ_NUTS",100,"3093","Pardubický kraj","CISOB",43,"577995","Dolní Újezd"
"CS","Odvozená vazba","KRAJ_NUTS",100,"3093","Pardubický kraj","CISOB",43,"578037","Hartmanice"
"CS","Odvozená vazba","KRAJ_NUTS",100,"3093","Pardubický kraj","CISOB",43,"578053","Horky"
"CS","Odvozená vazba","KRAJ_NUTS",100,"3093","Pardubický kraj","CISOB",43,"578096","Chornice"
"CS","Odvozená vazba","KRAJ_NUTS",100,"3093","Pardubický kraj","CISOB",43,"578100","Chotěnov"
"CS","Odvozená vazba","KRAJ_NUTS",100,"3093","Pardubický kraj","CISOB",43,"578118","Chotovice"
"CS","Odvozená vazba","KRAJ_NUTS",100,"3093","Pardubický kraj","CISOB",43,"578126","Chrastavec"
"CS","Odvozená vazba","KRAJ_NUTS",100,"3093","Pardubický kraj","CISOB",43,"578134","Janov"
"CS","Odvozená vazba","KRAJ_NUTS",100,"3093","Pardubický kraj","CISOB",43,"578142","Janůvky"
"CS","Odvozená vazba","KRAJ_NUTS",100,"3093","Pardubický kraj","CISOB",43,"578151","Jaroměřice"
"CS","Odvozená vazba","KRAJ_NUTS",100,"3093","Pardubický kraj","CISOB",43,"578169","Jarošov"
"CS","Odvozená vazba","KRAJ_NUTS",100,"3093","Pardubický kraj","CISOB",43,"578185","Jedlová"
"CS","Odvozená vazba","KRAJ_NUTS",100,"3093","Pardubický kraj","CISOB",43,"578193","Jevíčko"
"CS","Odvozená vazba","KRAJ_NUTS",100,"3093","Pardubický kraj","CISOB",43,"578207","Kamenec u Poličky"
"CS","Odvozená vazba","KRAJ_NUTS",100,"3093","Pardubický kraj","CISOB",43,"578215","Kamenná Horka"
"CS","Odvozená vazba","KRAJ_NUTS",100,"3093","Pardubický kraj","CISOB",43,"578231","Koclířov"
"CS","Odvozená vazba","KRAJ_NUTS",100,"3093","Pardubický kraj","CISOB",43,"578258","Korouhev"
"CS","Odvozená vazba","KRAJ_NUTS",100,"3093","Pardubický kraj","CISOB",43,"578266","Koruna"
"CS","Odvozená vazba","KRAJ_NUTS",100,"3093","Pardubický kraj","CISOB",43,"578274","Křenov"
"CS","Odvozená vazba","KRAJ_NUTS",100,"3093","Pardubický kraj","CISOB",43,"578282","Kunčina"
"CS","Odvozená vazba","KRAJ_NUTS",100,"3093","Pardubický kraj","CISOB",43,"578291","Květná"
"CS","Odvozená vazba","KRAJ_NUTS",100,"3093","Pardubický kraj","CISOB",43,"578304","Lavičné"
"CS","Odvozená vazba","KRAJ_NUTS",100,"3093","Pardubický kraj","CISOB",43,"578339","Linhartice"
"CS","Odvozená vazba","KRAJ_NUTS",100,"3093","Pardubický kraj","CISOB",43,"578347","Litomyšl"
"CS","Odvozená vazba","KRAJ_NUTS",100,"3093","Pardubický kraj","CISOB",43,"578355","Lubná"
"CS","Odvozená vazba","KRAJ_NUTS",100,"3093","Pardubický kraj","CISOB",43,"578363","Makov"
"CS","Odvozená vazba","KRAJ_NUTS",100,"3093","Pardubický kraj","CISOB",43,"578371","Malíkov"
"CS","Odvozená vazba","KRAJ_NUTS",100,"3093","Pardubický kraj","CISOB",43,"578380","Městečko Trnávka"
"CS","Odvozená vazba","KRAJ_NUTS",100,"3093","Pardubický kraj","CISOB",43,"578398","Mikuleč"
"CS","Odvozená vazba","KRAJ_NUTS",100,"3093","Pardubický kraj","CISOB",43,"578401","Mladějov na Moravě"
"CS","Odvozená vazba","KRAJ_NUTS",100,"3093","Pardubický kraj","CISOB",43,"578428","Morašice"
"CS","Odvozená vazba","KRAJ_NUTS",100,"3093","Pardubický kraj","CISOB",43,"578444","Moravská Třebová"
"CS","Odvozená vazba","KRAJ_NUTS",100,"3093","Pardubický kraj","CISOB",43,"578452","Nedvězí"
"CS","Odvozená vazba","KRAJ_NUTS",100,"3093","Pardubický kraj","CISOB",43,"578479","Oldřiš"
"CS","Odvozená vazba","KRAJ_NUTS",100,"3093","Pardubický kraj","CISOB",43,"578487","Opatov"
"CS","Odvozená vazba","KRAJ_NUTS",100,"3093","Pardubický kraj","CISOB",43,"578509","Osík"
"CS","Odvozená vazba","KRAJ_NUTS",100,"3093","Pardubický kraj","CISOB",43,"578550","Pohledy"
"CS","Odvozená vazba","KRAJ_NUTS",100,"3093","Pardubický kraj","CISOB",43,"578576","Polička"
"CS","Odvozená vazba","KRAJ_NUTS",100,"3093","Pardubický kraj","CISOB",43,"578584","Pomezí"
"CS","Odvozená vazba","KRAJ_NUTS",100,"3093","Pardubický kraj","CISOB",43,"578622","Příluka"
"CS","Odvozená vazba","KRAJ_NUTS",100,"3093","Pardubický kraj","CISOB",43,"578631","Pustá Kamenice"
"CS","Odvozená vazba","KRAJ_NUTS",100,"3093","Pardubický kraj","CISOB",43,"578649","Pustá Rybná"
"CS","Odvozená vazba","KRAJ_NUTS",100,"3093","Pardubický kraj","CISOB",43,"578657","Radiměř"
"CS","Odvozená vazba","KRAJ_NUTS",100,"3093","Pardubický kraj","CISOB",43,"578673","Rohozná"
"CS","Odvozená vazba","KRAJ_NUTS",100,"3093","Pardubický kraj","CISOB",43,"578681","Rozhraní"
"CS","Odvozená vazba","KRAJ_NUTS",100,"3093","Pardubický kraj","CISOB",43,"578690","Rozstání"
"CS","Odvozená vazba","KRAJ_NUTS",100,"3093","Pardubický kraj","CISOB",43,"578703","Rudná"
"CS","Odvozená vazba","KRAJ_NUTS",100,"3093","Pardubický kraj","CISOB",43,"578711","Rychnov na Moravě"
"CS","Odvozená vazba","KRAJ_NUTS",100,"3093","Pardubický kraj","CISOB",43,"578720","Sádek"
"CS","Odvozená vazba","KRAJ_NUTS",100,"3093","Pardubický kraj","CISOB",43,"578738","Sebranice"
"CS","Odvozená vazba","KRAJ_NUTS",100,"3093","Pardubický kraj","CISOB",43,"578746","Sedliště"
"CS","Odvozená vazba","KRAJ_NUTS",100,"3093","Pardubický kraj","CISOB",43,"578754","Sklené"
"CS","Odvozená vazba","KRAJ_NUTS",100,"3093","Pardubický kraj","CISOB",43,"578762","Slatina"
"CS","Odvozená vazba","KRAJ_NUTS",100,"3093","Pardubický kraj","CISOB",43,"578789","Staré Město"
"CS","Odvozená vazba","KRAJ_NUTS",100,"3093","Pardubický kraj","CISOB",43,"578801","Stašov"
"CS","Odvozená vazba","KRAJ_NUTS",100,"3093","Pardubický kraj","CISOB",43,"578819","Strakov"
"CS","Odvozená vazba","KRAJ_NUTS",100,"3093","Pardubický kraj","CISOB",43,"578835","Suchá Lhota"
"CS","Odvozená vazba","KRAJ_NUTS",100,"3093","Pardubický kraj","CISOB",43,"578843","Svojanov"
"CS","Odvozená vazba","KRAJ_NUTS",100,"3093","Pardubický kraj","CISOB",43,"578851","Široký Důl"
"CS","Odvozená vazba","KRAJ_NUTS",100,"3093","Pardubický kraj","CISOB",43,"578860","Študlov"
"CS","Odvozená vazba","KRAJ_NUTS",100,"3093","Pardubický kraj","CISOB",43,"578878","Telecí"
"CS","Odvozená vazba","KRAJ_NUTS",100,"3093","Pardubický kraj","CISOB",43,"578886","Trpín"
"CS","Odvozená vazba","KRAJ_NUTS",100,"3093","Pardubický kraj","CISOB",43,"578894","Trstěnice"
"CS","Odvozená vazba","KRAJ_NUTS",100,"3093","Pardubický kraj","CISOB",43,"578908","Třebařov"
"CS","Odvozená vazba","KRAJ_NUTS",100,"3093","Pardubický kraj","CISOB",43,"578916","Újezdec"
"CS","Odvozená vazba","KRAJ_NUTS",100,"3093","Pardubický kraj","CISOB",43,"578932","Vendolí"
"CS","Odvozená vazba","KRAJ_NUTS",100,"3093","Pardubický kraj","CISOB",43,"578941","Vidlatá Seč"
"CS","Odvozená vazba","KRAJ_NUTS",100,"3093","Pardubický kraj","CISOB",43,"578959","Víska u Jevíčka"
"CS","Odvozená vazba","KRAJ_NUTS",100,"3093","Pardubický kraj","CISOB",43,"578967","Vítějeves"
"CS","Odvozená vazba","KRAJ_NUTS",100,"3093","Pardubický kraj","CISOB",43,"578975","Vranová Lhota"
"CS","Odvozená vazba","KRAJ_NUTS",100,"3093","Pardubický kraj","CISOB",43,"578991","Vysoká"
"CS","Odvozená vazba","KRAJ_NUTS",100,"3093","Pardubický kraj","CISOB",43,"579891","Ústí nad Orlicí"
"CS","Odvozená vazba","KRAJ_NUTS",100,"3093","Pardubický kraj","CISOB",43,"579947","Brandýs nad Orlicí"
"CS","Odvozená vazba","KRAJ_NUTS",100,"3093","Pardubický kraj","CISOB",43,"579963","Bučina"
"CS","Odvozená vazba","KRAJ_NUTS",100,"3093","Pardubický kraj","CISOB",43,"579971","Bystřec"
"CS","Odvozená vazba","KRAJ_NUTS",100,"3093","Pardubický kraj","CISOB",43,"579980","Cotkytle"
"CS","Odvozená vazba","KRAJ_NUTS",100,"3093","Pardubický kraj","CISOB",43,"579998","Čenkovice"
"CS","Odvozená vazba","KRAJ_NUTS",100,"3093","Pardubický kraj","CISOB",43,"580015","Červená Voda"
"CS","Odvozená vazba","KRAJ_NUTS",100,"3093","Pardubický kraj","CISOB",43,"580023","Česká Rybná"
"CS","Odvozená vazba","KRAJ_NUTS",100,"3093","Pardubický kraj","CISOB",43,"580031","Česká Třebová"
"CS","Odvozená vazba","KRAJ_NUTS",100,"3093","Pardubický kraj","CISOB",43,"580040","České Heřmanice"
"CS","Odvozená vazba","KRAJ_NUTS",100,"3093","Pardubický kraj","CISOB",43,"580058","České Libchavy"
"CS","Odvozená vazba","KRAJ_NUTS",100,"3093","Pardubický kraj","CISOB",43,"580066","České Petrovice"
"CS","Odvozená vazba","KRAJ_NUTS",100,"3093","Pardubický kraj","CISOB",43,"580074","Damníkov"
"CS","Odvozená vazba","KRAJ_NUTS",100,"3093","Pardubický kraj","CISOB",43,"580091","Dobříkov"
"CS","Odvozená vazba","KRAJ_NUTS",100,"3093","Pardubický kraj","CISOB",43,"580112","Dolní Čermná"
"CS","Odvozená vazba","KRAJ_NUTS",100,"3093","Pardubický kraj","CISOB",43,"580121","Dolní Dobrouč"
"CS","Odvozená vazba","KRAJ_NUTS",100,"3093","Pardubický kraj","CISOB",43,"580147","Libchavy"
"CS","Odvozená vazba","KRAJ_NUTS",100,"3093","Pardubický kraj","CISOB",43,"580163","Dolní Morava"
"CS","Odvozená vazba","KRAJ_NUTS",100,"3093","Pardubický kraj","CISOB",43,"580210","Džbánov"
"CS","Odvozená vazba","KRAJ_NUTS",100,"3093","Pardubický kraj","CISOB",43,"580228","Hejnice"
"CS","Odvozená vazba","KRAJ_NUTS",100,"3093","Pardubický kraj","CISOB",43,"580261","Hnátnice"
"CS","Odvozená vazba","KRAJ_NUTS",100,"3093","Pardubický kraj","CISOB",43,"580279","Horní Čermná"
"CS","Odvozená vazba","KRAJ_NUTS",100,"3093","Pardubický kraj","CISOB",43,"580295","Horní Heřmanice"
"CS","Odvozená vazba","KRAJ_NUTS",100,"3093","Pardubický kraj","CISOB",43,"580325","Sloupnice"
"CS","Odvozená vazba","KRAJ_NUTS",100,"3093","Pardubický kraj","CISOB",43,"580333","Horní Třešňovec"
"CS","Odvozená vazba","KRAJ_NUTS",100,"3093","Pardubický kraj","CISOB",43,"580341","Hrušová"
"CS","Odvozená vazba","KRAJ_NUTS",100,"3093","Pardubický kraj","CISOB",43,"580350","Choceň"
"CS","Odvozená vazba","KRAJ_NUTS",100,"3093","Pardubický kraj","CISOB",43,"580376","Jablonné nad Orlicí"
"CS","Odvozená vazba","KRAJ_NUTS",100,"3093","Pardubický kraj","CISOB",43,"580392","Jamné nad Orlicí"
"CS","Odvozená vazba","KRAJ_NUTS",100,"3093","Pardubický kraj","CISOB",43,"580406","Javorník"
"CS","Odvozená vazba","KRAJ_NUTS",100,"3093","Pardubický kraj","CISOB",43,"580414","Jehnědí"
"CS","Odvozená vazba","KRAJ_NUTS",100,"3093","Pardubický kraj","CISOB",43,"580422","Kameničná"
"CS","Odvozená vazba","KRAJ_NUTS",100,"3093","Pardubický kraj","CISOB",43,"580431","Klášterec nad Orlicí"
"CS","Odvozená vazba","KRAJ_NUTS",100,"3093","Pardubický kraj","CISOB",43,"580465","Koldín"
"CS","Odvozená vazba","KRAJ_NUTS",100,"3093","Pardubický kraj","CISOB",43,"580481","Králíky"
"CS","Odvozená vazba","KRAJ_NUTS",100,"3093","Pardubický kraj","CISOB",43,"580490","Krasíkov"
"CS","Odvozená vazba","KRAJ_NUTS",100,"3093","Pardubický kraj","CISOB",43,"580503","Kunvald"
"CS","Odvozená vazba","KRAJ_NUTS",100,"3093","Pardubický kraj","CISOB",43,"580511","Lanškroun"
"CS","Odvozená vazba","KRAJ_NUTS",100,"3093","Pardubický kraj","CISOB",43,"580538","Letohrad"
"CS","Odvozená vazba","KRAJ_NUTS",100,"3093","Pardubický kraj","CISOB",43,"580562","Libecina"
"CS","Odvozená vazba","KRAJ_NUTS",100,"3093","Pardubický kraj","CISOB",43,"580571","Lichkov"
"CS","Odvozená vazba","KRAJ_NUTS",100,"3093","Pardubický kraj","CISOB",43,"580589","Líšnice"
"CS","Odvozená vazba","KRAJ_NUTS",100,"3093","Pardubický kraj","CISOB",43,"580619","Lubník"
"CS","Odvozená vazba","KRAJ_NUTS",100,"3093","Pardubický kraj","CISOB",43,"580627","Lukavice"
"CS","Odvozená vazba","KRAJ_NUTS",100,"3093","Pardubický kraj","CISOB",43,"580635","Luková"
"CS","Odvozená vazba","KRAJ_NUTS",100,"3093","Pardubický kraj","CISOB",43,"580643","Mistrovice"
"CS","Odvozená vazba","KRAJ_NUTS",100,"3093","Pardubický kraj","CISOB",43,"580651","Mladkov"
"CS","Odvozená vazba","KRAJ_NUTS",100,"3093","Pardubický kraj","CISOB",43,"580660","Mostek"
"CS","Odvozená vazba","KRAJ_NUTS",100,"3093","Pardubický kraj","CISOB",43,"580678","Nasavrky"
"CS","Odvozená vazba","KRAJ_NUTS",100,"3093","Pardubický kraj","CISOB",43,"580686","Nekoř"
"CS","Odvozená vazba","KRAJ_NUTS",100,"3093","Pardubický kraj","CISOB",43,"580694","Němčice"
"CS","Odvozená vazba","KRAJ_NUTS",100,"3093","Pardubický kraj","CISOB",43,"580708","Svatý Jiří"
"CS","Odvozená vazba","KRAJ_NUTS",100,"3093","Pardubický kraj","CISOB",43,"580716","Orlické Podhůří"
"CS","Odvozená vazba","KRAJ_NUTS",100,"3093","Pardubický kraj","CISOB",43,"580724","Orličky"
"CS","Odvozená vazba","KRAJ_NUTS",100,"3093","Pardubický kraj","CISOB",43,"580732","Ostrov"
"CS","Odvozená vazba","KRAJ_NUTS",100,"3093","Pardubický kraj","CISOB",43,"580741","Oucmanice"
"CS","Odvozená vazba","KRAJ_NUTS",100,"3093","Pardubický kraj","CISOB",43,"580759","Pastviny"
"CS","Odvozená vazba","KRAJ_NUTS",100,"3093","Pardubický kraj","CISOB",43,"580767","Petrovice"
"CS","Odvozená vazba","KRAJ_NUTS",100,"3093","Pardubický kraj","CISOB",43,"580775","Písečná"
"CS","Odvozená vazba","KRAJ_NUTS",100,"3093","Pardubický kraj","CISOB",43,"580783","Plchovice"
"CS","Odvozená vazba","KRAJ_NUTS",100,"3093","Pardubický kraj","CISOB",43,"580805","Podlesí"
"CS","Odvozená vazba","KRAJ_NUTS",100,"3093","Pardubický kraj","CISOB",43,"580821","Přívrat"
"CS","Odvozená vazba","KRAJ_NUTS",100,"3093","Pardubický kraj","CISOB",43,"580830","Pustina"
"CS","Odvozená vazba","KRAJ_NUTS",100,"3093","Pardubický kraj","CISOB",43,"580848","Rudoltice"
"CS","Odvozená vazba","KRAJ_NUTS",100,"3093","Pardubický kraj","CISOB",43,"580872","Řetová"
"CS","Odvozená vazba","KRAJ_NUTS",100,"3093","Pardubický kraj","CISOB",43,"580881","Řetůvka"
"CS","Odvozená vazba","KRAJ_NUTS",100,"3093","Pardubický kraj","CISOB",43,"580902","Seč"
"CS","Odvozená vazba","KRAJ_NUTS",100,"3093","Pardubický kraj","CISOB",43,"580929","Skořenice"
"CS","Odvozená vazba","KRAJ_NUTS",100,"3093","Pardubický kraj","CISOB",43,"580945","Slatina"
"CS","Odvozená vazba","KRAJ_NUTS",100,"3093","Pardubický kraj","CISOB",43,"580961","Sopotnice"
"CS","Odvozená vazba","KRAJ_NUTS",100,"3093","Pardubický kraj","CISOB",43,"580970","Sruby"
"CS","Odvozená vazba","KRAJ_NUTS",100,"3093","Pardubický kraj","CISOB",43,"580988","Strážná"
"CS","Odvozená vazba","KRAJ_NUTS",100,"3093","Pardubický kraj","CISOB",43,"580996","Studené"
"CS","Odvozená vazba","KRAJ_NUTS",100,"3093","Pardubický kraj","CISOB",43,"581003","Sudislav nad Orlicí"
"CS","Odvozená vazba","KRAJ_NUTS",100,"3093","Pardubický kraj","CISOB",43,"581011","Sudslava"
"CS","Odvozená vazba","KRAJ_NUTS",100,"3093","Pardubický kraj","CISOB",43,"581038","Šedivec"
"CS","Odvozená vazba","KRAJ_NUTS",100,"3093","Pardubický kraj","CISOB",43,"581046","Tatenice"
"CS","Odvozená vazba","KRAJ_NUTS",100,"3093","Pardubický kraj","CISOB",43,"581054","Těchonín"
"CS","Odvozená vazba","KRAJ_NUTS",100,"3093","Pardubický kraj","CISOB",43,"581062","Tisová"
"CS","Odvozená vazba","KRAJ_NUTS",100,"3093","Pardubický kraj","CISOB",43,"581071","Třebovice"
"CS","Odvozená vazba","KRAJ_NUTS",100,"3093","Pardubický kraj","CISOB",43,"581089","Újezd u Chocně"
"CS","Odvozená vazba","KRAJ_NUTS",100,"3093","Pardubický kraj","CISOB",43,"581101","Velká Skrovnice"
"CS","Odvozená vazba","KRAJ_NUTS",100,"3093","Pardubický kraj","CISOB",43,"581119","Verměřovice"
"CS","Odvozená vazba","KRAJ_NUTS",100,"3093","Pardubický kraj","CISOB",43,"581127","Vlčkov"
"CS","Odvozená vazba","KRAJ_NUTS",100,"3093","Pardubický kraj","CISOB",43,"581143","Voděrady"
"CS","Odvozená vazba","KRAJ_NUTS",100,"3093","Pardubický kraj","CISOB",43,"581151","Vraclav"
"CS","Odvozená vazba","KRAJ_NUTS",100,"3093","Pardubický kraj","CISOB",43,"581178","Výprachtice"
"CS","Odvozená vazba","KRAJ_NUTS",100,"3093","Pardubický kraj","CISOB",43,"581186","Vysoké Mýto"
"CS","Odvozená vazba","KRAJ_NUTS",100,"3093","Pardubický kraj","CISOB",43,"581194","Zádolí"
"CS","Odvozená vazba","KRAJ_NUTS",100,"3093","Pardubický kraj","CISOB",43,"581208","Záchlumí"
"CS","Odvozená vazba","KRAJ_NUTS",100,"3093","Pardubický kraj","CISOB",43,"581216","Zálší"
"CS","Odvozená vazba","KRAJ_NUTS",100,"3093","Pardubický kraj","CISOB",43,"581224","Zámrsk"
"CS","Odvozená vazba","KRAJ_NUTS",100,"3093","Pardubický kraj","CISOB",43,"581232","Zářecká Lhota"
"CS","Odvozená vazba","KRAJ_NUTS",100,"3093","Pardubický kraj","CISOB",43,"581259","Žamberk"
"CS","Odvozená vazba","KRAJ_NUTS",100,"3093","Pardubický kraj","CISOB",43,"581267","Žampach"
"CS","Odvozená vazba","KRAJ_NUTS",100,"3093","Pardubický kraj","CISOB",43,"581275","Žichlínek"
"CS","Odvozená vazba","KRAJ_NUTS",100,"3107","Kraj Vysočina","CISOB",43,"506729","Dvorce"
"CS","Odvozená vazba","KRAJ_NUTS",100,"3107","Kraj Vysočina","CISOB",43,"509388","Arneštovice"
"CS","Odvozená vazba","KRAJ_NUTS",100,"3107","Kraj Vysočina","CISOB",43,"509418","Bořetín"
"CS","Odvozená vazba","KRAJ_NUTS",100,"3107","Kraj Vysočina","CISOB",43,"510556","Láz"
"CS","Odvozená vazba","KRAJ_NUTS",100,"3107","Kraj Vysočina","CISOB",43,"510645","Kojatín"
"CS","Odvozená vazba","KRAJ_NUTS",100,"3107","Kraj Vysočina","CISOB",43,"510980","Ocmanice"
"CS","Odvozená vazba","KRAJ_NUTS",100,"3107","Kraj Vysočina","CISOB",43,"511081","Sedlec"
"CS","Odvozená vazba","KRAJ_NUTS",100,"3107","Kraj Vysočina","CISOB",43,"511242","Vícenice u Náměště nad Oslavou"
"CS","Odvozená vazba","KRAJ_NUTS",100,"3107","Kraj Vysočina","CISOB",43,"511307","Rácovice"
"CS","Odvozená vazba","KRAJ_NUTS",100,"3107","Kraj Vysočina","CISOB",43,"511412","Oslavička"
"CS","Odvozená vazba","KRAJ_NUTS",100,"3107","Kraj Vysočina","CISOB",43,"529826","Čelistná"
"CS","Odvozená vazba","KRAJ_NUTS",100,"3107","Kraj Vysočina","CISOB",43,"529834","Mezná"
"CS","Odvozená vazba","KRAJ_NUTS",100,"3107","Kraj Vysočina","CISOB",43,"529869","Důl"
"CS","Odvozená vazba","KRAJ_NUTS",100,"3107","Kraj Vysočina","CISOB",43,"530646","Hurtova Lhota"
"CS","Odvozená vazba","KRAJ_NUTS",100,"3107","Kraj Vysočina","CISOB",43,"530654","Vysoká"
"CS","Odvozená vazba","KRAJ_NUTS",100,"3107","Kraj Vysočina","CISOB",43,"530662","Ždírec"
"CS","Odvozená vazba","KRAJ_NUTS",100,"3107","Kraj Vysočina","CISOB",43,"537594","Střítež"
"CS","Odvozená vazba","KRAJ_NUTS",100,"3107","Kraj Vysočina","CISOB",43,"537608","Ústrašín"
"CS","Odvozená vazba","KRAJ_NUTS",100,"3107","Kraj Vysočina","CISOB",43,"537691","Ondřejov"
"CS","Odvozená vazba","KRAJ_NUTS",100,"3107","Kraj Vysočina","CISOB",43,"537730","Útěchovičky"
"CS","Odvozená vazba","KRAJ_NUTS",100,"3107","Kraj Vysočina","CISOB",43,"537829","Proseč"
"CS","Odvozená vazba","KRAJ_NUTS",100,"3107","Kraj Vysočina","CISOB",43,"544752","Příštpo"
"CS","Odvozená vazba","KRAJ_NUTS",100,"3107","Kraj Vysočina","CISOB",43,"544833","Bačkovice"
"CS","Odvozená vazba","KRAJ_NUTS",100,"3107","Kraj Vysočina","CISOB",43,"544876","Lhotice"
"CS","Odvozená vazba","KRAJ_NUTS",100,"3107","Kraj Vysočina","CISOB",43,"544957","Lovčovice"
"CS","Odvozená vazba","KRAJ_NUTS",100,"3107","Kraj Vysočina","CISOB",43,"545031","Menhartice"
"CS","Odvozená vazba","KRAJ_NUTS",100,"3107","Kraj Vysočina","CISOB",43,"545040","Radotice"
"CS","Odvozená vazba","KRAJ_NUTS",100,"3107","Kraj Vysočina","CISOB",43,"545180","Slavíkovice"
"CS","Odvozená vazba","KRAJ_NUTS",100,"3107","Kraj Vysočina","CISOB",43,"545309","Kožichovice"
"CS","Odvozená vazba","KRAJ_NUTS",100,"3107","Kraj Vysočina","CISOB",43,"546194","Bačkov"
"CS","Odvozená vazba","KRAJ_NUTS",100,"3107","Kraj Vysočina","CISOB",43,"546216","Jitkov"
"CS","Odvozená vazba","KRAJ_NUTS",100,"3107","Kraj Vysočina","CISOB",43,"546933","Okřešice"
"CS","Odvozená vazba","KRAJ_NUTS",100,"3107","Kraj Vysočina","CISOB",43,"547255","Švábov"
"CS","Odvozená vazba","KRAJ_NUTS",100,"3107","Kraj Vysočina","CISOB",43,"547492","Pelhřimov"
"CS","Odvozená vazba","KRAJ_NUTS",100,"3107","Kraj Vysočina","CISOB",43,"547549","Bohdalín"
"CS","Odvozená vazba","KRAJ_NUTS",100,"3107","Kraj Vysočina","CISOB",43,"547581","Božejov"
"CS","Odvozená vazba","KRAJ_NUTS",100,"3107","Kraj Vysočina","CISOB",43,"547603","Bratřice"
"CS","Odvozená vazba","KRAJ_NUTS",100,"3107","Kraj Vysočina","CISOB",43,"547638","Budíkov"
"CS","Odvozená vazba","KRAJ_NUTS",100,"3107","Kraj Vysočina","CISOB",43,"547662","Cetoraz"
"CS","Odvozená vazba","KRAJ_NUTS",100,"3107","Kraj Vysočina","CISOB",43,"547689","Čáslavsko"
"CS","Odvozená vazba","KRAJ_NUTS",100,"3107","Kraj Vysočina","CISOB",43,"547719","Častrov"
"CS","Odvozená vazba","KRAJ_NUTS",100,"3107","Kraj Vysočina","CISOB",43,"547735","Čejov"
"CS","Odvozená vazba","KRAJ_NUTS",100,"3107","Kraj Vysočina","CISOB",43,"547760","Černovice"
"CS","Odvozená vazba","KRAJ_NUTS",100,"3107","Kraj Vysočina","CISOB",43,"547778","Červená Řečice"
"CS","Odvozená vazba","KRAJ_NUTS",100,"3107","Kraj Vysočina","CISOB",43,"547883","Hojanovice"
"CS","Odvozená vazba","KRAJ_NUTS",100,"3107","Kraj Vysočina","CISOB",43,"547913","Horní Cerekev"
"CS","Odvozená vazba","KRAJ_NUTS",100,"3107","Kraj Vysočina","CISOB",43,"547930","Horní Ves"
"CS","Odvozená vazba","KRAJ_NUTS",100,"3107","Kraj Vysočina","CISOB",43,"547948","Hořepník"
"CS","Odvozená vazba","KRAJ_NUTS",100,"3107","Kraj Vysočina","CISOB",43,"547956","Hořice"
"CS","Odvozená vazba","KRAJ_NUTS",100,"3107","Kraj Vysočina","CISOB",43,"547999","Humpolec"
"CS","Odvozená vazba","KRAJ_NUTS",100,"3107","Kraj Vysočina","CISOB",43,"548073","Ježov"
"CS","Odvozená vazba","KRAJ_NUTS",100,"3107","Kraj Vysočina","CISOB",43,"548081","Jiřice"
"CS","Odvozená vazba","KRAJ_NUTS",100,"3107","Kraj Vysočina","CISOB",43,"548090","Kaliště"
"CS","Odvozená vazba","KRAJ_NUTS",100,"3107","Kraj Vysočina","CISOB",43,"548103","Kámen"
"CS","Odvozená vazba","KRAJ_NUTS",100,"3107","Kraj Vysočina","CISOB",43,"548111","Kamenice nad Lipou"
"CS","Odvozená vazba","KRAJ_NUTS",100,"3107","Kraj Vysočina","CISOB",43,"548120","Kejžlice"
"CS","Odvozená vazba","KRAJ_NUTS",100,"3107","Kraj Vysočina","CISOB",43,"548146","Koberovice"
"CS","Odvozená vazba","KRAJ_NUTS",100,"3107","Kraj Vysočina","CISOB",43,"548162","Komorovice"
"CS","Odvozená vazba","KRAJ_NUTS",100,"3107","Kraj Vysočina","CISOB",43,"548171","Košetice"
"CS","Odvozená vazba","KRAJ_NUTS",100,"3107","Kraj Vysočina","CISOB",43,"548189","Kouty"
"CS","Odvozená vazba","KRAJ_NUTS",100,"3107","Kraj Vysočina","CISOB",43,"548197","Nejepín"
"CS","Odvozená vazba","KRAJ_NUTS",100,"3107","Kraj Vysočina","CISOB",43,"548201","Křeč"
"CS","Odvozená vazba","KRAJ_NUTS",100,"3107","Kraj Vysočina","CISOB",43,"548219","Křelovice"
"CS","Odvozená vazba","KRAJ_NUTS",100,"3107","Kraj Vysočina","CISOB",43,"548227","Křešín"
"CS","Odvozená vazba","KRAJ_NUTS",100,"3107","Kraj Vysočina","CISOB",43,"548235","Leskovice"
"CS","Odvozená vazba","KRAJ_NUTS",100,"3107","Kraj Vysočina","CISOB",43,"548243","Horní Paseka"
"CS","Odvozená vazba","KRAJ_NUTS",100,"3107","Kraj Vysočina","CISOB",43,"548251","Podmoky"
"CS","Odvozená vazba","KRAJ_NUTS",100,"3107","Kraj Vysočina","CISOB",43,"548260","Bartoušov"
"CS","Odvozená vazba","KRAJ_NUTS",100,"3107","Kraj Vysočina","CISOB",43,"548278","Břevnice"
"CS","Odvozená vazba","KRAJ_NUTS",100,"3107","Kraj Vysočina","CISOB",43,"548286","Knyk"
"CS","Odvozená vazba","KRAJ_NUTS",100,"3107","Kraj Vysočina","CISOB",43,"548308","Kyjov"
"CS","Odvozená vazba","KRAJ_NUTS",100,"3107","Kraj Vysočina","CISOB",43,"548316","Michalovice"
"CS","Odvozená vazba","KRAJ_NUTS",100,"3107","Kraj Vysočina","CISOB",43,"548324","Skorkov"
"CS","Odvozená vazba","KRAJ_NUTS",100,"3107","Kraj Vysočina","CISOB",43,"548332","Lukavec"
"CS","Odvozená vazba","KRAJ_NUTS",100,"3107","Kraj Vysočina","CISOB",43,"548341","Slavníč"
"CS","Odvozená vazba","KRAJ_NUTS",100,"3107","Kraj Vysočina","CISOB",43,"548359","Ostrov"
"CS","Odvozená vazba","KRAJ_NUTS",100,"3107","Kraj Vysočina","CISOB",43,"548367","Mezilesí"
"CS","Odvozená vazba","KRAJ_NUTS",100,"3107","Kraj Vysočina","CISOB",43,"548375","Čečkovice"
"CS","Odvozená vazba","KRAJ_NUTS",100,"3107","Kraj Vysočina","CISOB",43,"548383","Mladé Bříště"
"CS","Odvozená vazba","KRAJ_NUTS",100,"3107","Kraj Vysočina","CISOB",43,"548391","Mnich"
"CS","Odvozená vazba","KRAJ_NUTS",100,"3107","Kraj Vysočina","CISOB",43,"548405","Moraveč"
"CS","Odvozená vazba","KRAJ_NUTS",100,"3107","Kraj Vysočina","CISOB",43,"548413","Jilem"
"CS","Odvozená vazba","KRAJ_NUTS",100,"3107","Kraj Vysočina","CISOB",43,"548421","Sedletín"
"CS","Odvozená vazba","KRAJ_NUTS",100,"3107","Kraj Vysočina","CISOB",43,"548430","Bezděkov"
"CS","Odvozená vazba","KRAJ_NUTS",100,"3107","Kraj Vysočina","CISOB",43,"548448","Dolní Sokolovec"
"CS","Odvozená vazba","KRAJ_NUTS",100,"3107","Kraj Vysočina","CISOB",43,"548456","Nová Cerekev"
"CS","Odvozená vazba","KRAJ_NUTS",100,"3107","Kraj Vysočina","CISOB",43,"548464","Nový Rychnov"
"CS","Odvozená vazba","KRAJ_NUTS",100,"3107","Kraj Vysočina","CISOB",43,"548472","Obrataň"
"CS","Odvozená vazba","KRAJ_NUTS",100,"3107","Kraj Vysočina","CISOB",43,"548481","Lány"
"CS","Odvozená vazba","KRAJ_NUTS",100,"3107","Kraj Vysočina","CISOB",43,"548499","Sloupno"
"CS","Odvozená vazba","KRAJ_NUTS",100,"3107","Kraj Vysočina","CISOB",43,"548502","Onšov"
"CS","Odvozená vazba","KRAJ_NUTS",100,"3107","Kraj Vysočina","CISOB",43,"548511","Pacov"
"CS","Odvozená vazba","KRAJ_NUTS",100,"3107","Kraj Vysočina","CISOB",43,"548529","Kochánov"
"CS","Odvozená vazba","KRAJ_NUTS",100,"3107","Kraj Vysočina","CISOB",43,"548537","Úhořilka"
"CS","Odvozená vazba","KRAJ_NUTS",100,"3107","Kraj Vysočina","CISOB",43,"548545","Píšť"
"CS","Odvozená vazba","KRAJ_NUTS",100,"3107","Kraj Vysočina","CISOB",43,"548553","Slavětín"
"CS","Odvozená vazba","KRAJ_NUTS",100,"3107","Kraj Vysočina","CISOB",43,"548561","Počátky"
"CS","Odvozená vazba","KRAJ_NUTS",100,"3107","Kraj Vysočina","CISOB",43,"548570","Kunemil"
"CS","Odvozená vazba","KRAJ_NUTS",100,"3107","Kraj Vysočina","CISOB",43,"548588","Okrouhlička"
"CS","Odvozená vazba","KRAJ_NUTS",100,"3107","Kraj Vysočina","CISOB",43,"548596","Heřmanice"
"CS","Odvozená vazba","KRAJ_NUTS",100,"3107","Kraj Vysočina","CISOB",43,"548600","Pošná"
"CS","Odvozená vazba","KRAJ_NUTS",100,"3107","Kraj Vysočina","CISOB",43,"548618","Kraborovice"
"CS","Odvozená vazba","KRAJ_NUTS",100,"3107","Kraj Vysočina","CISOB",43,"548626","Zvěstovice"
"CS","Odvozená vazba","KRAJ_NUTS",100,"3107","Kraj Vysočina","CISOB",43,"548634","Podmoklany"
"CS","Odvozená vazba","KRAJ_NUTS",100,"3107","Kraj Vysočina","CISOB",43,"548715","Řečice"
"CS","Odvozená vazba","KRAJ_NUTS",100,"3107","Kraj Vysočina","CISOB",43,"548731","Salačova Lhota"
"CS","Odvozená vazba","KRAJ_NUTS",100,"3107","Kraj Vysočina","CISOB",43,"548740","Samšín"
"CS","Odvozená vazba","KRAJ_NUTS",100,"3107","Kraj Vysočina","CISOB",43,"548766","Sedlice"
"CS","Odvozená vazba","KRAJ_NUTS",100,"3107","Kraj Vysočina","CISOB",43,"548774","Senožaty"
"CS","Odvozená vazba","KRAJ_NUTS",100,"3107","Kraj Vysočina","CISOB",43,"548936","Těmice"
"CS","Odvozená vazba","KRAJ_NUTS",100,"3107","Kraj Vysočina","CISOB",43,"548987","Útěchovice"
"CS","Odvozená vazba","KRAJ_NUTS",100,"3107","Kraj Vysočina","CISOB",43,"549002","Včelnička"
"CS","Odvozená vazba","KRAJ_NUTS",100,"3107","Kraj Vysočina","CISOB",43,"549011","Velká Chyška"
"CS","Odvozená vazba","KRAJ_NUTS",100,"3107","Kraj Vysočina","CISOB",43,"549045","Velký Rybník"
"CS","Odvozená vazba","KRAJ_NUTS",100,"3107","Kraj Vysočina","CISOB",43,"549053","Veselá"
"CS","Odvozená vazba","KRAJ_NUTS",100,"3107","Kraj Vysočina","CISOB",43,"549061","Věžná"
"CS","Odvozená vazba","KRAJ_NUTS",100,"3107","Kraj Vysočina","CISOB",43,"549126","Vojslavice"
"CS","Odvozená vazba","KRAJ_NUTS",100,"3107","Kraj Vysočina","CISOB",43,"549134","Vyklantice"
"CS","Odvozená vazba","KRAJ_NUTS",100,"3107","Kraj Vysočina","CISOB",43,"549142","Vyskytná"
"CS","Odvozená vazba","KRAJ_NUTS",100,"3107","Kraj Vysočina","CISOB",43,"549177","Zachotín"
"CS","Odvozená vazba","KRAJ_NUTS",100,"3107","Kraj Vysočina","CISOB",43,"549215","Želiv"
"CS","Odvozená vazba","KRAJ_NUTS",100,"3107","Kraj Vysočina","CISOB",43,"549231","Žirovnice"
"CS","Odvozená vazba","KRAJ_NUTS",100,"3107","Kraj Vysočina","CISOB",43,"549835","Milasín"
"CS","Odvozená vazba","KRAJ_NUTS",100,"3107","Kraj Vysočina","CISOB",43,"549886","Střítež"
"CS","Odvozená vazba","KRAJ_NUTS",100,"3107","Kraj Vysočina","CISOB",43,"549916","Pikárec"
"CS","Odvozená vazba","KRAJ_NUTS",100,"3107","Kraj Vysočina","CISOB",43,"549924","Radkov"
"CS","Odvozená vazba","KRAJ_NUTS",100,"3107","Kraj Vysočina","CISOB",43,"549941","Rosička"
"CS","Odvozená vazba","KRAJ_NUTS",100,"3107","Kraj Vysočina","CISOB",43,"549959","Ubušínek"
"CS","Odvozená vazba","KRAJ_NUTS",100,"3107","Kraj Vysočina","CISOB",43,"550281","Hybrálec"
"CS","Odvozená vazba","KRAJ_NUTS",100,"3107","Kraj Vysočina","CISOB",43,"550299","Smrčná"
"CS","Odvozená vazba","KRAJ_NUTS",100,"3107","Kraj Vysočina","CISOB",43,"550302","Kuroslepy"
"CS","Odvozená vazba","KRAJ_NUTS",100,"3107","Kraj Vysočina","CISOB",43,"550311","Třesov"
"CS","Odvozená vazba","KRAJ_NUTS",100,"3107","Kraj Vysočina","CISOB",43,"550370","Pokojovice"
"CS","Odvozená vazba","KRAJ_NUTS",100,"3107","Kraj Vysočina","CISOB",43,"550388","Martínkov"
"CS","Odvozená vazba","KRAJ_NUTS",100,"3107","Kraj Vysočina","CISOB",43,"550400","Bohušice"
"CS","Odvozená vazba","KRAJ_NUTS",100,"3107","Kraj Vysočina","CISOB",43,"550469","Pálovice"
"CS","Odvozená vazba","KRAJ_NUTS",100,"3107","Kraj Vysočina","CISOB",43,"550477","Chotěbudice"
"CS","Odvozená vazba","KRAJ_NUTS",100,"3107","Kraj Vysočina","CISOB",43,"550493","Radkovice u Budče"
"CS","Odvozená vazba","KRAJ_NUTS",100,"3107","Kraj Vysočina","CISOB",43,"550507","Litohoř"
"CS","Odvozená vazba","KRAJ_NUTS",100,"3107","Kraj Vysočina","CISOB",43,"550566","Lukov"
"CS","Odvozená vazba","KRAJ_NUTS",100,"3107","Kraj Vysočina","CISOB",43,"550591","Jiratice"
"CS","Odvozená vazba","KRAJ_NUTS",100,"3107","Kraj Vysočina","CISOB",43,"550612","Horní Smrčné"
"CS","Odvozená vazba","KRAJ_NUTS",100,"3107","Kraj Vysočina","CISOB",43,"550639","Hroznatín"
"CS","Odvozená vazba","KRAJ_NUTS",100,"3107","Kraj Vysočina","CISOB",43,"550710","Krahulov"
"CS","Odvozená vazba","KRAJ_NUTS",100,"3107","Kraj Vysočina","CISOB",43,"550779","Naloučany"
"CS","Odvozená vazba","KRAJ_NUTS",100,"3107","Kraj Vysočina","CISOB",43,"551546","Dubovice"
"CS","Odvozená vazba","KRAJ_NUTS",100,"3107","Kraj Vysočina","CISOB",43,"551589","Horní Rápotice"
"CS","Odvozená vazba","KRAJ_NUTS",100,"3107","Kraj Vysočina","CISOB",43,"553964","Častohostice"
"CS","Odvozená vazba","KRAJ_NUTS",100,"3107","Kraj Vysočina","CISOB",43,"554871","Střítež"
"CS","Odvozená vazba","KRAJ_NUTS",100,"3107","Kraj Vysočina","CISOB",43,"555266","Nová Ves u Světlé"
"CS","Odvozená vazba","KRAJ_NUTS",100,"3107","Kraj Vysočina","CISOB",43,"561096","Hojovice"
"CS","Odvozená vazba","KRAJ_NUTS",100,"3107","Kraj Vysočina","CISOB",43,"561100","Lidmaň"
"CS","Odvozená vazba","KRAJ_NUTS",100,"3107","Kraj Vysočina","CISOB",43,"561118","Bácovice"
"CS","Odvozená vazba","KRAJ_NUTS",100,"3107","Kraj Vysočina","CISOB",43,"561126","Bělá"
"CS","Odvozená vazba","KRAJ_NUTS",100,"3107","Kraj Vysočina","CISOB",43,"561142","Černov"
"CS","Odvozená vazba","KRAJ_NUTS",100,"3107","Kraj Vysočina","CISOB",43,"561177","Nová Buková"
"CS","Odvozená vazba","KRAJ_NUTS",100,"3107","Kraj Vysočina","CISOB",43,"561240","Bořetice"
"CS","Odvozená vazba","KRAJ_NUTS",100,"3107","Kraj Vysočina","CISOB",43,"561266","Litohošť"
"CS","Odvozená vazba","KRAJ_NUTS",100,"3107","Kraj Vysočina","CISOB",43,"561274","Rovná"
"CS","Odvozená vazba","KRAJ_NUTS",100,"3107","Kraj Vysočina","CISOB",43,"561282","Lhota-Vlasenice"
"CS","Odvozená vazba","KRAJ_NUTS",100,"3107","Kraj Vysočina","CISOB",43,"561312","Buřenice"
"CS","Odvozená vazba","KRAJ_NUTS",100,"3107","Kraj Vysočina","CISOB",43,"561321","Chyšná"
"CS","Odvozená vazba","KRAJ_NUTS",100,"3107","Kraj Vysočina","CISOB",43,"561339","Chýstovice"
"CS","Odvozená vazba","KRAJ_NUTS",100,"3107","Kraj Vysočina","CISOB",43,"561347","Martinice u Onšova"
"CS","Odvozená vazba","KRAJ_NUTS",100,"3107","Kraj Vysočina","CISOB",43,"561355","Těchobuz"
"CS","Odvozená vazba","KRAJ_NUTS",100,"3107","Kraj Vysočina","CISOB",43,"561363","Zhořec"
"CS","Odvozená vazba","KRAJ_NUTS",100,"3107","Kraj Vysočina","CISOB",43,"561371","Krasíkovice"
"CS","Odvozená vazba","KRAJ_NUTS",100,"3107","Kraj Vysočina","CISOB",43,"561436","Polesí"
"CS","Odvozená vazba","KRAJ_NUTS",100,"3107","Kraj Vysočina","CISOB",43,"561452","Stojčín"
"CS","Odvozená vazba","KRAJ_NUTS",100,"3107","Kraj Vysočina","CISOB",43,"561461","Jankov"
"CS","Odvozená vazba","KRAJ_NUTS",100,"3107","Kraj Vysočina","CISOB",43,"561487","Střítež pod Křemešníkem"
"CS","Odvozená vazba","KRAJ_NUTS",100,"3107","Kraj Vysočina","CISOB",43,"561754","Eš"
"CS","Odvozená vazba","KRAJ_NUTS",100,"3107","Kraj Vysočina","CISOB",43,"561762","Dobrá Voda u Pacova"
"CS","Odvozená vazba","KRAJ_NUTS",100,"3107","Kraj Vysočina","CISOB",43,"561771","Vysoká Lhota"
"CS","Odvozená vazba","KRAJ_NUTS",100,"3107","Kraj Vysočina","CISOB",43,"561789","Rodinov"
"CS","Odvozená vazba","KRAJ_NUTS",100,"3107","Kraj Vysočina","CISOB",43,"561797","Vystrkov"
"CS","Odvozená vazba","KRAJ_NUTS",100,"3107","Kraj Vysočina","CISOB",43,"561801","Bystrá"
"CS","Odvozená vazba","KRAJ_NUTS",100,"3107","Kraj Vysočina","CISOB",43,"561819","Mysletín"
"CS","Odvozená vazba","KRAJ_NUTS",100,"3107","Kraj Vysočina","CISOB",43,"561843","Staré Bříště"
"CS","Odvozená vazba","KRAJ_NUTS",100,"3107","Kraj Vysočina","CISOB",43,"561908","Žirov"
"CS","Odvozená vazba","KRAJ_NUTS",100,"3107","Kraj Vysočina","CISOB",43,"561916","Pavlov"
"CS","Odvozená vazba","KRAJ_NUTS",100,"3107","Kraj Vysočina","CISOB",43,"561924","Dehtáře"
"CS","Odvozená vazba","KRAJ_NUTS",100,"3107","Kraj Vysočina","CISOB",43,"561932","Dobrá Voda"
"CS","Odvozená vazba","KRAJ_NUTS",100,"3107","Kraj Vysočina","CISOB",43,"561941","Proseč pod Křemešníkem"
"CS","Odvozená vazba","KRAJ_NUTS",100,"3107","Kraj Vysočina","CISOB",43,"561967","Olešná"
"CS","Odvozená vazba","KRAJ_NUTS",100,"3107","Kraj Vysočina","CISOB",43,"561975","Zajíčkov"
"CS","Odvozená vazba","KRAJ_NUTS",100,"3107","Kraj Vysočina","CISOB",43,"562009","Rynárec"
"CS","Odvozená vazba","KRAJ_NUTS",100,"3107","Kraj Vysočina","CISOB",43,"562033","Útěchovice pod Stražištěm"
"CS","Odvozená vazba","KRAJ_NUTS",100,"3107","Kraj Vysočina","CISOB",43,"562041","Lesná"
"CS","Odvozená vazba","KRAJ_NUTS",100,"3107","Kraj Vysočina","CISOB",43,"568414","Havlíčkův Brod"
"CS","Odvozená vazba","KRAJ_NUTS",100,"3107","Kraj Vysočina","CISOB",43,"568457","Bojiště"
"CS","Odvozená vazba","KRAJ_NUTS",100,"3107","Kraj Vysočina","CISOB",43,"568465","Borek"
"CS","Odvozená vazba","KRAJ_NUTS",100,"3107","Kraj Vysočina","CISOB",43,"568490","Čachotín"
"CS","Odvozená vazba","KRAJ_NUTS",100,"3107","Kraj Vysočina","CISOB",43,"568503","Česká Bělá"
"CS","Odvozená vazba","KRAJ_NUTS",100,"3107","Kraj Vysočina","CISOB",43,"568520","Číhošť"
"CS","Odvozená vazba","KRAJ_NUTS",100,"3107","Kraj Vysočina","CISOB",43,"568538","Dlouhá Ves"
"CS","Odvozená vazba","KRAJ_NUTS",100,"3107","Kraj Vysočina","CISOB",43,"568597","Dolní Krupá"
"CS","Odvozená vazba","KRAJ_NUTS",100,"3107","Kraj Vysočina","CISOB",43,"568601","Dolní Město"
"CS","Odvozená vazba","KRAJ_NUTS",100,"3107","Kraj Vysočina","CISOB",43,"568619","Druhanov"
"CS","Odvozená vazba","KRAJ_NUTS",100,"3107","Kraj Vysočina","CISOB",43,"568635","Golčův Jeníkov"
"CS","Odvozená vazba","KRAJ_NUTS",100,"3107","Kraj Vysočina","CISOB",43,"568651","Habry"
"CS","Odvozená vazba","KRAJ_NUTS",100,"3107","Kraj Vysočina","CISOB",43,"568660","Havlíčkova Borová"
"CS","Odvozená vazba","KRAJ_NUTS",100,"3107","Kraj Vysočina","CISOB",43,"568678","Herálec"
"CS","Odvozená vazba","KRAJ_NUTS",100,"3107","Kraj Vysočina","CISOB",43,"568694","Hněvkovice"
"CS","Odvozená vazba","KRAJ_NUTS",100,"3107","Kraj Vysočina","CISOB",43,"568708","Horní Krupá"
"CS","Odvozená vazba","KRAJ_NUTS",100,"3107","Kraj Vysočina","CISOB",43,"568724","Hradec"
"CS","Odvozená vazba","KRAJ_NUTS",100,"3107","Kraj Vysočina","CISOB",43,"568759","Chotěboř"
"CS","Odvozená vazba","KRAJ_NUTS",100,"3107","Kraj Vysočina","CISOB",43,"568767","Chrtníč"
"CS","Odvozená vazba","KRAJ_NUTS",100,"3107","Kraj Vysočina","CISOB",43,"568783","Jedlá"
"CS","Odvozená vazba","KRAJ_NUTS",100,"3107","Kraj Vysočina","CISOB",43,"568805","Jeřišno"
"CS","Odvozená vazba","KRAJ_NUTS",100,"3107","Kraj Vysočina","CISOB",43,"568821","Kámen"
"CS","Odvozená vazba","KRAJ_NUTS",100,"3107","Kraj Vysočina","CISOB",43,"568848","Kamenná Lhota"
"CS","Odvozená vazba","KRAJ_NUTS",100,"3107","Kraj Vysočina","CISOB",43,"568856","Klokočov"
"CS","Odvozená vazba","KRAJ_NUTS",100,"3107","Kraj Vysočina","CISOB",43,"568881","Kojetín"
"CS","Odvozená vazba","KRAJ_NUTS",100,"3107","Kraj Vysočina","CISOB",43,"568899","Kozlov"
"CS","Odvozená vazba","KRAJ_NUTS",100,"3107","Kraj Vysočina","CISOB",43,"568902","Kožlí"
"CS","Odvozená vazba","KRAJ_NUTS",100,"3107","Kraj Vysočina","CISOB",43,"568929","Krásná Hora"
"CS","Odvozená vazba","KRAJ_NUTS",100,"3107","Kraj Vysočina","CISOB",43,"568937","Krátká Ves"
"CS","Odvozená vazba","KRAJ_NUTS",100,"3107","Kraj Vysočina","CISOB",43,"568945","Krucemburk"
"CS","Odvozená vazba","KRAJ_NUTS",100,"3107","Kraj Vysočina","CISOB",43,"568953","Květinov"
"CS","Odvozená vazba","KRAJ_NUTS",100,"3107","Kraj Vysočina","CISOB",43,"568970","Kynice"
"CS","Odvozená vazba","KRAJ_NUTS",100,"3107","Kraj Vysočina","CISOB",43,"568988","Ledeč nad Sázavou"
"CS","Odvozená vazba","KRAJ_NUTS",100,"3107","Kraj Vysočina","CISOB",43,"568996","Leškovice"
"CS","Odvozená vazba","KRAJ_NUTS",100,"3107","Kraj Vysočina","CISOB",43,"569011","Leština u Světlé"
"CS","Odvozená vazba","KRAJ_NUTS",100,"3107","Kraj Vysočina","CISOB",43,"569020","Libice nad Doubravou"
"CS","Odvozená vazba","KRAJ_NUTS",100,"3107","Kraj Vysočina","CISOB",43,"569038","Lípa"
"CS","Odvozená vazba","KRAJ_NUTS",100,"3107","Kraj Vysočina","CISOB",43,"569046","Lipnice nad Sázavou"
"CS","Odvozená vazba","KRAJ_NUTS",100,"3107","Kraj Vysočina","CISOB",43,"569062","Lučice"
"CS","Odvozená vazba","KRAJ_NUTS",100,"3107","Kraj Vysočina","CISOB",43,"569071","Malčín"
"CS","Odvozená vazba","KRAJ_NUTS",100,"3107","Kraj Vysočina","CISOB",43,"569089","Maleč"
"CS","Odvozená vazba","KRAJ_NUTS",100,"3107","Kraj Vysočina","CISOB",43,"569127","Modlíkov"
"CS","Odvozená vazba","KRAJ_NUTS",100,"3107","Kraj Vysočina","CISOB",43,"569151","Nová Ves u Leštiny"
"CS","Odvozená vazba","KRAJ_NUTS",100,"3107","Kraj Vysočina","CISOB",43,"569160","Nová Ves u Chotěboře"
"CS","Odvozená vazba","KRAJ_NUTS",100,"3107","Kraj Vysočina","CISOB",43,"569186","Okrouhlice"
"CS","Odvozená vazba","KRAJ_NUTS",100,"3107","Kraj Vysočina","CISOB",43,"569208","Olešenka"
"CS","Odvozená vazba","KRAJ_NUTS",100,"3107","Kraj Vysočina","CISOB",43,"569216","Olešná"
"CS","Odvozená vazba","KRAJ_NUTS",100,"3107","Kraj Vysočina","CISOB",43,"569224","Oudoleň"
"CS","Odvozená vazba","KRAJ_NUTS",100,"3107","Kraj Vysočina","CISOB",43,"569232","Ovesná Lhota"
"CS","Odvozená vazba","KRAJ_NUTS",100,"3107","Kraj Vysočina","CISOB",43,"569241","Pavlov"
"CS","Odvozená vazba","KRAJ_NUTS",100,"3107","Kraj Vysočina","CISOB",43,"569291","Pohled"
"CS","Odvozená vazba","KRAJ_NUTS",100,"3107","Kraj Vysočina","CISOB",43,"569313","Prosíčka"
"CS","Odvozená vazba","KRAJ_NUTS",100,"3107","Kraj Vysočina","CISOB",43,"569321","Přibyslav"
"CS","Odvozená vazba","KRAJ_NUTS",100,"3107","Kraj Vysočina","CISOB",43,"569348","Příseka"
"CS","Odvozená vazba","KRAJ_NUTS",100,"3107","Kraj Vysočina","CISOB",43,"569364","Radostín"
"CS","Odvozená vazba","KRAJ_NUTS",100,"3107","Kraj Vysočina","CISOB",43,"569399","Rozsochatec"
"CS","Odvozená vazba","KRAJ_NUTS",100,"3107","Kraj Vysočina","CISOB",43,"569402","Rušinov"
"CS","Odvozená vazba","KRAJ_NUTS",100,"3107","Kraj Vysočina","CISOB",43,"569411","Rybníček"
"CS","Odvozená vazba","KRAJ_NUTS",100,"3107","Kraj Vysočina","CISOB",43,"569429","Sázavka"
"CS","Odvozená vazba","KRAJ_NUTS",100,"3107","Kraj Vysočina","CISOB",43,"569461","Skryje"
"CS","Odvozená vazba","KRAJ_NUTS",100,"3107","Kraj Vysočina","CISOB",43,"569470","Skuhrov"
"CS","Odvozená vazba","KRAJ_NUTS",100,"3107","Kraj Vysočina","CISOB",43,"569488","Slavíkov"
"CS","Odvozená vazba","KRAJ_NUTS",100,"3107","Kraj Vysočina","CISOB",43,"569518","Sobíňov"
"CS","Odvozená vazba","KRAJ_NUTS",100,"3107","Kraj Vysočina","CISOB",43,"569534","Stříbrné Hory"
"CS","Odvozená vazba","KRAJ_NUTS",100,"3107","Kraj Vysočina","CISOB",43,"569569","Světlá nad Sázavou"
"CS","Odvozená vazba","KRAJ_NUTS",100,"3107","Kraj Vysočina","CISOB",43,"569585","Šlapanov"
"CS","Odvozená vazba","KRAJ_NUTS",100,"3107","Kraj Vysočina","CISOB",43,"569593","Štoky"
"CS","Odvozená vazba","KRAJ_NUTS",100,"3107","Kraj Vysočina","CISOB",43,"569615","Tis"
"CS","Odvozená vazba","KRAJ_NUTS",100,"3107","Kraj Vysočina","CISOB",43,"569623","Trpišovice"
"CS","Odvozená vazba","KRAJ_NUTS",100,"3107","Kraj Vysočina","CISOB",43,"569640","Uhelná Příbram"
"CS","Odvozená vazba","KRAJ_NUTS",100,"3107","Kraj Vysočina","CISOB",43,"569658","Úsobí"
"CS","Odvozená vazba","KRAJ_NUTS",100,"3107","Kraj Vysočina","CISOB",43,"569674","Vepříkov"
"CS","Odvozená vazba","KRAJ_NUTS",100,"3107","Kraj Vysočina","CISOB",43,"569682","Veselý Žďár"
"CS","Odvozená vazba","KRAJ_NUTS",100,"3107","Kraj Vysočina","CISOB",43,"569691","Věž"
"CS","Odvozená vazba","KRAJ_NUTS",100,"3107","Kraj Vysočina","CISOB",43,"569704","Věžnice"
"CS","Odvozená vazba","KRAJ_NUTS",100,"3107","Kraj Vysočina","CISOB",43,"569712","Vilémov"
"CS","Odvozená vazba","KRAJ_NUTS",100,"3107","Kraj Vysočina","CISOB",43,"569721","Vilémovice"
"CS","Odvozená vazba","KRAJ_NUTS",100,"3107","Kraj Vysočina","CISOB",43,"569739","Vlkanov"
"CS","Odvozená vazba","KRAJ_NUTS",100,"3107","Kraj Vysočina","CISOB",43,"569780","Ždírec nad Doubravou"
"CS","Odvozená vazba","KRAJ_NUTS",100,"3107","Kraj Vysočina","CISOB",43,"569801","Žižkovo Pole"
"CS","Odvozená vazba","KRAJ_NUTS",100,"3107","Kraj Vysočina","CISOB",43,"573485","Lesůňky"
"CS","Odvozená vazba","KRAJ_NUTS",100,"3107","Kraj Vysočina","CISOB",43,"573558","Boňkov"
"CS","Odvozená vazba","KRAJ_NUTS",100,"3107","Kraj Vysočina","CISOB",43,"573566","Bělá"
"CS","Odvozená vazba","KRAJ_NUTS",100,"3107","Kraj Vysočina","CISOB",43,"573574","Chřenovice"
"CS","Odvozená vazba","KRAJ_NUTS",100,"3107","Kraj Vysočina","CISOB",43,"573582","Víska"
"CS","Odvozená vazba","KRAJ_NUTS",100,"3107","Kraj Vysočina","CISOB",43,"573591","Pohleď"
"CS","Odvozená vazba","KRAJ_NUTS",100,"3107","Kraj Vysočina","CISOB",43,"573604","Služátky"
"CS","Odvozená vazba","KRAJ_NUTS",100,"3107","Kraj Vysočina","CISOB",43,"586846","Jihlava"
"CS","Odvozená vazba","KRAJ_NUTS",100,"3107","Kraj Vysočina","CISOB",43,"586854","Arnolec"
"CS","Odvozená vazba","KRAJ_NUTS",100,"3107","Kraj Vysočina","CISOB",43,"586862","Batelov"
"CS","Odvozená vazba","KRAJ_NUTS",100,"3107","Kraj Vysočina","CISOB",43,"586889","Bílý Kámen"
"CS","Odvozená vazba","KRAJ_NUTS",100,"3107","Kraj Vysočina","CISOB",43,"586897","Bítovčice"
"CS","Odvozená vazba","KRAJ_NUTS",100,"3107","Kraj Vysočina","CISOB",43,"586901","Bohuslavice"
"CS","Odvozená vazba","KRAJ_NUTS",100,"3107","Kraj Vysočina","CISOB",43,"586927","Boršov"
"CS","Odvozená vazba","KRAJ_NUTS",100,"3107","Kraj Vysočina","CISOB",43,"586943","Brtnice"
"CS","Odvozená vazba","KRAJ_NUTS",100,"3107","Kraj Vysočina","CISOB",43,"586951","Brzkov"
"CS","Odvozená vazba","KRAJ_NUTS",100,"3107","Kraj Vysočina","CISOB",43,"586978","Cejle"
"CS","Odvozená vazba","KRAJ_NUTS",100,"3107","Kraj Vysočina","CISOB",43,"586986","Cerekvička-Rosice"
"CS","Odvozená vazba","KRAJ_NUTS",100,"3107","Kraj Vysočina","CISOB",43,"587001","Černíč"
"CS","Odvozená vazba","KRAJ_NUTS",100,"3107","Kraj Vysočina","CISOB",43,"587010","Dlouhá Brtnice"
"CS","Odvozená vazba","KRAJ_NUTS",100,"3107","Kraj Vysočina","CISOB",43,"587028","Dobronín"
"CS","Odvozená vazba","KRAJ_NUTS",100,"3107","Kraj Vysočina","CISOB",43,"587036","Dobroutov"
"CS","Odvozená vazba","KRAJ_NUTS",100,"3107","Kraj Vysočina","CISOB",43,"587044","Dolní Cerekev"
"CS","Odvozená vazba","KRAJ_NUTS",100,"3107","Kraj Vysočina","CISOB",43,"587061","Dolní Vilímeč"
"CS","Odvozená vazba","KRAJ_NUTS",100,"3107","Kraj Vysočina","CISOB",43,"587079","Doupě"
"CS","Odvozená vazba","KRAJ_NUTS",100,"3107","Kraj Vysočina","CISOB",43,"587087","Dudín"
"CS","Odvozená vazba","KRAJ_NUTS",100,"3107","Kraj Vysočina","CISOB",43,"587095","Dušejov"
"CS","Odvozená vazba","KRAJ_NUTS",100,"3107","Kraj Vysočina","CISOB",43,"587109","Dyjice"
"CS","Odvozená vazba","KRAJ_NUTS",100,"3107","Kraj Vysočina","CISOB",43,"587117","Čížov"
"CS","Odvozená vazba","KRAJ_NUTS",100,"3107","Kraj Vysočina","CISOB",43,"587125","Hladov"
"CS","Odvozená vazba","KRAJ_NUTS",100,"3107","Kraj Vysočina","CISOB",43,"587141","Hodice"
"CS","Odvozená vazba","KRAJ_NUTS",100,"3107","Kraj Vysočina","CISOB",43,"587150","Hojkov"
"CS","Odvozená vazba","KRAJ_NUTS",100,"3107","Kraj Vysočina","CISOB",43,"587168","Horní Dubenky"
"CS","Odvozená vazba","KRAJ_NUTS",100,"3107","Kraj Vysočina","CISOB",43,"587176","Rančířov"
"CS","Odvozená vazba","KRAJ_NUTS",100,"3107","Kraj Vysočina","CISOB",43,"587184","Borovná"
"CS","Odvozená vazba","KRAJ_NUTS",100,"3107","Kraj Vysočina","CISOB",43,"587192","Hostětice"
"CS","Odvozená vazba","KRAJ_NUTS",100,"3107","Kraj Vysočina","CISOB",43,"587206","Horní Myslová"
"CS","Odvozená vazba","KRAJ_NUTS",100,"3107","Kraj Vysočina","CISOB",43,"587214","Olší"
"CS","Odvozená vazba","KRAJ_NUTS",100,"3107","Kraj Vysočina","CISOB",43,"587222","Hubenov"
"CS","Odvozená vazba","KRAJ_NUTS",100,"3107","Kraj Vysočina","CISOB",43,"587231","Zadní Vydří"
"CS","Odvozená vazba","KRAJ_NUTS",100,"3107","Kraj Vysočina","CISOB",43,"587249","Jamné"
"CS","Odvozená vazba","KRAJ_NUTS",100,"3107","Kraj Vysočina","CISOB",43,"587265","Jersín"
"CS","Odvozená vazba","KRAJ_NUTS",100,"3107","Kraj Vysočina","CISOB",43,"587273","Jezdovice"
"CS","Odvozená vazba","KRAJ_NUTS",100,"3107","Kraj Vysočina","CISOB",43,"587281","Ježená"
"CS","Odvozená vazba","KRAJ_NUTS",100,"3107","Kraj Vysočina","CISOB",43,"587290","Jihlávka"
"CS","Odvozená vazba","KRAJ_NUTS",100,"3107","Kraj Vysočina","CISOB",43,"587303","Jindřichovice"
"CS","Odvozená vazba","KRAJ_NUTS",100,"3107","Kraj Vysočina","CISOB",43,"587320","Kalhov"
"CS","Odvozená vazba","KRAJ_NUTS",100,"3107","Kraj Vysočina","CISOB",43,"587338","Kaliště"
"CS","Odvozená vazba","KRAJ_NUTS",100,"3107","Kraj Vysočina","CISOB",43,"587346","Kamenice"
"CS","Odvozená vazba","KRAJ_NUTS",100,"3107","Kraj Vysočina","CISOB",43,"587362","Kamenná"
"CS","Odvozená vazba","KRAJ_NUTS",100,"3107","Kraj Vysočina","CISOB",43,"587371","Klatovec"
"CS","Odvozená vazba","KRAJ_NUTS",100,"3107","Kraj Vysočina","CISOB",43,"587389","Knínice"
"CS","Odvozená vazba","KRAJ_NUTS",100,"3107","Kraj Vysočina","CISOB",43,"587401","Kostelec"
"CS","Odvozená vazba","KRAJ_NUTS",100,"3107","Kraj Vysočina","CISOB",43,"587419","Kostelní Myslová"
"CS","Odvozená vazba","KRAJ_NUTS",100,"3107","Kraj Vysočina","CISOB",43,"587427","Kozlov"
"CS","Odvozená vazba","KRAJ_NUTS",100,"3107","Kraj Vysočina","CISOB",43,"587435","Krahulčí"
"CS","Odvozená vazba","KRAJ_NUTS",100,"3107","Kraj Vysočina","CISOB",43,"587443","Krasonice"
"CS","Odvozená vazba","KRAJ_NUTS",100,"3107","Kraj Vysočina","CISOB",43,"587451","Lhotka"
"CS","Odvozená vazba","KRAJ_NUTS",100,"3107","Kraj Vysočina","CISOB",43,"587460","Stropešín"
"CS","Odvozená vazba","KRAJ_NUTS",100,"3107","Kraj Vysočina","CISOB",43,"587478","Luka nad Jihlavou"
"CS","Odvozená vazba","KRAJ_NUTS",100,"3107","Kraj Vysočina","CISOB",43,"587486","Malý Beranov"
"CS","Odvozená vazba","KRAJ_NUTS",100,"3107","Kraj Vysočina","CISOB",43,"587494","Markvartice"
"CS","Odvozená vazba","KRAJ_NUTS",100,"3107","Kraj Vysočina","CISOB",43,"587508","Měšín"
"CS","Odvozená vazba","KRAJ_NUTS",100,"3107","Kraj Vysočina","CISOB",43,"587516","Meziříčko"
"CS","Odvozená vazba","KRAJ_NUTS",100,"3107","Kraj Vysočina","CISOB",43,"587524","Milíčov"
"CS","Odvozená vazba","KRAJ_NUTS",100,"3107","Kraj Vysočina","CISOB",43,"587532","Mirošov"
"CS","Odvozená vazba","KRAJ_NUTS",100,"3107","Kraj Vysočina","CISOB",43,"587541","Mrákotín"
"CS","Odvozená vazba","KRAJ_NUTS",100,"3107","Kraj Vysočina","CISOB",43,"587559","Mysletice"
"CS","Odvozená vazba","KRAJ_NUTS",100,"3107","Kraj Vysočina","CISOB",43,"587567","Mysliboř"
"CS","Odvozená vazba","KRAJ_NUTS",100,"3107","Kraj Vysočina","CISOB",43,"587575","Nadějov"
"CS","Odvozená vazba","KRAJ_NUTS",100,"3107","Kraj Vysočina","CISOB",43,"587583","Nevcehle"
"CS","Odvozená vazba","KRAJ_NUTS",100,"3107","Kraj Vysočina","CISOB",43,"587591","Nová Říše"
"CS","Odvozená vazba","KRAJ_NUTS",100,"3107","Kraj Vysočina","CISOB",43,"587605","Lomy"
"CS","Odvozená vazba","KRAJ_NUTS",100,"3107","Kraj Vysočina","CISOB",43,"587613","Olšany"
"CS","Odvozená vazba","KRAJ_NUTS",100,"3107","Kraj Vysočina","CISOB",43,"587621","Opatov"
"CS","Odvozená vazba","KRAJ_NUTS",100,"3107","Kraj Vysočina","CISOB",43,"587630","Ořechov"
"CS","Odvozená vazba","KRAJ_NUTS",100,"3107","Kraj Vysočina","CISOB",43,"587648","Otín"
"CS","Odvozená vazba","KRAJ_NUTS",100,"3107","Kraj Vysočina","CISOB",43,"587656","Panenská Rozsíčka"
"CS","Odvozená vazba","KRAJ_NUTS",100,"3107","Kraj Vysočina","CISOB",43,"587664","Dolní Lažany"
"CS","Odvozená vazba","KRAJ_NUTS",100,"3107","Kraj Vysočina","CISOB",43,"587672","Panské Dubenky"
"CS","Odvozená vazba","KRAJ_NUTS",100,"3107","Kraj Vysočina","CISOB",43,"587681","Pavlov"
"CS","Odvozená vazba","KRAJ_NUTS",100,"3107","Kraj Vysočina","CISOB",43,"587699","Valdíkov"
"CS","Odvozená vazba","KRAJ_NUTS",100,"3107","Kraj Vysočina","CISOB",43,"587702","Plandry"
"CS","Odvozená vazba","KRAJ_NUTS",100,"3107","Kraj Vysočina","CISOB",43,"587711","Polná"
"CS","Odvozená vazba","KRAJ_NUTS",100,"3107","Kraj Vysočina","CISOB",43,"587737","Rodkov"
"CS","Odvozená vazba","KRAJ_NUTS",100,"3107","Kraj Vysočina","CISOB",43,"587745","Puklice"
"CS","Odvozená vazba","KRAJ_NUTS",100,"3107","Kraj Vysočina","CISOB",43,"587753","Tři Studně"
"CS","Odvozená vazba","KRAJ_NUTS",100,"3107","Kraj Vysočina","CISOB",43,"587761","Radkov"
"CS","Odvozená vazba","KRAJ_NUTS",100,"3107","Kraj Vysočina","CISOB",43,"587770","Milešín"
"CS","Odvozená vazba","KRAJ_NUTS",100,"3107","Kraj Vysočina","CISOB",43,"587788","Rantířov"
"CS","Odvozená vazba","KRAJ_NUTS",100,"3107","Kraj Vysočina","CISOB",43,"587796","Rohozná"
"CS","Odvozená vazba","KRAJ_NUTS",100,"3107","Kraj Vysočina","CISOB",43,"587800","Rozseč"
"CS","Odvozená vazba","KRAJ_NUTS",100,"3107","Kraj Vysočina","CISOB",43,"587818","Růžená"
"CS","Odvozená vazba","KRAJ_NUTS",100,"3107","Kraj Vysočina","CISOB",43,"587826","Rybné"
"CS","Odvozená vazba","KRAJ_NUTS",100,"3107","Kraj Vysočina","CISOB",43,"587834","Řásná"
"CS","Odvozená vazba","KRAJ_NUTS",100,"3107","Kraj Vysočina","CISOB",43,"587842","Křídla"
"CS","Odvozená vazba","KRAJ_NUTS",100,"3107","Kraj Vysočina","CISOB",43,"587851","Řídelov"
"CS","Odvozená vazba","KRAJ_NUTS",100,"3107","Kraj Vysočina","CISOB",43,"587869","Vlachovice"
"CS","Odvozená vazba","KRAJ_NUTS",100,"3107","Kraj Vysočina","CISOB",43,"587877","Sedlatice"
"CS","Odvozená vazba","KRAJ_NUTS",100,"3107","Kraj Vysočina","CISOB",43,"587885","Sedlejov"
"CS","Odvozená vazba","KRAJ_NUTS",100,"3107","Kraj Vysočina","CISOB",43,"587893","Velké Tresné"
"CS","Odvozená vazba","KRAJ_NUTS",100,"3107","Kraj Vysočina","CISOB",43,"587915","Stáj"
"CS","Odvozená vazba","KRAJ_NUTS",100,"3107","Kraj Vysočina","CISOB",43,"587923","Stará Říše"
"CS","Odvozená vazba","KRAJ_NUTS",100,"3107","Kraj Vysočina","CISOB",43,"587931","Stonařov"
"CS","Odvozená vazba","KRAJ_NUTS",100,"3107","Kraj Vysočina","CISOB",43,"587940","Strachoňovice"
"CS","Odvozená vazba","KRAJ_NUTS",100,"3107","Kraj Vysočina","CISOB",43,"587958","Střítež"
"CS","Odvozená vazba","KRAJ_NUTS",100,"3107","Kraj Vysočina","CISOB",43,"587974","Nové Dvory"
"CS","Odvozená vazba","KRAJ_NUTS",100,"3107","Kraj Vysočina","CISOB",43,"587982","Suchá"
"CS","Odvozená vazba","KRAJ_NUTS",100,"3107","Kraj Vysočina","CISOB",43,"587991","Svojkovice"
"CS","Odvozená vazba","KRAJ_NUTS",100,"3107","Kraj Vysočina","CISOB",43,"588008","Šimanov"
"CS","Odvozená vazba","KRAJ_NUTS",100,"3107","Kraj Vysočina","CISOB",43,"588016","Cikháj"
"CS","Odvozená vazba","KRAJ_NUTS",100,"3107","Kraj Vysočina","CISOB",43,"588024","Telč"
"CS","Odvozená vazba","KRAJ_NUTS",100,"3107","Kraj Vysočina","CISOB",43,"588032","Třešť"
"CS","Odvozená vazba","KRAJ_NUTS",100,"3107","Kraj Vysočina","CISOB",43,"588041","Třeštice"
"CS","Odvozená vazba","KRAJ_NUTS",100,"3107","Kraj Vysočina","CISOB",43,"588059","Račín"
"CS","Odvozená vazba","KRAJ_NUTS",100,"3107","Kraj Vysočina","CISOB",43,"588067","Urbanov"
"CS","Odvozená vazba","KRAJ_NUTS",100,"3107","Kraj Vysočina","CISOB",43,"588075","Ústí"
"CS","Odvozená vazba","KRAJ_NUTS",100,"3107","Kraj Vysočina","CISOB",43,"588083","Vanov"
"CS","Odvozená vazba","KRAJ_NUTS",100,"3107","Kraj Vysočina","CISOB",43,"588091","Vanůvek"
"CS","Odvozená vazba","KRAJ_NUTS",100,"3107","Kraj Vysočina","CISOB",43,"588105","Vápovice"
"CS","Odvozená vazba","KRAJ_NUTS",100,"3107","Kraj Vysočina","CISOB",43,"588113","Velký Beranov"
"CS","Odvozená vazba","KRAJ_NUTS",100,"3107","Kraj Vysočina","CISOB",43,"588121","Větrný Jeníkov"
"CS","Odvozená vazba","KRAJ_NUTS",100,"3107","Kraj Vysočina","CISOB",43,"588130","Věžnice"
"CS","Odvozená vazba","KRAJ_NUTS",100,"3107","Kraj Vysočina","CISOB",43,"588148","Věžnička"
"CS","Odvozená vazba","KRAJ_NUTS",100,"3107","Kraj Vysočina","CISOB",43,"588156","Vílanec"
"CS","Odvozená vazba","KRAJ_NUTS",100,"3107","Kraj Vysočina","CISOB",43,"588164","Volevčice"
"CS","Odvozená vazba","KRAJ_NUTS",100,"3107","Kraj Vysočina","CISOB",43,"588172","Vyskytná nad Jihlavou"
"CS","Odvozená vazba","KRAJ_NUTS",100,"3107","Kraj Vysočina","CISOB",43,"588181","Vysoké Studnice"
"CS","Odvozená vazba","KRAJ_NUTS",100,"3107","Kraj Vysočina","CISOB",43,"588199","Vystrčenovice"
"CS","Odvozená vazba","KRAJ_NUTS",100,"3107","Kraj Vysočina","CISOB",43,"588202","Záborná"
"CS","Odvozená vazba","KRAJ_NUTS",100,"3107","Kraj Vysočina","CISOB",43,"588211","Zbilidy"
"CS","Odvozená vazba","KRAJ_NUTS",100,"3107","Kraj Vysočina","CISOB",43,"588229","Zbinohy"
"CS","Odvozená vazba","KRAJ_NUTS",100,"3107","Kraj Vysočina","CISOB",43,"588237","Sazomín"
"CS","Odvozená vazba","KRAJ_NUTS",100,"3107","Kraj Vysočina","CISOB",43,"588245","Zdeňkov"
"CS","Odvozená vazba","KRAJ_NUTS",100,"3107","Kraj Vysočina","CISOB",43,"588253","Zhoř"
"CS","Odvozená vazba","KRAJ_NUTS",100,"3107","Kraj Vysočina","CISOB",43,"588261","Zvolenovice"
"CS","Odvozená vazba","KRAJ_NUTS",100,"3107","Kraj Vysočina","CISOB",43,"588270","Žatec"
"CS","Odvozená vazba","KRAJ_NUTS",100,"3107","Kraj Vysočina","CISOB",43,"588288","Ždírec"
"CS","Odvozená vazba","KRAJ_NUTS",100,"3107","Kraj Vysočina","CISOB",43,"588334","Vysoké"
"CS","Odvozená vazba","KRAJ_NUTS",100,"3107","Kraj Vysočina","CISOB",43,"588342","Vícenice"
"CS","Odvozená vazba","KRAJ_NUTS",100,"3107","Kraj Vysočina","CISOB",43,"590266","Třebíč"
"CS","Odvozená vazba","KRAJ_NUTS",100,"3107","Kraj Vysočina","CISOB",43,"590274","Babice"
"CS","Odvozená vazba","KRAJ_NUTS",100,"3107","Kraj Vysočina","CISOB",43,"590282","Bačice"
"CS","Odvozená vazba","KRAJ_NUTS",100,"3107","Kraj Vysočina","CISOB",43,"590304","Benetice"
"CS","Odvozená vazba","KRAJ_NUTS",100,"3107","Kraj Vysočina","CISOB",43,"590312","Biskupice-Pulkov"
"CS","Odvozená vazba","KRAJ_NUTS",100,"3107","Kraj Vysočina","CISOB",43,"590321","Blatnice"
"CS","Odvozená vazba","KRAJ_NUTS",100,"3107","Kraj Vysočina","CISOB",43,"590347","Bochovice"
"CS","Odvozená vazba","KRAJ_NUTS",100,"3107","Kraj Vysočina","CISOB",43,"590363","Bransouze"
"CS","Odvozená vazba","KRAJ_NUTS",100,"3107","Kraj Vysočina","CISOB",43,"590371","Brtnička"
"CS","Odvozená vazba","KRAJ_NUTS",100,"3107","Kraj Vysočina","CISOB",43,"590380","Březník"
"CS","Odvozená vazba","KRAJ_NUTS",100,"3107","Kraj Vysočina","CISOB",43,"590401","Budišov"
"CS","Odvozená vazba","KRAJ_NUTS",100,"3107","Kraj Vysočina","CISOB",43,"590410","Budkov"
"CS","Odvozená vazba","KRAJ_NUTS",100,"3107","Kraj Vysočina","CISOB",43,"590428","Cidlina"
"CS","Odvozená vazba","KRAJ_NUTS",100,"3107","Kraj Vysočina","CISOB",43,"590436","Čáslavice"
"CS","Odvozená vazba","KRAJ_NUTS",100,"3107","Kraj Vysočina","CISOB",43,"590444","Čechočovice"
"CS","Odvozená vazba","KRAJ_NUTS",100,"3107","Kraj Vysočina","CISOB",43,"590452","Čechtín"
"CS","Odvozená vazba","KRAJ_NUTS",100,"3107","Kraj Vysočina","CISOB",43,"590461","Červená Lhota"
"CS","Odvozená vazba","KRAJ_NUTS",100,"3107","Kraj Vysočina","CISOB",43,"590479","Číhalín"
"CS","Odvozená vazba","KRAJ_NUTS",100,"3107","Kraj Vysočina","CISOB",43,"590487","Číchov"
"CS","Odvozená vazba","KRAJ_NUTS",100,"3107","Kraj Vysočina","CISOB",43,"590495","Čikov"
"CS","Odvozená vazba","KRAJ_NUTS",100,"3107","Kraj Vysočina","CISOB",43,"590509","Číměř"
"CS","Odvozená vazba","KRAJ_NUTS",100,"3107","Kraj Vysočina","CISOB",43,"590517","Dalešice"
"CS","Odvozená vazba","KRAJ_NUTS",100,"3107","Kraj Vysočina","CISOB",43,"590525","Dědice"
"CS","Odvozená vazba","KRAJ_NUTS",100,"3107","Kraj Vysočina","CISOB",43,"590533","Dešov"
"CS","Odvozená vazba","KRAJ_NUTS",100,"3107","Kraj Vysočina","CISOB",43,"590550","Dolní Vilémovice"
"CS","Odvozená vazba","KRAJ_NUTS",100,"3107","Kraj Vysočina","CISOB",43,"590568","Domamil"
"CS","Odvozená vazba","KRAJ_NUTS",100,"3107","Kraj Vysočina","CISOB",43,"590576","Dukovany"
"CS","Odvozená vazba","KRAJ_NUTS",100,"3107","Kraj Vysočina","CISOB",43,"590584","Hartvíkovice"
"CS","Odvozená vazba","KRAJ_NUTS",100,"3107","Kraj Vysočina","CISOB",43,"590592","Heraltice"
"CS","Odvozená vazba","KRAJ_NUTS",100,"3107","Kraj Vysočina","CISOB",43,"590614","Hluboké"
"CS","Odvozená vazba","KRAJ_NUTS",100,"3107","Kraj Vysočina","CISOB",43,"590622","Hodov"
"CS","Odvozená vazba","KRAJ_NUTS",100,"3107","Kraj Vysočina","CISOB",43,"590631","Horní Heřmanice"
"CS","Odvozená vazba","KRAJ_NUTS",100,"3107","Kraj Vysočina","CISOB",43,"590649","Horní Újezd"
"CS","Odvozená vazba","KRAJ_NUTS",100,"3107","Kraj Vysočina","CISOB",43,"590657","Horní Vilémovice"
"CS","Odvozená vazba","KRAJ_NUTS",100,"3107","Kraj Vysočina","CISOB",43,"590665","Hornice"
"CS","Odvozená vazba","KRAJ_NUTS",100,"3107","Kraj Vysočina","CISOB",43,"590673","Hrotovice"
"CS","Odvozená vazba","KRAJ_NUTS",100,"3107","Kraj Vysočina","CISOB",43,"590681","Hrutov"
"CS","Odvozená vazba","KRAJ_NUTS",100,"3107","Kraj Vysočina","CISOB",43,"590690","Hvězdoňovice"
"CS","Odvozená vazba","KRAJ_NUTS",100,"3107","Kraj Vysočina","CISOB",43,"590703","Chlístov"
"CS","Odvozená vazba","KRAJ_NUTS",100,"3107","Kraj Vysočina","CISOB",43,"590711","Chlum"
"CS","Odvozená vazba","KRAJ_NUTS",100,"3107","Kraj Vysočina","CISOB",43,"590746","Jakubov u Moravských Budějovic"
"CS","Odvozená vazba","KRAJ_NUTS",100,"3107","Kraj Vysočina","CISOB",43,"590754","Jaroměřice nad Rokytnou"
"CS","Odvozená vazba","KRAJ_NUTS",100,"3107","Kraj Vysočina","CISOB",43,"590762","Jasenice"
"CS","Odvozená vazba","KRAJ_NUTS",100,"3107","Kraj Vysočina","CISOB",43,"590789","Jemnice"
"CS","Odvozená vazba","KRAJ_NUTS",100,"3107","Kraj Vysočina","CISOB",43,"590797","Jinošov"
"CS","Odvozená vazba","KRAJ_NUTS",100,"3107","Kraj Vysočina","CISOB",43,"590801","Kamenná"
"CS","Odvozená vazba","KRAJ_NUTS",100,"3107","Kraj Vysočina","CISOB",43,"590819","Kdousov"
"CS","Odvozená vazba","KRAJ_NUTS",100,"3107","Kraj Vysočina","CISOB",43,"590827","Kladeruby nad Oslavou"
"CS","Odvozená vazba","KRAJ_NUTS",100,"3107","Kraj Vysočina","CISOB",43,"590835","Klučov"
"CS","Odvozená vazba","KRAJ_NUTS",100,"3107","Kraj Vysočina","CISOB",43,"590843","Kněžice"
"CS","Odvozená vazba","KRAJ_NUTS",100,"3107","Kraj Vysočina","CISOB",43,"590851","Kojatice"
"CS","Odvozená vazba","KRAJ_NUTS",100,"3107","Kraj Vysočina","CISOB",43,"590860","Kojetice"
"CS","Odvozená vazba","KRAJ_NUTS",100,"3107","Kraj Vysočina","CISOB",43,"590878","Komárovice"
"CS","Odvozená vazba","KRAJ_NUTS",100,"3107","Kraj Vysočina","CISOB",43,"590886","Koněšín"
"CS","Odvozená vazba","KRAJ_NUTS",100,"3107","Kraj Vysočina","CISOB",43,"590894","Kostníky"
"CS","Odvozená vazba","KRAJ_NUTS",100,"3107","Kraj Vysočina","CISOB",43,"590908","Kouty"
"CS","Odvozená vazba","KRAJ_NUTS",100,"3107","Kraj Vysočina","CISOB",43,"590916","Kozlany"
"CS","Odvozená vazba","KRAJ_NUTS",100,"3107","Kraj Vysočina","CISOB",43,"590941","Kralice nad Oslavou"
"CS","Odvozená vazba","KRAJ_NUTS",100,"3107","Kraj Vysočina","CISOB",43,"590959","Kramolín"
"CS","Odvozená vazba","KRAJ_NUTS",100,"3107","Kraj Vysočina","CISOB",43,"590967","Krhov"
"CS","Odvozená vazba","KRAJ_NUTS",100,"3107","Kraj Vysočina","CISOB",43,"590975","Krokočín"
"CS","Odvozená vazba","KRAJ_NUTS",100,"3107","Kraj Vysočina","CISOB",43,"590983","Lesná"
"CS","Odvozená vazba","KRAJ_NUTS",100,"3107","Kraj Vysočina","CISOB",43,"590991","Lesní Jakubov"
"CS","Odvozená vazba","KRAJ_NUTS",100,"3107","Kraj Vysočina","CISOB",43,"591009","Lesonice"
"CS","Odvozená vazba","KRAJ_NUTS",100,"3107","Kraj Vysočina","CISOB",43,"591025","Lhánice"
"CS","Odvozená vazba","KRAJ_NUTS",100,"3107","Kraj Vysočina","CISOB",43,"591041","Lipník"
"CS","Odvozená vazba","KRAJ_NUTS",100,"3107","Kraj Vysočina","CISOB",43,"591068","Litovany"
"CS","Odvozená vazba","KRAJ_NUTS",100,"3107","Kraj Vysočina","CISOB",43,"591092","Loukovice"
"CS","Odvozená vazba","KRAJ_NUTS",100,"3107","Kraj Vysočina","CISOB",43,"591114","Markvartice"
"CS","Odvozená vazba","KRAJ_NUTS",100,"3107","Kraj Vysočina","CISOB",43,"591122","Mastník"
"CS","Odvozená vazba","KRAJ_NUTS",100,"3107","Kraj Vysočina","CISOB",43,"591149","Meziříčko"
"CS","Odvozená vazba","KRAJ_NUTS",100,"3107","Kraj Vysočina","CISOB",43,"591157","Mikulovice"
"CS","Odvozená vazba","KRAJ_NUTS",100,"3107","Kraj Vysočina","CISOB",43,"591165","Mladoňovice"
"CS","Odvozená vazba","KRAJ_NUTS",100,"3107","Kraj Vysočina","CISOB",43,"591173","Mohelno"
"CS","Odvozená vazba","KRAJ_NUTS",100,"3107","Kraj Vysočina","CISOB",43,"591181","Moravské Budějovice"
"CS","Odvozená vazba","KRAJ_NUTS",100,"3107","Kraj Vysočina","CISOB",43,"591190","Myslibořice"
"CS","Odvozená vazba","KRAJ_NUTS",100,"3107","Kraj Vysočina","CISOB",43,"591211","Náměšť nad Oslavou"
"CS","Odvozená vazba","KRAJ_NUTS",100,"3107","Kraj Vysočina","CISOB",43,"591220","Nárameč"
"CS","Odvozená vazba","KRAJ_NUTS",100,"3107","Kraj Vysočina","CISOB",43,"591238","Nimpšov"
"CS","Odvozená vazba","KRAJ_NUTS",100,"3107","Kraj Vysočina","CISOB",43,"591246","Nová Ves"
"CS","Odvozená vazba","KRAJ_NUTS",100,"3107","Kraj Vysočina","CISOB",43,"591254","Nové Syrovice"
"CS","Odvozená vazba","KRAJ_NUTS",100,"3107","Kraj Vysočina","CISOB",43,"591262","Nový Telečkov"
"CS","Odvozená vazba","KRAJ_NUTS",100,"3107","Kraj Vysočina","CISOB",43,"591289","Odunec"
"CS","Odvozená vazba","KRAJ_NUTS",100,"3107","Kraj Vysočina","CISOB",43,"591297","Okarec"
"CS","Odvozená vazba","KRAJ_NUTS",100,"3107","Kraj Vysočina","CISOB",43,"591301","Okříšky"
"CS","Odvozená vazba","KRAJ_NUTS",100,"3107","Kraj Vysočina","CISOB",43,"591319","Opatov"
"CS","Odvozená vazba","KRAJ_NUTS",100,"3107","Kraj Vysočina","CISOB",43,"591327","Oponešice"
"CS","Odvozená vazba","KRAJ_NUTS",100,"3107","Kraj Vysočina","CISOB",43,"591335","Ostašov"
"CS","Odvozená vazba","KRAJ_NUTS",100,"3107","Kraj Vysočina","CISOB",43,"591360","Petrovice"
"CS","Odvozená vazba","KRAJ_NUTS",100,"3107","Kraj Vysočina","CISOB",43,"591378","Petrůvky"
"CS","Odvozená vazba","KRAJ_NUTS",100,"3107","Kraj Vysočina","CISOB",43,"591394","Police"
"CS","Odvozená vazba","KRAJ_NUTS",100,"3107","Kraj Vysočina","CISOB",43,"591408","Popůvky"
"CS","Odvozená vazba","KRAJ_NUTS",100,"3107","Kraj Vysočina","CISOB",43,"591416","Pozďatín"
"CS","Odvozená vazba","KRAJ_NUTS",100,"3107","Kraj Vysočina","CISOB",43,"591424","Přeckov"
"CS","Odvozená vazba","KRAJ_NUTS",100,"3107","Kraj Vysočina","CISOB",43,"591432","Předín"
"CS","Odvozená vazba","KRAJ_NUTS",100,"3107","Kraj Vysočina","CISOB",43,"591441","Přešovice"
"CS","Odvozená vazba","KRAJ_NUTS",100,"3107","Kraj Vysočina","CISOB",43,"591459","Přibyslavice"
"CS","Odvozená vazba","KRAJ_NUTS",100,"3107","Kraj Vysočina","CISOB",43,"591491","Pucov"
"CS","Odvozená vazba","KRAJ_NUTS",100,"3107","Kraj Vysočina","CISOB",43,"591505","Pyšel"
"CS","Odvozená vazba","KRAJ_NUTS",100,"3107","Kraj Vysočina","CISOB",43,"591521","Račice"
"CS","Odvozená vazba","KRAJ_NUTS",100,"3107","Kraj Vysočina","CISOB",43,"591548","Radkovice u Hrotovic"
"CS","Odvozená vazba","KRAJ_NUTS",100,"3107","Kraj Vysočina","CISOB",43,"591556","Radonín"
"CS","Odvozená vazba","KRAJ_NUTS",100,"3107","Kraj Vysočina","CISOB",43,"591564","Radošov"
"CS","Odvozená vazba","KRAJ_NUTS",100,"3107","Kraj Vysočina","CISOB",43,"591581","Rapotice"
"CS","Odvozená vazba","KRAJ_NUTS",100,"3107","Kraj Vysočina","CISOB",43,"591602","Rohy"
"CS","Odvozená vazba","KRAJ_NUTS",100,"3107","Kraj Vysočina","CISOB",43,"591611","Rokytnice nad Rokytnou"
"CS","Odvozená vazba","KRAJ_NUTS",100,"3107","Kraj Vysočina","CISOB",43,"591629","Rouchovany"
"CS","Odvozená vazba","KRAJ_NUTS",100,"3107","Kraj Vysočina","CISOB",43,"591637","Rudíkov"
"CS","Odvozená vazba","KRAJ_NUTS",100,"3107","Kraj Vysočina","CISOB",43,"591645","Římov"
"CS","Odvozená vazba","KRAJ_NUTS",100,"3107","Kraj Vysočina","CISOB",43,"591688","Slavětice"
"CS","Odvozená vazba","KRAJ_NUTS",100,"3107","Kraj Vysočina","CISOB",43,"591700","Slavičky"
"CS","Odvozená vazba","KRAJ_NUTS",100,"3107","Kraj Vysočina","CISOB",43,"591726","Smrk"
"CS","Odvozená vazba","KRAJ_NUTS",100,"3107","Kraj Vysočina","CISOB",43,"591742","Stařeč"
"CS","Odvozená vazba","KRAJ_NUTS",100,"3107","Kraj Vysočina","CISOB",43,"591769","Studenec"
"CS","Odvozená vazba","KRAJ_NUTS",100,"3107","Kraj Vysočina","CISOB",43,"591777","Studnice"
"CS","Odvozená vazba","KRAJ_NUTS",100,"3107","Kraj Vysočina","CISOB",43,"591785","Sudice"
"CS","Odvozená vazba","KRAJ_NUTS",100,"3107","Kraj Vysočina","CISOB",43,"591793","Svatoslav"
"CS","Odvozená vazba","KRAJ_NUTS",100,"3107","Kraj Vysočina","CISOB",43,"591807","Šebkovice"
"CS","Odvozená vazba","KRAJ_NUTS",100,"3107","Kraj Vysočina","CISOB",43,"591815","Štěměchy"
"CS","Odvozená vazba","KRAJ_NUTS",100,"3107","Kraj Vysočina","CISOB",43,"591823","Štěpkov"
"CS","Odvozená vazba","KRAJ_NUTS",100,"3107","Kraj Vysočina","CISOB",43,"591831","Tasov"
"CS","Odvozená vazba","KRAJ_NUTS",100,"3107","Kraj Vysočina","CISOB",43,"591840","Trnava"
"CS","Odvozená vazba","KRAJ_NUTS",100,"3107","Kraj Vysočina","CISOB",43,"591858","Třebelovice"
"CS","Odvozená vazba","KRAJ_NUTS",100,"3107","Kraj Vysočina","CISOB",43,"591866","Třebenice"
"CS","Odvozená vazba","KRAJ_NUTS",100,"3107","Kraj Vysočina","CISOB",43,"591874","Valeč"
"CS","Odvozená vazba","KRAJ_NUTS",100,"3107","Kraj Vysočina","CISOB",43,"591904","Vladislav"
"CS","Odvozená vazba","KRAJ_NUTS",100,"3107","Kraj Vysočina","CISOB",43,"591912","Vlčatín"
"CS","Odvozená vazba","KRAJ_NUTS",100,"3107","Kraj Vysočina","CISOB",43,"591939","Výčapy"
"CS","Odvozená vazba","KRAJ_NUTS",100,"3107","Kraj Vysočina","CISOB",43,"591947","Zahrádka"
"CS","Odvozená vazba","KRAJ_NUTS",100,"3107","Kraj Vysočina","CISOB",43,"591955","Zárubice"
"CS","Odvozená vazba","KRAJ_NUTS",100,"3107","Kraj Vysočina","CISOB",43,"591963","Zašovice"
"CS","Odvozená vazba","KRAJ_NUTS",100,"3107","Kraj Vysočina","CISOB",43,"591980","Zvěrkovice"
"CS","Odvozená vazba","KRAJ_NUTS",100,"3107","Kraj Vysočina","CISOB",43,"591998","Želetava"
"CS","Odvozená vazba","KRAJ_NUTS",100,"3107","Kraj Vysočina","CISOB",43,"595209","Žďár nad Sázavou"
"CS","Odvozená vazba","KRAJ_NUTS",100,"3107","Kraj Vysočina","CISOB",43,"595217","Baliny"
"CS","Odvozená vazba","KRAJ_NUTS",100,"3107","Kraj Vysočina","CISOB",43,"595241","Blažkov"
"CS","Odvozená vazba","KRAJ_NUTS",100,"3107","Kraj Vysočina","CISOB",43,"595250","Blízkov"
"CS","Odvozená vazba","KRAJ_NUTS",100,"3107","Kraj Vysočina","CISOB",43,"595268","Bobrová"
"CS","Odvozená vazba","KRAJ_NUTS",100,"3107","Kraj Vysočina","CISOB",43,"595276","Bobrůvka"
"CS","Odvozená vazba","KRAJ_NUTS",100,"3107","Kraj Vysočina","CISOB",43,"595284","Bohdalec"
"CS","Odvozená vazba","KRAJ_NUTS",100,"3107","Kraj Vysočina","CISOB",43,"595292","Bohdalov"
"CS","Odvozená vazba","KRAJ_NUTS",100,"3107","Kraj Vysočina","CISOB",43,"595306","Bohuňov"
"CS","Odvozená vazba","KRAJ_NUTS",100,"3107","Kraj Vysočina","CISOB",43,"595322","Borovnice"
"CS","Odvozená vazba","KRAJ_NUTS",100,"3107","Kraj Vysočina","CISOB",43,"595349","Březejc"
"CS","Odvozená vazba","KRAJ_NUTS",100,"3107","Kraj Vysočina","CISOB",43,"595357","Březí"
"CS","Odvozená vazba","KRAJ_NUTS",100,"3107","Kraj Vysočina","CISOB",43,"595365","Březí nad Oslavou"
"CS","Odvozená vazba","KRAJ_NUTS",100,"3107","Kraj Vysočina","CISOB",43,"595381","Březské"
"CS","Odvozená vazba","KRAJ_NUTS",100,"3107","Kraj Vysočina","CISOB",43,"595390","Budeč"
"CS","Odvozená vazba","KRAJ_NUTS",100,"3107","Kraj Vysočina","CISOB",43,"595403","Bukov"
"CS","Odvozená vazba","KRAJ_NUTS",100,"3107","Kraj Vysočina","CISOB",43,"595411","Bystřice nad Pernštejnem"
"CS","Odvozená vazba","KRAJ_NUTS",100,"3107","Kraj Vysočina","CISOB",43,"595420","Býšovec"
"CS","Odvozená vazba","KRAJ_NUTS",100,"3107","Kraj Vysočina","CISOB",43,"595438","Černá"
"CS","Odvozená vazba","KRAJ_NUTS",100,"3107","Kraj Vysočina","CISOB",43,"595454","Dalečín"
"CS","Odvozená vazba","KRAJ_NUTS",100,"3107","Kraj Vysočina","CISOB",43,"595462","Daňkovice"
"CS","Odvozená vazba","KRAJ_NUTS",100,"3107","Kraj Vysočina","CISOB",43,"595471","Dlouhé"
"CS","Odvozená vazba","KRAJ_NUTS",100,"3107","Kraj Vysočina","CISOB",43,"595489","Dobrá Voda"
"CS","Odvozená vazba","KRAJ_NUTS",100,"3107","Kraj Vysočina","CISOB",43,"595501","Dolní Heřmanice"
"CS","Odvozená vazba","KRAJ_NUTS",100,"3107","Kraj Vysočina","CISOB",43,"595519","Dolní Libochová"
"CS","Odvozená vazba","KRAJ_NUTS",100,"3107","Kraj Vysočina","CISOB",43,"595535","Dolní Rožínka"
"CS","Odvozená vazba","KRAJ_NUTS",100,"3107","Kraj Vysočina","CISOB",43,"595578","Fryšava pod Žákovou horou"
"CS","Odvozená vazba","KRAJ_NUTS",100,"3107","Kraj Vysočina","CISOB",43,"595586","Hamry nad Sázavou"
"CS","Odvozená vazba","KRAJ_NUTS",100,"3107","Kraj Vysočina","CISOB",43,"595594","Herálec"
"CS","Odvozená vazba","KRAJ_NUTS",100,"3107","Kraj Vysočina","CISOB",43,"595608","Heřmanov"
"CS","Odvozená vazba","KRAJ_NUTS",100,"3107","Kraj Vysočina","CISOB",43,"595624","Hodíškov"
"CS","Odvozená vazba","KRAJ_NUTS",100,"3107","Kraj Vysočina","CISOB",43,"595641","Bory"
"CS","Odvozená vazba","KRAJ_NUTS",100,"3107","Kraj Vysočina","CISOB",43,"595659","Horní Libochová"
"CS","Odvozená vazba","KRAJ_NUTS",100,"3107","Kraj Vysočina","CISOB",43,"595675","Horní Radslavice"
"CS","Odvozená vazba","KRAJ_NUTS",100,"3107","Kraj Vysočina","CISOB",43,"595683","Horní Rožínka"
"CS","Odvozená vazba","KRAJ_NUTS",100,"3107","Kraj Vysočina","CISOB",43,"595705","Chlum-Korouhvice"
"CS","Odvozená vazba","KRAJ_NUTS",100,"3107","Kraj Vysočina","CISOB",43,"595713","Chlumek"
"CS","Odvozená vazba","KRAJ_NUTS",100,"3107","Kraj Vysočina","CISOB",43,"595721","Chlumětín"
"CS","Odvozená vazba","KRAJ_NUTS",100,"3107","Kraj Vysočina","CISOB",43,"595730","Jabloňov"
"CS","Odvozená vazba","KRAJ_NUTS",100,"3107","Kraj Vysočina","CISOB",43,"595748","Javorek"
"CS","Odvozená vazba","KRAJ_NUTS",100,"3107","Kraj Vysočina","CISOB",43,"595756","Jámy"
"CS","Odvozená vazba","KRAJ_NUTS",100,"3107","Kraj Vysočina","CISOB",43,"595772","Jimramov"
"CS","Odvozená vazba","KRAJ_NUTS",100,"3107","Kraj Vysočina","CISOB",43,"595802","Jívoví"
"CS","Odvozená vazba","KRAJ_NUTS",100,"3107","Kraj Vysočina","CISOB",43,"595811","Kadolec"
"CS","Odvozená vazba","KRAJ_NUTS",100,"3107","Kraj Vysočina","CISOB",43,"595829","Kadov"
"CS","Odvozená vazba","KRAJ_NUTS",100,"3107","Kraj Vysočina","CISOB",43,"595845","Karlov"
"CS","Odvozená vazba","KRAJ_NUTS",100,"3107","Kraj Vysočina","CISOB",43,"595853","Kněževes"
"CS","Odvozená vazba","KRAJ_NUTS",100,"3107","Kraj Vysočina","CISOB",43,"595861","Koroužné"
"CS","Odvozená vazba","KRAJ_NUTS",100,"3107","Kraj Vysočina","CISOB",43,"595870","Kotlasy"
"CS","Odvozená vazba","KRAJ_NUTS",100,"3107","Kraj Vysočina","CISOB",43,"595888","Kozlov"
"CS","Odvozená vazba","KRAJ_NUTS",100,"3107","Kraj Vysočina","CISOB",43,"595896","Krásné"
"CS","Odvozená vazba","KRAJ_NUTS",100,"3107","Kraj Vysočina","CISOB",43,"595900","Krásněves"
"CS","Odvozená vazba","KRAJ_NUTS",100,"3107","Kraj Vysočina","CISOB",43,"595918","Křižánky"
"CS","Odvozená vazba","KRAJ_NUTS",100,"3107","Kraj Vysočina","CISOB",43,"595926","Křižanov"
"CS","Odvozená vazba","KRAJ_NUTS",100,"3107","Kraj Vysočina","CISOB",43,"595951","Křoví"
"CS","Odvozená vazba","KRAJ_NUTS",100,"3107","Kraj Vysočina","CISOB",43,"595969","Kuklík"
"CS","Odvozená vazba","KRAJ_NUTS",100,"3107","Kraj Vysočina","CISOB",43,"595977","Kundratice"
"CS","Odvozená vazba","KRAJ_NUTS",100,"3107","Kraj Vysočina","CISOB",43,"596001","Kyjov"
"CS","Odvozená vazba","KRAJ_NUTS",100,"3107","Kraj Vysočina","CISOB",43,"596019","Lavičky"
"CS","Odvozená vazba","KRAJ_NUTS",100,"3107","Kraj Vysočina","CISOB",43,"596035","Lhotka"
"CS","Odvozená vazba","KRAJ_NUTS",100,"3107","Kraj Vysočina","CISOB",43,"596051","Lísek"
"CS","Odvozená vazba","KRAJ_NUTS",100,"3107","Kraj Vysočina","CISOB",43,"596060","Líšná"
"CS","Odvozená vazba","KRAJ_NUTS",100,"3107","Kraj Vysočina","CISOB",43,"596086","Malá Losenice"
"CS","Odvozená vazba","KRAJ_NUTS",100,"3107","Kraj Vysočina","CISOB",43,"596094","Martinice"
"CS","Odvozená vazba","KRAJ_NUTS",100,"3107","Kraj Vysočina","CISOB",43,"596108","Matějov"
"CS","Odvozená vazba","KRAJ_NUTS",100,"3107","Kraj Vysočina","CISOB",43,"596116","Měřín"
"CS","Odvozená vazba","KRAJ_NUTS",100,"3107","Kraj Vysočina","CISOB",43,"596132","Mirošov"
"CS","Odvozená vazba","KRAJ_NUTS",100,"3107","Kraj Vysočina","CISOB",43,"596141","Moravec"
"CS","Odvozená vazba","KRAJ_NUTS",100,"3107","Kraj Vysočina","CISOB",43,"596159","Moravecké Pavlovice"
"CS","Odvozená vazba","KRAJ_NUTS",100,"3107","Kraj Vysočina","CISOB",43,"596183","Netín"
"CS","Odvozená vazba","KRAJ_NUTS",100,"3107","Kraj Vysočina","CISOB",43,"596205","Nížkov"
"CS","Odvozená vazba","KRAJ_NUTS",100,"3107","Kraj Vysočina","CISOB",43,"596213","Nová Ves"
"CS","Odvozená vazba","KRAJ_NUTS",100,"3107","Kraj Vysočina","CISOB",43,"596221","Nová Ves u Nového Města na Moravě"
"CS","Odvozená vazba","KRAJ_NUTS",100,"3107","Kraj Vysočina","CISOB",43,"596230","Nové Město na Moravě"
"CS","Odvozená vazba","KRAJ_NUTS",100,"3107","Kraj Vysočina","CISOB",43,"596248","Nové Sady"
"CS","Odvozená vazba","KRAJ_NUTS",100,"3107","Kraj Vysočina","CISOB",43,"596256","Nové Veselí"
"CS","Odvozená vazba","KRAJ_NUTS",100,"3107","Kraj Vysočina","CISOB",43,"596264","Nový Jimramov"
"CS","Odvozená vazba","KRAJ_NUTS",100,"3107","Kraj Vysočina","CISOB",43,"596272","Nyklovice"
"CS","Odvozená vazba","KRAJ_NUTS",100,"3107","Kraj Vysočina","CISOB",43,"596281","Obyčtov"
"CS","Odvozená vazba","KRAJ_NUTS",100,"3107","Kraj Vysočina","CISOB",43,"596329","Ořechov"
"CS","Odvozená vazba","KRAJ_NUTS",100,"3107","Kraj Vysočina","CISOB",43,"596337","Oslavice"
"CS","Odvozená vazba","KRAJ_NUTS",100,"3107","Kraj Vysočina","CISOB",43,"596345","Osová Bítýška"
"CS","Odvozená vazba","KRAJ_NUTS",100,"3107","Kraj Vysočina","CISOB",43,"596353","Osové"
"CS","Odvozená vazba","KRAJ_NUTS",100,"3107","Kraj Vysočina","CISOB",43,"596361","Ostrov nad Oslavou"
"CS","Odvozená vazba","KRAJ_NUTS",100,"3107","Kraj Vysočina","CISOB",43,"596370","Otín"
"CS","Odvozená vazba","KRAJ_NUTS",100,"3107","Kraj Vysočina","CISOB",43,"596388","Pavlínov"
"CS","Odvozená vazba","KRAJ_NUTS",100,"3107","Kraj Vysočina","CISOB",43,"596396","Pavlov"
"CS","Odvozená vazba","KRAJ_NUTS",100,"3107","Kraj Vysočina","CISOB",43,"596418","Petráveč"
"CS","Odvozená vazba","KRAJ_NUTS",100,"3107","Kraj Vysočina","CISOB",43,"596434","Písečné"
"CS","Odvozená vazba","KRAJ_NUTS",100,"3107","Kraj Vysočina","CISOB",43,"596442","Počítky"
"CS","Odvozená vazba","KRAJ_NUTS",100,"3107","Kraj Vysočina","CISOB",43,"596451","Poděšín"
"CS","Odvozená vazba","KRAJ_NUTS",100,"3107","Kraj Vysočina","CISOB",43,"596469","Podolí"
"CS","Odvozená vazba","KRAJ_NUTS",100,"3107","Kraj Vysočina","CISOB",43,"596477","Pokojov"
"CS","Odvozená vazba","KRAJ_NUTS",100,"3107","Kraj Vysočina","CISOB",43,"596485","Polnička"
"CS","Odvozená vazba","KRAJ_NUTS",100,"3107","Kraj Vysočina","CISOB",43,"596493","Prosetín"
"CS","Odvozená vazba","KRAJ_NUTS",100,"3107","Kraj Vysočina","CISOB",43,"596507","Račice"
"CS","Odvozená vazba","KRAJ_NUTS",100,"3107","Kraj Vysočina","CISOB",43,"596515","Radenice"
"CS","Odvozená vazba","KRAJ_NUTS",100,"3107","Kraj Vysočina","CISOB",43,"596523","Radešín"
"CS","Odvozená vazba","KRAJ_NUTS",100,"3107","Kraj Vysočina","CISOB",43,"596531","Radešínská Svratka"
"CS","Odvozená vazba","KRAJ_NUTS",100,"3107","Kraj Vysočina","CISOB",43,"596540","Radňoves"
"CS","Odvozená vazba","KRAJ_NUTS",100,"3107","Kraj Vysočina","CISOB",43,"596558","Radňovice"
"CS","Odvozená vazba","KRAJ_NUTS",100,"3107","Kraj Vysočina","CISOB",43,"596566","Radostín"
"CS","Odvozená vazba","KRAJ_NUTS",100,"3107","Kraj Vysočina","CISOB",43,"596574","Radostín nad Oslavou"
"CS","Odvozená vazba","KRAJ_NUTS",100,"3107","Kraj Vysočina","CISOB",43,"596604","Rousměrov"
"CS","Odvozená vazba","KRAJ_NUTS",100,"3107","Kraj Vysočina","CISOB",43,"596612","Rovečné"
"CS","Odvozená vazba","KRAJ_NUTS",100,"3107","Kraj Vysočina","CISOB",43,"596639","Rozseč"
"CS","Odvozená vazba","KRAJ_NUTS",100,"3107","Kraj Vysočina","CISOB",43,"596647","Rozsochy"
"CS","Odvozená vazba","KRAJ_NUTS",100,"3107","Kraj Vysočina","CISOB",43,"596655","Rožná"
"CS","Odvozená vazba","KRAJ_NUTS",100,"3107","Kraj Vysočina","CISOB",43,"596663","Ruda"
"CS","Odvozená vazba","KRAJ_NUTS",100,"3107","Kraj Vysočina","CISOB",43,"596671","Rudolec"
"CS","Odvozená vazba","KRAJ_NUTS",100,"3107","Kraj Vysočina","CISOB",43,"596680","Řečice"
"CS","Odvozená vazba","KRAJ_NUTS",100,"3107","Kraj Vysočina","CISOB",43,"596701","Sázava"
"CS","Odvozená vazba","KRAJ_NUTS",100,"3107","Kraj Vysočina","CISOB",43,"596710","Sejřek"
"CS","Odvozená vazba","KRAJ_NUTS",100,"3107","Kraj Vysočina","CISOB",43,"596728","Sirákov"
"CS","Odvozená vazba","KRAJ_NUTS",100,"3107","Kraj Vysočina","CISOB",43,"596736","Sklené"
"CS","Odvozená vazba","KRAJ_NUTS",100,"3107","Kraj Vysočina","CISOB",43,"596744","Sklené nad Oslavou"
"CS","Odvozená vazba","KRAJ_NUTS",100,"3107","Kraj Vysočina","CISOB",43,"596752","Skorotice"
"CS","Odvozená vazba","KRAJ_NUTS",100,"3107","Kraj Vysočina","CISOB",43,"596761","Skřinářov"
"CS","Odvozená vazba","KRAJ_NUTS",100,"3107","Kraj Vysočina","CISOB",43,"596787","Sněžné"
"CS","Odvozená vazba","KRAJ_NUTS",100,"3107","Kraj Vysočina","CISOB",43,"596795","Spělkov"
"CS","Odvozená vazba","KRAJ_NUTS",100,"3107","Kraj Vysočina","CISOB",43,"596809","Strachujov"
"CS","Odvozená vazba","KRAJ_NUTS",100,"3107","Kraj Vysočina","CISOB",43,"596817","Stránecká Zhoř"
"CS","Odvozená vazba","KRAJ_NUTS",100,"3107","Kraj Vysočina","CISOB",43,"596825","Strážek"
"CS","Odvozená vazba","KRAJ_NUTS",100,"3107","Kraj Vysočina","CISOB",43,"596833","Sulkovec"
"CS","Odvozená vazba","KRAJ_NUTS",100,"3107","Kraj Vysočina","CISOB",43,"596841","Světnov"
"CS","Odvozená vazba","KRAJ_NUTS",100,"3107","Kraj Vysočina","CISOB",43,"596850","Sviny"
"CS","Odvozená vazba","KRAJ_NUTS",100,"3107","Kraj Vysočina","CISOB",43,"596868","Svratka"
"CS","Odvozená vazba","KRAJ_NUTS",100,"3107","Kraj Vysočina","CISOB",43,"596876","Škrdlovice"
"CS","Odvozená vazba","KRAJ_NUTS",100,"3107","Kraj Vysočina","CISOB",43,"596884","Štěpánov nad Svratkou"
"CS","Odvozená vazba","KRAJ_NUTS",100,"3107","Kraj Vysočina","CISOB",43,"596906","Uhřínov"
"CS","Odvozená vazba","KRAJ_NUTS",100,"3107","Kraj Vysočina","CISOB",43,"596914","Ujčov"
"CS","Odvozená vazba","KRAJ_NUTS",100,"3107","Kraj Vysočina","CISOB",43,"596922","Újezd"
"CS","Odvozená vazba","KRAJ_NUTS",100,"3107","Kraj Vysočina","CISOB",43,"596931","Unčín"
"CS","Odvozená vazba","KRAJ_NUTS",100,"3107","Kraj Vysočina","CISOB",43,"596949","Vatín"
"CS","Odvozená vazba","KRAJ_NUTS",100,"3107","Kraj Vysočina","CISOB",43,"596957","Věcov"
"CS","Odvozená vazba","KRAJ_NUTS",100,"3107","Kraj Vysočina","CISOB",43,"596965","Věchnov"
"CS","Odvozená vazba","KRAJ_NUTS",100,"3107","Kraj Vysočina","CISOB",43,"596973","Velká Bíteš"
"CS","Odvozená vazba","KRAJ_NUTS",100,"3107","Kraj Vysočina","CISOB",43,"596981","Velká Losenice"
"CS","Odvozená vazba","KRAJ_NUTS",100,"3107","Kraj Vysočina","CISOB",43,"596990","Velké Janovice"
"CS","Odvozená vazba","KRAJ_NUTS",100,"3107","Kraj Vysočina","CISOB",43,"597007","Velké Meziříčí"
"CS","Odvozená vazba","KRAJ_NUTS",100,"3107","Kraj Vysočina","CISOB",43,"597015","Vepřová"
"CS","Odvozená vazba","KRAJ_NUTS",100,"3107","Kraj Vysočina","CISOB",43,"597031","Věstín"
"CS","Odvozená vazba","KRAJ_NUTS",100,"3107","Kraj Vysočina","CISOB",43,"597040","Věžná"
"CS","Odvozená vazba","KRAJ_NUTS",100,"3107","Kraj Vysočina","CISOB",43,"597058","Vídeň"
"CS","Odvozená vazba","KRAJ_NUTS",100,"3107","Kraj Vysočina","CISOB",43,"597066","Vidonín"
"CS","Odvozená vazba","KRAJ_NUTS",100,"3107","Kraj Vysočina","CISOB",43,"597074","Vír"
"CS","Odvozená vazba","KRAJ_NUTS",100,"3107","Kraj Vysočina","CISOB",43,"597082","Vlkov"
"CS","Odvozená vazba","KRAJ_NUTS",100,"3107","Kraj Vysočina","CISOB",43,"597091","Vojnův Městec"
"CS","Odvozená vazba","KRAJ_NUTS",100,"3107","Kraj Vysočina","CISOB",43,"597112","Záblatí"
"CS","Odvozená vazba","KRAJ_NUTS",100,"3107","Kraj Vysočina","CISOB",43,"597121","Zadní Zhořec"
"CS","Odvozená vazba","KRAJ_NUTS",100,"3107","Kraj Vysočina","CISOB",43,"597139","Znětínek"
"CS","Odvozená vazba","KRAJ_NUTS",100,"3107","Kraj Vysočina","CISOB",43,"597147","Zubří"
"CS","Odvozená vazba","KRAJ_NUTS",100,"3107","Kraj Vysočina","CISOB",43,"597155","Zvole"
"CS","Odvozená vazba","KRAJ_NUTS",100,"3107","Kraj Vysočina","CISOB",43,"597163","Ždánice"
"CS","Odvozená vazba","KRAJ_NUTS",100,"3107","Kraj Vysočina","CISOB",43,"598666","Zlátenka"
"CS","Odvozená vazba","KRAJ_NUTS",100,"3107","Kraj Vysočina","CISOB",43,"598704","Čížkov"
"CS","Odvozená vazba","KRAJ_NUTS",100,"3107","Kraj Vysočina","CISOB",43,"598712","Kojčice"
"CS","Odvozená vazba","KRAJ_NUTS",100,"3107","Kraj Vysočina","CISOB",43,"598721","Libkova Voda"
"CS","Odvozená vazba","KRAJ_NUTS",100,"3107","Kraj Vysočina","CISOB",43,"598755","Putimov"
"CS","Odvozená vazba","KRAJ_NUTS",100,"3107","Kraj Vysočina","CISOB",43,"598763","Svépravice"
"CS","Odvozená vazba","KRAJ_NUTS",100,"3107","Kraj Vysočina","CISOB",43,"598771","Syrov"
"CS","Odvozená vazba","KRAJ_NUTS",100,"3107","Kraj Vysočina","CISOB",43,"599239","Vokov"
"CS","Odvozená vazba","KRAJ_NUTS",100,"3115","Jihomoravský kraj","CISOB",43,"506699","Otmarov"
"CS","Odvozená vazba","KRAJ_NUTS",100,"3115","Jihomoravský kraj","CISOB",43,"513695","Horní Smržov"
"CS","Odvozená vazba","KRAJ_NUTS",100,"3115","Jihomoravský kraj","CISOB",43,"513709","Roubanina"
"CS","Odvozená vazba","KRAJ_NUTS",100,"3115","Jihomoravský kraj","CISOB",43,"530824","Velenov"
"CS","Odvozená vazba","KRAJ_NUTS",100,"3115","Jihomoravský kraj","CISOB",43,"531006","Ludíkov"
"CS","Odvozená vazba","KRAJ_NUTS",100,"3115","Jihomoravský kraj","CISOB",43,"534692","Újezd u Boskovic"
"CS","Odvozená vazba","KRAJ_NUTS",100,"3115","Jihomoravský kraj","CISOB",43,"545295","Skalička"
"CS","Odvozená vazba","KRAJ_NUTS",100,"3115","Jihomoravský kraj","CISOB",43,"545325","Velký Karlov"
"CS","Odvozená vazba","KRAJ_NUTS",100,"3115","Jihomoravský kraj","CISOB",43,"546941","Dobšice"
"CS","Odvozená vazba","KRAJ_NUTS",100,"3115","Jihomoravský kraj","CISOB",43,"549738","Ponětovice"
"CS","Odvozená vazba","KRAJ_NUTS",100,"3115","Jihomoravský kraj","CISOB",43,"549746","Předklášteří"
"CS","Odvozená vazba","KRAJ_NUTS",100,"3115","Jihomoravský kraj","CISOB",43,"549789","Říčky"
"CS","Odvozená vazba","KRAJ_NUTS",100,"3115","Jihomoravský kraj","CISOB",43,"549894","Skryje"
"CS","Odvozená vazba","KRAJ_NUTS",100,"3115","Jihomoravský kraj","CISOB",43,"549908","Újezd u Tišnova"
"CS","Odvozená vazba","KRAJ_NUTS",100,"3115","Jihomoravský kraj","CISOB",43,"550019","Vracovice"
"CS","Odvozená vazba","KRAJ_NUTS",100,"3115","Jihomoravský kraj","CISOB",43,"550051","Plenkovice"
"CS","Odvozená vazba","KRAJ_NUTS",100,"3115","Jihomoravský kraj","CISOB",43,"550078","Přeskače"
"CS","Odvozená vazba","KRAJ_NUTS",100,"3115","Jihomoravský kraj","CISOB",43,"550086","Křídlůvky"
"CS","Odvozená vazba","KRAJ_NUTS",100,"3115","Jihomoravský kraj","CISOB",43,"550108","Kozlany"
"CS","Odvozená vazba","KRAJ_NUTS",100,"3115","Jihomoravský kraj","CISOB",43,"550132","Olšany"
"CS","Odvozená vazba","KRAJ_NUTS",100,"3115","Jihomoravský kraj","CISOB",43,"550141","Medlovice"
"CS","Odvozená vazba","KRAJ_NUTS",100,"3115","Jihomoravský kraj","CISOB",43,"550175","Podomí"
"CS","Odvozená vazba","KRAJ_NUTS",100,"3115","Jihomoravský kraj","CISOB",43,"550191","Uhřice"
"CS","Odvozená vazba","KRAJ_NUTS",100,"3115","Jihomoravský kraj","CISOB",43,"550213","Heršpice"
"CS","Odvozená vazba","KRAJ_NUTS",100,"3115","Jihomoravský kraj","CISOB",43,"550256","Kašnice"
"CS","Odvozená vazba","KRAJ_NUTS",100,"3115","Jihomoravský kraj","CISOB",43,"550272","Cvrčovice"
"CS","Odvozená vazba","KRAJ_NUTS",100,"3115","Jihomoravský kraj","CISOB",43,"550795","Podbřežice"
"CS","Odvozená vazba","KRAJ_NUTS",100,"3115","Jihomoravský kraj","CISOB",43,"550825","Holubice"
"CS","Odvozená vazba","KRAJ_NUTS",100,"3115","Jihomoravský kraj","CISOB",43,"550841","Jiřice u Moravských Budějovic"
"CS","Odvozená vazba","KRAJ_NUTS",100,"3115","Jihomoravský kraj","CISOB",43,"553875","Louka"
"CS","Odvozená vazba","KRAJ_NUTS",100,"3115","Jihomoravský kraj","CISOB",43,"553883","Ústup"
"CS","Odvozená vazba","KRAJ_NUTS",100,"3115","Jihomoravský kraj","CISOB",43,"553972","Rybníček"
"CS","Odvozená vazba","KRAJ_NUTS",100,"3115","Jihomoravský kraj","CISOB",43,"554162","Crhov"
"CS","Odvozená vazba","KRAJ_NUTS",100,"3115","Jihomoravský kraj","CISOB",43,"554898","Rostěnice-Zvonovice"
"CS","Odvozená vazba","KRAJ_NUTS",100,"3115","Jihomoravský kraj","CISOB",43,"555231","Suchohrdly"
"CS","Odvozená vazba","KRAJ_NUTS",100,"3115","Jihomoravský kraj","CISOB",43,"555282","Kurdějov"
"CS","Odvozená vazba","KRAJ_NUTS",100,"3115","Jihomoravský kraj","CISOB",43,"556963","Spešov"
"CS","Odvozená vazba","KRAJ_NUTS",100,"3115","Jihomoravský kraj","CISOB",43,"557048","Mouřínov"
"CS","Odvozená vazba","KRAJ_NUTS",100,"3115","Jihomoravský kraj","CISOB",43,"558443","Ladná"
"CS","Odvozená vazba","KRAJ_NUTS",100,"3115","Jihomoravský kraj","CISOB",43,"581283","Blansko"
"CS","Odvozená vazba","KRAJ_NUTS",100,"3115","Jihomoravský kraj","CISOB",43,"581291","Adamov"
"CS","Odvozená vazba","KRAJ_NUTS",100,"3115","Jihomoravský kraj","CISOB",43,"581313","Bedřichov"
"CS","Odvozená vazba","KRAJ_NUTS",100,"3115","Jihomoravský kraj","CISOB",43,"581321","Běleč"
"CS","Odvozená vazba","KRAJ_NUTS",100,"3115","Jihomoravský kraj","CISOB",43,"581330","Benešov"
"CS","Odvozená vazba","KRAJ_NUTS",100,"3115","Jihomoravský kraj","CISOB",43,"581356","Borotín"
"CS","Odvozená vazba","KRAJ_NUTS",100,"3115","Jihomoravský kraj","CISOB",43,"581364","Bořitov"
"CS","Odvozená vazba","KRAJ_NUTS",100,"3115","Jihomoravský kraj","CISOB",43,"581372","Boskovice"
"CS","Odvozená vazba","KRAJ_NUTS",100,"3115","Jihomoravský kraj","CISOB",43,"581381","Brťov-Jeneč"
"CS","Odvozená vazba","KRAJ_NUTS",100,"3115","Jihomoravský kraj","CISOB",43,"581402","Brumov"
"CS","Odvozená vazba","KRAJ_NUTS",100,"3115","Jihomoravský kraj","CISOB",43,"581429","Březina"
"CS","Odvozená vazba","KRAJ_NUTS",100,"3115","Jihomoravský kraj","CISOB",43,"581437","Bukovice"
"CS","Odvozená vazba","KRAJ_NUTS",100,"3115","Jihomoravský kraj","CISOB",43,"581445","Bukovina"
"CS","Odvozená vazba","KRAJ_NUTS",100,"3115","Jihomoravský kraj","CISOB",43,"581453","Bukovinka"
"CS","Odvozená vazba","KRAJ_NUTS",100,"3115","Jihomoravský kraj","CISOB",43,"581461","Býkovice"
"CS","Odvozená vazba","KRAJ_NUTS",100,"3115","Jihomoravský kraj","CISOB",43,"581470","Cetkovice"
"CS","Odvozená vazba","KRAJ_NUTS",100,"3115","Jihomoravský kraj","CISOB",43,"581496","Černá Hora"
"CS","Odvozená vazba","KRAJ_NUTS",100,"3115","Jihomoravský kraj","CISOB",43,"581500","Černovice"
"CS","Odvozená vazba","KRAJ_NUTS",100,"3115","Jihomoravský kraj","CISOB",43,"581518","Deštná"
"CS","Odvozená vazba","KRAJ_NUTS",100,"3115","Jihomoravský kraj","CISOB",43,"581526","Dlouhá Lhota"
"CS","Odvozená vazba","KRAJ_NUTS",100,"3115","Jihomoravský kraj","CISOB",43,"581534","Chrudichromy"
"CS","Odvozená vazba","KRAJ_NUTS",100,"3115","Jihomoravský kraj","CISOB",43,"581542","Doubravice nad Svitavou"
"CS","Odvozená vazba","KRAJ_NUTS",100,"3115","Jihomoravský kraj","CISOB",43,"581551","Drnovice"
"CS","Odvozená vazba","KRAJ_NUTS",100,"3115","Jihomoravský kraj","CISOB",43,"581569","Habrůvka"
"CS","Odvozená vazba","KRAJ_NUTS",100,"3115","Jihomoravský kraj","CISOB",43,"581577","Hluboké Dvory"
"CS","Odvozená vazba","KRAJ_NUTS",100,"3115","Jihomoravský kraj","CISOB",43,"581593","Hodonín"
"CS","Odvozená vazba","KRAJ_NUTS",100,"3115","Jihomoravský kraj","CISOB",43,"581615","Holštejn"
"CS","Odvozená vazba","KRAJ_NUTS",100,"3115","Jihomoravský kraj","CISOB",43,"581631","Horní Poříčí"
"CS","Odvozená vazba","KRAJ_NUTS",100,"3115","Jihomoravský kraj","CISOB",43,"581666","Jabloňany"
"CS","Odvozená vazba","KRAJ_NUTS",100,"3115","Jihomoravský kraj","CISOB",43,"581682","Jedovnice"
"CS","Odvozená vazba","KRAJ_NUTS",100,"3115","Jihomoravský kraj","CISOB",43,"581721","Kněževes"
"CS","Odvozená vazba","KRAJ_NUTS",100,"3115","Jihomoravský kraj","CISOB",43,"581739","Knínice"
"CS","Odvozená vazba","KRAJ_NUTS",100,"3115","Jihomoravský kraj","CISOB",43,"581755","Kořenec"
"CS","Odvozená vazba","KRAJ_NUTS",100,"3115","Jihomoravský kraj","CISOB",43,"581763","Kotvrdovice"
"CS","Odvozená vazba","KRAJ_NUTS",100,"3115","Jihomoravský kraj","CISOB",43,"581771","Kozárov"
"CS","Odvozená vazba","KRAJ_NUTS",100,"3115","Jihomoravský kraj","CISOB",43,"581780","Krasová"
"CS","Odvozená vazba","KRAJ_NUTS",100,"3115","Jihomoravský kraj","CISOB",43,"581798","Krhov"
"CS","Odvozená vazba","KRAJ_NUTS",100,"3115","Jihomoravský kraj","CISOB",43,"581801","Křetín"
"CS","Odvozená vazba","KRAJ_NUTS",100,"3115","Jihomoravský kraj","CISOB",43,"581810","Křtěnov"
"CS","Odvozená vazba","KRAJ_NUTS",100,"3115","Jihomoravský kraj","CISOB",43,"581828","Křtiny"
"CS","Odvozená vazba","KRAJ_NUTS",100,"3115","Jihomoravský kraj","CISOB",43,"581836","Kulířov"
"CS","Odvozená vazba","KRAJ_NUTS",100,"3115","Jihomoravský kraj","CISOB",43,"581844","Kunčina Ves"
"CS","Odvozená vazba","KRAJ_NUTS",100,"3115","Jihomoravský kraj","CISOB",43,"581852","Kunice"
"CS","Odvozená vazba","KRAJ_NUTS",100,"3115","Jihomoravský kraj","CISOB",43,"581861","Kuničky"
"CS","Odvozená vazba","KRAJ_NUTS",100,"3115","Jihomoravský kraj","CISOB",43,"581879","Kunštát"
"CS","Odvozená vazba","KRAJ_NUTS",100,"3115","Jihomoravský kraj","CISOB",43,"581887","Lazinov"
"CS","Odvozená vazba","KRAJ_NUTS",100,"3115","Jihomoravský kraj","CISOB",43,"581909","Lažany"
"CS","Odvozená vazba","KRAJ_NUTS",100,"3115","Jihomoravský kraj","CISOB",43,"581917","Letovice"
"CS","Odvozená vazba","KRAJ_NUTS",100,"3115","Jihomoravský kraj","CISOB",43,"581925","Lhota Rapotina"
"CS","Odvozená vazba","KRAJ_NUTS",100,"3115","Jihomoravský kraj","CISOB",43,"581933","Lhota u Lysic"
"CS","Odvozená vazba","KRAJ_NUTS",100,"3115","Jihomoravský kraj","CISOB",43,"581941","Lhota u Olešnice"
"CS","Odvozená vazba","KRAJ_NUTS",100,"3115","Jihomoravský kraj","CISOB",43,"581950","Lipovec"
"CS","Odvozená vazba","KRAJ_NUTS",100,"3115","Jihomoravský kraj","CISOB",43,"581968","Lipůvka"
"CS","Odvozená vazba","KRAJ_NUTS",100,"3115","Jihomoravský kraj","CISOB",43,"581976","Lomnice"
"CS","Odvozená vazba","KRAJ_NUTS",100,"3115","Jihomoravský kraj","CISOB",43,"581992","Lubě"
"CS","Odvozená vazba","KRAJ_NUTS",100,"3115","Jihomoravský kraj","CISOB",43,"582018","Lysice"
"CS","Odvozená vazba","KRAJ_NUTS",100,"3115","Jihomoravský kraj","CISOB",43,"582026","Makov"
"CS","Odvozená vazba","KRAJ_NUTS",100,"3115","Jihomoravský kraj","CISOB",43,"582034","Malá Lhota"
"CS","Odvozená vazba","KRAJ_NUTS",100,"3115","Jihomoravský kraj","CISOB",43,"582042","Malá Roudka"
"CS","Odvozená vazba","KRAJ_NUTS",100,"3115","Jihomoravský kraj","CISOB",43,"582069","Míchov"
"CS","Odvozená vazba","KRAJ_NUTS",100,"3115","Jihomoravský kraj","CISOB",43,"582077","Milonice"
"CS","Odvozená vazba","KRAJ_NUTS",100,"3115","Jihomoravský kraj","CISOB",43,"582085","Němčice"
"CS","Odvozená vazba","KRAJ_NUTS",100,"3115","Jihomoravský kraj","CISOB",43,"582107","Nýrov"
"CS","Odvozená vazba","KRAJ_NUTS",100,"3115","Jihomoravský kraj","CISOB",43,"582115","Obora"
"CS","Odvozená vazba","KRAJ_NUTS",100,"3115","Jihomoravský kraj","CISOB",43,"582123","Ochoz u Tišnova"
"CS","Odvozená vazba","KRAJ_NUTS",100,"3115","Jihomoravský kraj","CISOB",43,"582131","Okrouhlá"
"CS","Odvozená vazba","KRAJ_NUTS",100,"3115","Jihomoravský kraj","CISOB",43,"582158","Olešnice"
"CS","Odvozená vazba","KRAJ_NUTS",100,"3115","Jihomoravský kraj","CISOB",43,"582166","Olomučany"
"CS","Odvozená vazba","KRAJ_NUTS",100,"3115","Jihomoravský kraj","CISOB",43,"582174","Osiky"
"CS","Odvozená vazba","KRAJ_NUTS",100,"3115","Jihomoravský kraj","CISOB",43,"582182","Ostrov u Macochy"
"CS","Odvozená vazba","KRAJ_NUTS",100,"3115","Jihomoravský kraj","CISOB",43,"582191","Pamětice"
"CS","Odvozená vazba","KRAJ_NUTS",100,"3115","Jihomoravský kraj","CISOB",43,"582204","Petrov"
"CS","Odvozená vazba","KRAJ_NUTS",100,"3115","Jihomoravský kraj","CISOB",43,"582212","Petrovice"
"CS","Odvozená vazba","KRAJ_NUTS",100,"3115","Jihomoravský kraj","CISOB",43,"582221","Prostřední Poříčí"
"CS","Odvozená vazba","KRAJ_NUTS",100,"3115","Jihomoravský kraj","CISOB",43,"582239","Rájec-Jestřebí"
"CS","Odvozená vazba","KRAJ_NUTS",100,"3115","Jihomoravský kraj","CISOB",43,"582247","Ráječko"
"CS","Odvozená vazba","KRAJ_NUTS",100,"3115","Jihomoravský kraj","CISOB",43,"582255","Rašov"
"CS","Odvozená vazba","KRAJ_NUTS",100,"3115","Jihomoravský kraj","CISOB",43,"582263","Rohozec"
"CS","Odvozená vazba","KRAJ_NUTS",100,"3115","Jihomoravský kraj","CISOB",43,"582271","Rozseč nad Kunštátem"
"CS","Odvozená vazba","KRAJ_NUTS",100,"3115","Jihomoravský kraj","CISOB",43,"582280","Rozsíčka"
"CS","Odvozená vazba","KRAJ_NUTS",100,"3115","Jihomoravský kraj","CISOB",43,"582298","Rudice"
"CS","Odvozená vazba","KRAJ_NUTS",100,"3115","Jihomoravský kraj","CISOB",43,"582310","Sebranice"
"CS","Odvozená vazba","KRAJ_NUTS",100,"3115","Jihomoravský kraj","CISOB",43,"582328","Senetářov"
"CS","Odvozená vazba","KRAJ_NUTS",100,"3115","Jihomoravský kraj","CISOB",43,"582336","Skalice nad Svitavou"
"CS","Odvozená vazba","KRAJ_NUTS",100,"3115","Jihomoravský kraj","CISOB",43,"582344","Skrchov"
"CS","Odvozená vazba","KRAJ_NUTS",100,"3115","Jihomoravský kraj","CISOB",43,"582352","Sloup"
"CS","Odvozená vazba","KRAJ_NUTS",100,"3115","Jihomoravský kraj","CISOB",43,"582379","Strhaře"
"CS","Odvozená vazba","KRAJ_NUTS",100,"3115","Jihomoravský kraj","CISOB",43,"582395","Sudice"
"CS","Odvozená vazba","KRAJ_NUTS",100,"3115","Jihomoravský kraj","CISOB",43,"582409","Suchý"
"CS","Odvozená vazba","KRAJ_NUTS",100,"3115","Jihomoravský kraj","CISOB",43,"582417","Sulíkov"
"CS","Odvozená vazba","KRAJ_NUTS",100,"3115","Jihomoravský kraj","CISOB",43,"582433","Svinošice"
"CS","Odvozená vazba","KRAJ_NUTS",100,"3115","Jihomoravský kraj","CISOB",43,"582441","Svitávka"
"CS","Odvozená vazba","KRAJ_NUTS",100,"3115","Jihomoravský kraj","CISOB",43,"582450","Synalov"
"CS","Odvozená vazba","KRAJ_NUTS",100,"3115","Jihomoravský kraj","CISOB",43,"582468","Šebetov"
"CS","Odvozená vazba","KRAJ_NUTS",100,"3115","Jihomoravský kraj","CISOB",43,"582476","Šebrov-Kateřina"
"CS","Odvozená vazba","KRAJ_NUTS",100,"3115","Jihomoravský kraj","CISOB",43,"582484","Šošůvka"
"CS","Odvozená vazba","KRAJ_NUTS",100,"3115","Jihomoravský kraj","CISOB",43,"582492","Štěchov"
"CS","Odvozená vazba","KRAJ_NUTS",100,"3115","Jihomoravský kraj","CISOB",43,"582506","Tasovice"
"CS","Odvozená vazba","KRAJ_NUTS",100,"3115","Jihomoravský kraj","CISOB",43,"582531","Uhřice"
"CS","Odvozená vazba","KRAJ_NUTS",100,"3115","Jihomoravský kraj","CISOB",43,"582557","Újezd u Černé Hory"
"CS","Odvozená vazba","KRAJ_NUTS",100,"3115","Jihomoravský kraj","CISOB",43,"582565","Unín"
"CS","Odvozená vazba","KRAJ_NUTS",100,"3115","Jihomoravský kraj","CISOB",43,"582573","Úsobrno"
"CS","Odvozená vazba","KRAJ_NUTS",100,"3115","Jihomoravský kraj","CISOB",43,"582581","Valchov"
"CS","Odvozená vazba","KRAJ_NUTS",100,"3115","Jihomoravský kraj","CISOB",43,"582590","Vanovice"
"CS","Odvozená vazba","KRAJ_NUTS",100,"3115","Jihomoravský kraj","CISOB",43,"582603","Vavřinec"
"CS","Odvozená vazba","KRAJ_NUTS",100,"3115","Jihomoravský kraj","CISOB",43,"582611","Vážany"
"CS","Odvozená vazba","KRAJ_NUTS",100,"3115","Jihomoravský kraj","CISOB",43,"582620","Stvolová"
"CS","Odvozená vazba","KRAJ_NUTS",100,"3115","Jihomoravský kraj","CISOB",43,"582646","Velké Opatovice"
"CS","Odvozená vazba","KRAJ_NUTS",100,"3115","Jihomoravský kraj","CISOB",43,"582654","Vilémovice"
"CS","Odvozená vazba","KRAJ_NUTS",100,"3115","Jihomoravský kraj","CISOB",43,"582662","Vísky"
"CS","Odvozená vazba","KRAJ_NUTS",100,"3115","Jihomoravský kraj","CISOB",43,"582671","Voděrady"
"CS","Odvozená vazba","KRAJ_NUTS",100,"3115","Jihomoravský kraj","CISOB",43,"582689","Vranová"
"CS","Odvozená vazba","KRAJ_NUTS",100,"3115","Jihomoravský kraj","CISOB",43,"582701","Vysočany"
"CS","Odvozená vazba","KRAJ_NUTS",100,"3115","Jihomoravský kraj","CISOB",43,"582727","Zbraslavec"
"CS","Odvozená vazba","KRAJ_NUTS",100,"3115","Jihomoravský kraj","CISOB",43,"582735","Zhoř"
"CS","Odvozená vazba","KRAJ_NUTS",100,"3115","Jihomoravský kraj","CISOB",43,"582743","Žďár"
"CS","Odvozená vazba","KRAJ_NUTS",100,"3115","Jihomoravský kraj","CISOB",43,"582751","Žďárná"
"CS","Odvozená vazba","KRAJ_NUTS",100,"3115","Jihomoravský kraj","CISOB",43,"582760","Žernovník"
"CS","Odvozená vazba","KRAJ_NUTS",100,"3115","Jihomoravský kraj","CISOB",43,"582778","Žerůtky"
"CS","Odvozená vazba","KRAJ_NUTS",100,"3115","Jihomoravský kraj","CISOB",43,"582786","Brno"
"CS","Odvozená vazba","KRAJ_NUTS",100,"3115","Jihomoravský kraj","CISOB",43,"582794","Babice nad Svitavou"
"CS","Odvozená vazba","KRAJ_NUTS",100,"3115","Jihomoravský kraj","CISOB",43,"582808","Babice u Rosic"
"CS","Odvozená vazba","KRAJ_NUTS",100,"3115","Jihomoravský kraj","CISOB",43,"582824","Bílovice nad Svitavou"
"CS","Odvozená vazba","KRAJ_NUTS",100,"3115","Jihomoravský kraj","CISOB",43,"582832","Biskoupky"
"CS","Odvozená vazba","KRAJ_NUTS",100,"3115","Jihomoravský kraj","CISOB",43,"582841","Blažovice"
"CS","Odvozená vazba","KRAJ_NUTS",100,"3115","Jihomoravský kraj","CISOB",43,"582859","Blučina"
"CS","Odvozená vazba","KRAJ_NUTS",100,"3115","Jihomoravský kraj","CISOB",43,"582875","Braníškov"
"CS","Odvozená vazba","KRAJ_NUTS",100,"3115","Jihomoravský kraj","CISOB",43,"582883","Bratčice"
"CS","Odvozená vazba","KRAJ_NUTS",100,"3115","Jihomoravský kraj","CISOB",43,"582891","Březina"
"CS","Odvozená vazba","KRAJ_NUTS",100,"3115","Jihomoravský kraj","CISOB",43,"582913","Čebín"
"CS","Odvozená vazba","KRAJ_NUTS",100,"3115","Jihomoravský kraj","CISOB",43,"582921","Česká"
"CS","Odvozená vazba","KRAJ_NUTS",100,"3115","Jihomoravský kraj","CISOB",43,"582930","Čučice"
"CS","Odvozená vazba","KRAJ_NUTS",100,"3115","Jihomoravský kraj","CISOB",43,"582948","Deblín"
"CS","Odvozená vazba","KRAJ_NUTS",100,"3115","Jihomoravský kraj","CISOB",43,"582956","Dolní Kounice"
"CS","Odvozená vazba","KRAJ_NUTS",100,"3115","Jihomoravský kraj","CISOB",43,"582964","Domašov"
"CS","Odvozená vazba","KRAJ_NUTS",100,"3115","Jihomoravský kraj","CISOB",43,"582972","Drásov"
"CS","Odvozená vazba","KRAJ_NUTS",100,"3115","Jihomoravský kraj","CISOB",43,"582999","Hajany"
"CS","Odvozená vazba","KRAJ_NUTS",100,"3115","Jihomoravský kraj","CISOB",43,"583014","Heroltice"
"CS","Odvozená vazba","KRAJ_NUTS",100,"3115","Jihomoravský kraj","CISOB",43,"583022","Hlína"
"CS","Odvozená vazba","KRAJ_NUTS",100,"3115","Jihomoravský kraj","CISOB",43,"583031","Holasice"
"CS","Odvozená vazba","KRAJ_NUTS",100,"3115","Jihomoravský kraj","CISOB",43,"583057","Hostěnice"
"CS","Odvozená vazba","KRAJ_NUTS",100,"3115","Jihomoravský kraj","CISOB",43,"583065","Hradčany"
"CS","Odvozená vazba","KRAJ_NUTS",100,"3115","Jihomoravský kraj","CISOB",43,"583081","Hrušovany u Brna"
"CS","Odvozená vazba","KRAJ_NUTS",100,"3115","Jihomoravský kraj","CISOB",43,"583090","Hvozdec"
"CS","Odvozená vazba","KRAJ_NUTS",100,"3115","Jihomoravský kraj","CISOB",43,"583111","Chudčice"
"CS","Odvozená vazba","KRAJ_NUTS",100,"3115","Jihomoravský kraj","CISOB",43,"583120","Ivančice"
"CS","Odvozená vazba","KRAJ_NUTS",100,"3115","Jihomoravský kraj","CISOB",43,"583154","Javůrek"
"CS","Odvozená vazba","KRAJ_NUTS",100,"3115","Jihomoravský kraj","CISOB",43,"583171","Jinačovice"
"CS","Odvozená vazba","KRAJ_NUTS",100,"3115","Jihomoravský kraj","CISOB",43,"583189","Jiříkovice"
"CS","Odvozená vazba","KRAJ_NUTS",100,"3115","Jihomoravský kraj","CISOB",43,"583197","Kanice"
"CS","Odvozená vazba","KRAJ_NUTS",100,"3115","Jihomoravský kraj","CISOB",43,"583201","Ketkovice"
"CS","Odvozená vazba","KRAJ_NUTS",100,"3115","Jihomoravský kraj","CISOB",43,"583219","Kobylnice"
"CS","Odvozená vazba","KRAJ_NUTS",100,"3115","Jihomoravský kraj","CISOB",43,"583227","Kovalovice"
"CS","Odvozená vazba","KRAJ_NUTS",100,"3115","Jihomoravský kraj","CISOB",43,"583235","Kratochvilka"
"CS","Odvozená vazba","KRAJ_NUTS",100,"3115","Jihomoravský kraj","CISOB",43,"583243","Kupařovice"
"CS","Odvozená vazba","KRAJ_NUTS",100,"3115","Jihomoravský kraj","CISOB",43,"583251","Kuřim"
"CS","Odvozená vazba","KRAJ_NUTS",100,"3115","Jihomoravský kraj","CISOB",43,"583260","Lažánky"
"CS","Odvozená vazba","KRAJ_NUTS",100,"3115","Jihomoravský kraj","CISOB",43,"583278","Ledce"
"CS","Odvozená vazba","KRAJ_NUTS",100,"3115","Jihomoravský kraj","CISOB",43,"583286","Lelekovice"
"CS","Odvozená vazba","KRAJ_NUTS",100,"3115","Jihomoravský kraj","CISOB",43,"583294","Lesní Hluboké"
"CS","Odvozená vazba","KRAJ_NUTS",100,"3115","Jihomoravský kraj","CISOB",43,"583308","Litostrov"
"CS","Odvozená vazba","KRAJ_NUTS",100,"3115","Jihomoravský kraj","CISOB",43,"583316","Lomnička"
"CS","Odvozená vazba","KRAJ_NUTS",100,"3115","Jihomoravský kraj","CISOB",43,"583324","Lukovany"
"CS","Odvozená vazba","KRAJ_NUTS",100,"3115","Jihomoravský kraj","CISOB",43,"583332","Malešovice"
"CS","Odvozená vazba","KRAJ_NUTS",100,"3115","Jihomoravský kraj","CISOB",43,"583341","Malhostovice"
"CS","Odvozená vazba","KRAJ_NUTS",100,"3115","Jihomoravský kraj","CISOB",43,"583359","Maršov"
"CS","Odvozená vazba","KRAJ_NUTS",100,"3115","Jihomoravský kraj","CISOB",43,"583367","Medlov"
"CS","Odvozená vazba","KRAJ_NUTS",100,"3115","Jihomoravský kraj","CISOB",43,"583375","Mělčany"
"CS","Odvozená vazba","KRAJ_NUTS",100,"3115","Jihomoravský kraj","CISOB",43,"583383","Měnín"
"CS","Odvozená vazba","KRAJ_NUTS",100,"3115","Jihomoravský kraj","CISOB",43,"583391","Modřice"
"CS","Odvozená vazba","KRAJ_NUTS",100,"3115","Jihomoravský kraj","CISOB",43,"583405","Mokrá-Horákov"
"CS","Odvozená vazba","KRAJ_NUTS",100,"3115","Jihomoravský kraj","CISOB",43,"583413","Moravany"
"CS","Odvozená vazba","KRAJ_NUTS",100,"3115","Jihomoravský kraj","CISOB",43,"583421","Moravské Bránice"
"CS","Odvozená vazba","KRAJ_NUTS",100,"3115","Jihomoravský kraj","CISOB",43,"583430","Moravské Knínice"
"CS","Odvozená vazba","KRAJ_NUTS",100,"3115","Jihomoravský kraj","CISOB",43,"583448","Moutnice"
"CS","Odvozená vazba","KRAJ_NUTS",100,"3115","Jihomoravský kraj","CISOB",43,"583456","Nebovidy"
"CS","Odvozená vazba","KRAJ_NUTS",100,"3115","Jihomoravský kraj","CISOB",43,"583464","Nelepeč-Žernůvka"
"CS","Odvozená vazba","KRAJ_NUTS",100,"3115","Jihomoravský kraj","CISOB",43,"583472","Němčičky"
"CS","Odvozená vazba","KRAJ_NUTS",100,"3115","Jihomoravský kraj","CISOB",43,"583481","Neslovice"
"CS","Odvozená vazba","KRAJ_NUTS",100,"3115","Jihomoravský kraj","CISOB",43,"583499","Nesvačilka"
"CS","Odvozená vazba","KRAJ_NUTS",100,"3115","Jihomoravský kraj","CISOB",43,"583502","Nová Ves"
"CS","Odvozená vazba","KRAJ_NUTS",100,"3115","Jihomoravský kraj","CISOB",43,"583511","Nové Bránice"
"CS","Odvozená vazba","KRAJ_NUTS",100,"3115","Jihomoravský kraj","CISOB",43,"583529","Odrovice"
"CS","Odvozená vazba","KRAJ_NUTS",100,"3115","Jihomoravský kraj","CISOB",43,"583537","Ochoz u Brna"
"CS","Odvozená vazba","KRAJ_NUTS",100,"3115","Jihomoravský kraj","CISOB",43,"583545","Omice"
"CS","Odvozená vazba","KRAJ_NUTS",100,"3115","Jihomoravský kraj","CISOB",43,"583553","Opatovice"
"CS","Odvozená vazba","KRAJ_NUTS",100,"3115","Jihomoravský kraj","CISOB",43,"583561","Ořechov"
"CS","Odvozená vazba","KRAJ_NUTS",100,"3115","Jihomoravský kraj","CISOB",43,"583588","Oslavany"
"CS","Odvozená vazba","KRAJ_NUTS",100,"3115","Jihomoravský kraj","CISOB",43,"583596","Ostopovice"
"CS","Odvozená vazba","KRAJ_NUTS",100,"3115","Jihomoravský kraj","CISOB",43,"583600","Ostrovačice"
"CS","Odvozená vazba","KRAJ_NUTS",100,"3115","Jihomoravský kraj","CISOB",43,"583634","Podolí"
"CS","Odvozená vazba","KRAJ_NUTS",100,"3115","Jihomoravský kraj","CISOB",43,"583651","Popovice"
"CS","Odvozená vazba","KRAJ_NUTS",100,"3115","Jihomoravský kraj","CISOB",43,"583669","Popůvky"
"CS","Odvozená vazba","KRAJ_NUTS",100,"3115","Jihomoravský kraj","CISOB",43,"583677","Pozořice"
"CS","Odvozená vazba","KRAJ_NUTS",100,"3115","Jihomoravský kraj","CISOB",43,"583685","Prace"
"CS","Odvozená vazba","KRAJ_NUTS",100,"3115","Jihomoravský kraj","CISOB",43,"583693","Pravlov"
"CS","Odvozená vazba","KRAJ_NUTS",100,"3115","Jihomoravský kraj","CISOB",43,"583707","Prštice"
"CS","Odvozená vazba","KRAJ_NUTS",100,"3115","Jihomoravský kraj","CISOB",43,"583715","Příbram na Moravě"
"CS","Odvozená vazba","KRAJ_NUTS",100,"3115","Jihomoravský kraj","CISOB",43,"583723","Přibyslavice"
"CS","Odvozená vazba","KRAJ_NUTS",100,"3115","Jihomoravský kraj","CISOB",43,"583731","Přísnotice"
"CS","Odvozená vazba","KRAJ_NUTS",100,"3115","Jihomoravský kraj","CISOB",43,"583740","Radostice"
"CS","Odvozená vazba","KRAJ_NUTS",100,"3115","Jihomoravský kraj","CISOB",43,"583758","Rajhrad"
"CS","Odvozená vazba","KRAJ_NUTS",100,"3115","Jihomoravský kraj","CISOB",43,"583766","Rajhradice"
"CS","Odvozená vazba","KRAJ_NUTS",100,"3115","Jihomoravský kraj","CISOB",43,"583774","Rebešovice"
"CS","Odvozená vazba","KRAJ_NUTS",100,"3115","Jihomoravský kraj","CISOB",43,"583782","Rosice"
"CS","Odvozená vazba","KRAJ_NUTS",100,"3115","Jihomoravský kraj","CISOB",43,"583791","Rozdrojovice"
"CS","Odvozená vazba","KRAJ_NUTS",100,"3115","Jihomoravský kraj","CISOB",43,"583804","Rudka"
"CS","Odvozená vazba","KRAJ_NUTS",100,"3115","Jihomoravský kraj","CISOB",43,"583821","Řícmanice"
"CS","Odvozená vazba","KRAJ_NUTS",100,"3115","Jihomoravský kraj","CISOB",43,"583839","Říčany"
"CS","Odvozená vazba","KRAJ_NUTS",100,"3115","Jihomoravský kraj","CISOB",43,"583847","Sentice"
"CS","Odvozená vazba","KRAJ_NUTS",100,"3115","Jihomoravský kraj","CISOB",43,"583855","Silůvky"
"CS","Odvozená vazba","KRAJ_NUTS",100,"3115","Jihomoravský kraj","CISOB",43,"583863","Sivice"
"CS","Odvozená vazba","KRAJ_NUTS",100,"3115","Jihomoravský kraj","CISOB",43,"583880","Sobotovice"
"CS","Odvozená vazba","KRAJ_NUTS",100,"3115","Jihomoravský kraj","CISOB",43,"583898","Sokolnice"
"CS","Odvozená vazba","KRAJ_NUTS",100,"3115","Jihomoravský kraj","CISOB",43,"583901","Stanoviště"
"CS","Odvozená vazba","KRAJ_NUTS",100,"3115","Jihomoravský kraj","CISOB",43,"583910","Střelice"
"CS","Odvozená vazba","KRAJ_NUTS",100,"3115","Jihomoravský kraj","CISOB",43,"583928","Svatoslav"
"CS","Odvozená vazba","KRAJ_NUTS",100,"3115","Jihomoravský kraj","CISOB",43,"583936","Syrovice"
"CS","Odvozená vazba","KRAJ_NUTS",100,"3115","Jihomoravský kraj","CISOB",43,"583944","Šerkovice"
"CS","Odvozená vazba","KRAJ_NUTS",100,"3115","Jihomoravský kraj","CISOB",43,"583952","Šlapanice"
"CS","Odvozená vazba","KRAJ_NUTS",100,"3115","Jihomoravský kraj","CISOB",43,"583961","Štěpánovice"
"CS","Odvozená vazba","KRAJ_NUTS",100,"3115","Jihomoravský kraj","CISOB",43,"583979","Telnice"
"CS","Odvozená vazba","KRAJ_NUTS",100,"3115","Jihomoravský kraj","CISOB",43,"583987","Tetčice"
"CS","Odvozená vazba","KRAJ_NUTS",100,"3115","Jihomoravský kraj","CISOB",43,"583995","Těšany"
"CS","Odvozená vazba","KRAJ_NUTS",100,"3115","Jihomoravský kraj","CISOB",43,"584002","Tišnov"
"CS","Odvozená vazba","KRAJ_NUTS",100,"3115","Jihomoravský kraj","CISOB",43,"584011","Trboušany"
"CS","Odvozená vazba","KRAJ_NUTS",100,"3115","Jihomoravský kraj","CISOB",43,"584029","Troubsko"
"CS","Odvozená vazba","KRAJ_NUTS",100,"3115","Jihomoravský kraj","CISOB",43,"584037","Tvarožná"
"CS","Odvozená vazba","KRAJ_NUTS",100,"3115","Jihomoravský kraj","CISOB",43,"584045","Újezd u Brna"
"CS","Odvozená vazba","KRAJ_NUTS",100,"3115","Jihomoravský kraj","CISOB",43,"584053","Újezd u Rosic"
"CS","Odvozená vazba","KRAJ_NUTS",100,"3115","Jihomoravský kraj","CISOB",43,"584061","Unkovice"
"CS","Odvozená vazba","KRAJ_NUTS",100,"3115","Jihomoravský kraj","CISOB",43,"584070","Úsuší"
"CS","Odvozená vazba","KRAJ_NUTS",100,"3115","Jihomoravský kraj","CISOB",43,"584096","Velatice"
"CS","Odvozená vazba","KRAJ_NUTS",100,"3115","Jihomoravský kraj","CISOB",43,"584100","Veverská Bítýška"
"CS","Odvozená vazba","KRAJ_NUTS",100,"3115","Jihomoravský kraj","CISOB",43,"584118","Veverské Knínice"
"CS","Odvozená vazba","KRAJ_NUTS",100,"3115","Jihomoravský kraj","CISOB",43,"584126","Viničné Šumice"
"CS","Odvozená vazba","KRAJ_NUTS",100,"3115","Jihomoravský kraj","CISOB",43,"584134","Vohančice"
"CS","Odvozená vazba","KRAJ_NUTS",100,"3115","Jihomoravský kraj","CISOB",43,"584142","Vojkovice"
"CS","Odvozená vazba","KRAJ_NUTS",100,"3115","Jihomoravský kraj","CISOB",43,"584151","Vranov"
"CS","Odvozená vazba","KRAJ_NUTS",100,"3115","Jihomoravský kraj","CISOB",43,"584169","Všechovice"
"CS","Odvozená vazba","KRAJ_NUTS",100,"3115","Jihomoravský kraj","CISOB",43,"584177","Vysoké Popovice"
"CS","Odvozená vazba","KRAJ_NUTS",100,"3115","Jihomoravský kraj","CISOB",43,"584185","Zakřany"
"CS","Odvozená vazba","KRAJ_NUTS",100,"3115","Jihomoravský kraj","CISOB",43,"584193","Zálesná Zhoř"
"CS","Odvozená vazba","KRAJ_NUTS",100,"3115","Jihomoravský kraj","CISOB",43,"584207","Zastávka"
"CS","Odvozená vazba","KRAJ_NUTS",100,"3115","Jihomoravský kraj","CISOB",43,"584215","Zbraslav"
"CS","Odvozená vazba","KRAJ_NUTS",100,"3115","Jihomoravský kraj","CISOB",43,"584223","Zbýšov"
"CS","Odvozená vazba","KRAJ_NUTS",100,"3115","Jihomoravský kraj","CISOB",43,"584231","Žabčice"
"CS","Odvozená vazba","KRAJ_NUTS",100,"3115","Jihomoravský kraj","CISOB",43,"584240","Žatčany"
"CS","Odvozená vazba","KRAJ_NUTS",100,"3115","Jihomoravský kraj","CISOB",43,"584266","Želešice"
"CS","Odvozená vazba","KRAJ_NUTS",100,"3115","Jihomoravský kraj","CISOB",43,"584274","Železné"
"CS","Odvozená vazba","KRAJ_NUTS",100,"3115","Jihomoravský kraj","CISOB",43,"584282","Židlochovice"
"CS","Odvozená vazba","KRAJ_NUTS",100,"3115","Jihomoravský kraj","CISOB",43,"584291","Břeclav"
"CS","Odvozená vazba","KRAJ_NUTS",100,"3115","Jihomoravský kraj","CISOB",43,"584304","Bavory"
"CS","Odvozená vazba","KRAJ_NUTS",100,"3115","Jihomoravský kraj","CISOB",43,"584321","Boleradice"
"CS","Odvozená vazba","KRAJ_NUTS",100,"3115","Jihomoravský kraj","CISOB",43,"584339","Borkovany"
"CS","Odvozená vazba","KRAJ_NUTS",100,"3115","Jihomoravský kraj","CISOB",43,"584347","Bořetice"
"CS","Odvozená vazba","KRAJ_NUTS",100,"3115","Jihomoravský kraj","CISOB",43,"584355","Brod nad Dyjí"
"CS","Odvozená vazba","KRAJ_NUTS",100,"3115","Jihomoravský kraj","CISOB",43,"584363","Brumovice"
"CS","Odvozená vazba","KRAJ_NUTS",100,"3115","Jihomoravský kraj","CISOB",43,"584371","Březí"
"CS","Odvozená vazba","KRAJ_NUTS",100,"3115","Jihomoravský kraj","CISOB",43,"584380","Bulhary"
"CS","Odvozená vazba","KRAJ_NUTS",100,"3115","Jihomoravský kraj","CISOB",43,"584401","Diváky"
"CS","Odvozená vazba","KRAJ_NUTS",100,"3115","Jihomoravský kraj","CISOB",43,"584410","Dobré Pole"
"CS","Odvozená vazba","KRAJ_NUTS",100,"3115","Jihomoravský kraj","CISOB",43,"584428","Dolní Dunajovice"
"CS","Odvozená vazba","KRAJ_NUTS",100,"3115","Jihomoravský kraj","CISOB",43,"584436","Dolní Věstonice"
"CS","Odvozená vazba","KRAJ_NUTS",100,"3115","Jihomoravský kraj","CISOB",43,"584444","Drnholec"
"CS","Odvozená vazba","KRAJ_NUTS",100,"3115","Jihomoravský kraj","CISOB",43,"584452","Hlohovec"
"CS","Odvozená vazba","KRAJ_NUTS",100,"3115","Jihomoravský kraj","CISOB",43,"584461","Horní Bojanovice"
"CS","Odvozená vazba","KRAJ_NUTS",100,"3115","Jihomoravský kraj","CISOB",43,"584479","Horní Věstonice"
"CS","Odvozená vazba","KRAJ_NUTS",100,"3115","Jihomoravský kraj","CISOB",43,"584487","Hrušky"
"CS","Odvozená vazba","KRAJ_NUTS",100,"3115","Jihomoravský kraj","CISOB",43,"584495","Hustopeče"
"CS","Odvozená vazba","KRAJ_NUTS",100,"3115","Jihomoravský kraj","CISOB",43,"584517","Ivaň"
"CS","Odvozená vazba","KRAJ_NUTS",100,"3115","Jihomoravský kraj","CISOB",43,"584525","Jevišovka"
"CS","Odvozená vazba","KRAJ_NUTS",100,"3115","Jihomoravský kraj","CISOB",43,"584541","Klentnice"
"CS","Odvozená vazba","KRAJ_NUTS",100,"3115","Jihomoravský kraj","CISOB",43,"584550","Klobouky u Brna"
"CS","Odvozená vazba","KRAJ_NUTS",100,"3115","Jihomoravský kraj","CISOB",43,"584568","Kobylí"
"CS","Odvozená vazba","KRAJ_NUTS",100,"3115","Jihomoravský kraj","CISOB",43,"584576","Kostice"
"CS","Odvozená vazba","KRAJ_NUTS",100,"3115","Jihomoravský kraj","CISOB",43,"584584","Krumvíř"
"CS","Odvozená vazba","KRAJ_NUTS",100,"3115","Jihomoravský kraj","CISOB",43,"584592","Křepice"
"CS","Odvozená vazba","KRAJ_NUTS",100,"3115","Jihomoravský kraj","CISOB",43,"584622","Lanžhot"
"CS","Odvozená vazba","KRAJ_NUTS",100,"3115","Jihomoravský kraj","CISOB",43,"584631","Lednice"
"CS","Odvozená vazba","KRAJ_NUTS",100,"3115","Jihomoravský kraj","CISOB",43,"584649","Mikulov"
"CS","Odvozená vazba","KRAJ_NUTS",100,"3115","Jihomoravský kraj","CISOB",43,"584657","Milovice"
"CS","Odvozená vazba","KRAJ_NUTS",100,"3115","Jihomoravský kraj","CISOB",43,"584665","Moravská Nová Ves"
"CS","Odvozená vazba","KRAJ_NUTS",100,"3115","Jihomoravský kraj","CISOB",43,"584673","Moravský Žižkov"
"CS","Odvozená vazba","KRAJ_NUTS",100,"3115","Jihomoravský kraj","CISOB",43,"584681","Morkůvky"
"CS","Odvozená vazba","KRAJ_NUTS",100,"3115","Jihomoravský kraj","CISOB",43,"584703","Němčičky"
"CS","Odvozená vazba","KRAJ_NUTS",100,"3115","Jihomoravský kraj","CISOB",43,"584711","Nikolčice"
"CS","Odvozená vazba","KRAJ_NUTS",100,"3115","Jihomoravský kraj","CISOB",43,"584720","Nosislav"
"CS","Odvozená vazba","KRAJ_NUTS",100,"3115","Jihomoravský kraj","CISOB",43,"584746","Novosedly"
"CS","Odvozená vazba","KRAJ_NUTS",100,"3115","Jihomoravský kraj","CISOB",43,"584754","Nový Přerov"
"CS","Odvozená vazba","KRAJ_NUTS",100,"3115","Jihomoravský kraj","CISOB",43,"584762","Pasohlávky"
"CS","Odvozená vazba","KRAJ_NUTS",100,"3115","Jihomoravský kraj","CISOB",43,"584771","Pavlov"
"CS","Odvozená vazba","KRAJ_NUTS",100,"3115","Jihomoravský kraj","CISOB",43,"584789","Perná"
"CS","Odvozená vazba","KRAJ_NUTS",100,"3115","Jihomoravský kraj","CISOB",43,"584797","Podivín"
"CS","Odvozená vazba","KRAJ_NUTS",100,"3115","Jihomoravský kraj","CISOB",43,"584801","Pohořelice"
"CS","Odvozená vazba","KRAJ_NUTS",100,"3115","Jihomoravský kraj","CISOB",43,"584819","Popice"
"CS","Odvozená vazba","KRAJ_NUTS",100,"3115","Jihomoravský kraj","CISOB",43,"584835","Pouzdřany"
"CS","Odvozená vazba","KRAJ_NUTS",100,"3115","Jihomoravský kraj","CISOB",43,"584843","Přibice"
"CS","Odvozená vazba","KRAJ_NUTS",100,"3115","Jihomoravský kraj","CISOB",43,"584851","Přítluky"
"CS","Odvozená vazba","KRAJ_NUTS",100,"3115","Jihomoravský kraj","CISOB",43,"584860","Rakvice"
"CS","Odvozená vazba","KRAJ_NUTS",100,"3115","Jihomoravský kraj","CISOB",43,"584878","Sedlec"
"CS","Odvozená vazba","KRAJ_NUTS",100,"3115","Jihomoravský kraj","CISOB",43,"584894","Starovice"
"CS","Odvozená vazba","KRAJ_NUTS",100,"3115","Jihomoravský kraj","CISOB",43,"584908","Starovičky"
"CS","Odvozená vazba","KRAJ_NUTS",100,"3115","Jihomoravský kraj","CISOB",43,"584916","Strachotín"
"CS","Odvozená vazba","KRAJ_NUTS",100,"3115","Jihomoravský kraj","CISOB",43,"584924","Šakvice"
"CS","Odvozená vazba","KRAJ_NUTS",100,"3115","Jihomoravský kraj","CISOB",43,"584932","Šitbořice"
"CS","Odvozená vazba","KRAJ_NUTS",100,"3115","Jihomoravský kraj","CISOB",43,"584941","Tvrdonice"
"CS","Odvozená vazba","KRAJ_NUTS",100,"3115","Jihomoravský kraj","CISOB",43,"584959","Týnec"
"CS","Odvozená vazba","KRAJ_NUTS",100,"3115","Jihomoravský kraj","CISOB",43,"584967","Uherčice"
"CS","Odvozená vazba","KRAJ_NUTS",100,"3115","Jihomoravský kraj","CISOB",43,"584975","Valtice"
"CS","Odvozená vazba","KRAJ_NUTS",100,"3115","Jihomoravský kraj","CISOB",43,"584983","Velké Bílovice"
"CS","Odvozená vazba","KRAJ_NUTS",100,"3115","Jihomoravský kraj","CISOB",43,"584991","Velké Hostěrádky"
"CS","Odvozená vazba","KRAJ_NUTS",100,"3115","Jihomoravský kraj","CISOB",43,"585009","Velké Němčice"
"CS","Odvozená vazba","KRAJ_NUTS",100,"3115","Jihomoravský kraj","CISOB",43,"585017","Velké Pavlovice"
"CS","Odvozená vazba","KRAJ_NUTS",100,"3115","Jihomoravský kraj","CISOB",43,"585025","Vlasatice"
"CS","Odvozená vazba","KRAJ_NUTS",100,"3115","Jihomoravský kraj","CISOB",43,"585033","Vranovice"
"CS","Odvozená vazba","KRAJ_NUTS",100,"3115","Jihomoravský kraj","CISOB",43,"585041","Vrbice"
"CS","Odvozená vazba","KRAJ_NUTS",100,"3115","Jihomoravský kraj","CISOB",43,"585050","Zaječí"
"CS","Odvozená vazba","KRAJ_NUTS",100,"3115","Jihomoravský kraj","CISOB",43,"586005","Závist"
"CS","Odvozená vazba","KRAJ_NUTS",100,"3115","Jihomoravský kraj","CISOB",43,"586021","Hodonín"
"CS","Odvozená vazba","KRAJ_NUTS",100,"3115","Jihomoravský kraj","CISOB",43,"586030","Archlebov"
"CS","Odvozená vazba","KRAJ_NUTS",100,"3115","Jihomoravský kraj","CISOB",43,"586048","Blatnice pod Svatým Antonínkem"
"CS","Odvozená vazba","KRAJ_NUTS",100,"3115","Jihomoravský kraj","CISOB",43,"586056","Blatnička"
"CS","Odvozená vazba","KRAJ_NUTS",100,"3115","Jihomoravský kraj","CISOB",43,"586064","Světlá"
"CS","Odvozená vazba","KRAJ_NUTS",100,"3115","Jihomoravský kraj","CISOB",43,"586072","Bukovany"
"CS","Odvozená vazba","KRAJ_NUTS",100,"3115","Jihomoravský kraj","CISOB",43,"586081","Bzenec"
"CS","Odvozená vazba","KRAJ_NUTS",100,"3115","Jihomoravský kraj","CISOB",43,"586099","Čejč"
"CS","Odvozená vazba","KRAJ_NUTS",100,"3115","Jihomoravský kraj","CISOB",43,"586102","Čejkovice"
"CS","Odvozená vazba","KRAJ_NUTS",100,"3115","Jihomoravský kraj","CISOB",43,"586111","Čeložnice"
"CS","Odvozená vazba","KRAJ_NUTS",100,"3115","Jihomoravský kraj","CISOB",43,"586129","Dambořice"
"CS","Odvozená vazba","KRAJ_NUTS",100,"3115","Jihomoravský kraj","CISOB",43,"586137","Dolní Bojanovice"
"CS","Odvozená vazba","KRAJ_NUTS",100,"3115","Jihomoravský kraj","CISOB",43,"586145","Domanín"
"CS","Odvozená vazba","KRAJ_NUTS",100,"3115","Jihomoravský kraj","CISOB",43,"586153","Dražůvky"
"CS","Odvozená vazba","KRAJ_NUTS",100,"3115","Jihomoravský kraj","CISOB",43,"586161","Dubňany"
"CS","Odvozená vazba","KRAJ_NUTS",100,"3115","Jihomoravský kraj","CISOB",43,"586170","Hovorany"
"CS","Odvozená vazba","KRAJ_NUTS",100,"3115","Jihomoravský kraj","CISOB",43,"586188","Hroznová Lhota"
"CS","Odvozená vazba","KRAJ_NUTS",100,"3115","Jihomoravský kraj","CISOB",43,"586196","Hrubá Vrbka"
"CS","Odvozená vazba","KRAJ_NUTS",100,"3115","Jihomoravský kraj","CISOB",43,"586200","Hýsly"
"CS","Odvozená vazba","KRAJ_NUTS",100,"3115","Jihomoravský kraj","CISOB",43,"586218","Javorník"
"CS","Odvozená vazba","KRAJ_NUTS",100,"3115","Jihomoravský kraj","CISOB",43,"586226","Ježov"
"CS","Odvozená vazba","KRAJ_NUTS",100,"3115","Jihomoravský kraj","CISOB",43,"586234","Josefov"
"CS","Odvozená vazba","KRAJ_NUTS",100,"3115","Jihomoravský kraj","CISOB",43,"586242","Karlín"
"CS","Odvozená vazba","KRAJ_NUTS",100,"3115","Jihomoravský kraj","CISOB",43,"586251","Kelčany"
"CS","Odvozená vazba","KRAJ_NUTS",100,"3115","Jihomoravský kraj","CISOB",43,"586269","Kněždub"
"CS","Odvozená vazba","KRAJ_NUTS",100,"3115","Jihomoravský kraj","CISOB",43,"586277","Kostelec"
"CS","Odvozená vazba","KRAJ_NUTS",100,"3115","Jihomoravský kraj","CISOB",43,"586285","Kozojídky"
"CS","Odvozená vazba","KRAJ_NUTS",100,"3115","Jihomoravský kraj","CISOB",43,"586293","Kuželov"
"CS","Odvozená vazba","KRAJ_NUTS",100,"3115","Jihomoravský kraj","CISOB",43,"586307","Kyjov"
"CS","Odvozená vazba","KRAJ_NUTS",100,"3115","Jihomoravský kraj","CISOB",43,"586315","Labuty"
"CS","Odvozená vazba","KRAJ_NUTS",100,"3115","Jihomoravský kraj","CISOB",43,"586323","Lipov"
"CS","Odvozená vazba","KRAJ_NUTS",100,"3115","Jihomoravský kraj","CISOB",43,"586331","Louka"
"CS","Odvozená vazba","KRAJ_NUTS",100,"3115","Jihomoravský kraj","CISOB",43,"586340","Lovčice"
"CS","Odvozená vazba","KRAJ_NUTS",100,"3115","Jihomoravský kraj","CISOB",43,"586358","Lužice"
"CS","Odvozená vazba","KRAJ_NUTS",100,"3115","Jihomoravský kraj","CISOB",43,"586366","Malá Vrbka"
"CS","Odvozená vazba","KRAJ_NUTS",100,"3115","Jihomoravský kraj","CISOB",43,"586374","Mikulčice"
"CS","Odvozená vazba","KRAJ_NUTS",100,"3115","Jihomoravský kraj","CISOB",43,"586382","Milotice"
"CS","Odvozená vazba","KRAJ_NUTS",100,"3115","Jihomoravský kraj","CISOB",43,"586391","Moravany"
"CS","Odvozená vazba","KRAJ_NUTS",100,"3115","Jihomoravský kraj","CISOB",43,"586404","Moravský Písek"
"CS","Odvozená vazba","KRAJ_NUTS",100,"3115","Jihomoravský kraj","CISOB",43,"586412","Mutěnice"
"CS","Odvozená vazba","KRAJ_NUTS",100,"3115","Jihomoravský kraj","CISOB",43,"586421","Násedlovice"
"CS","Odvozená vazba","KRAJ_NUTS",100,"3115","Jihomoravský kraj","CISOB",43,"586439","Nechvalín"
"CS","Odvozená vazba","KRAJ_NUTS",100,"3115","Jihomoravský kraj","CISOB",43,"586447","Nenkovice"
"CS","Odvozená vazba","KRAJ_NUTS",100,"3115","Jihomoravský kraj","CISOB",43,"586455","Nová Lhota"
"CS","Odvozená vazba","KRAJ_NUTS",100,"3115","Jihomoravský kraj","CISOB",43,"586463","Nový Poddvorov"
"CS","Odvozená vazba","KRAJ_NUTS",100,"3115","Jihomoravský kraj","CISOB",43,"586471","Ostrovánky"
"CS","Odvozená vazba","KRAJ_NUTS",100,"3115","Jihomoravský kraj","CISOB",43,"586480","Petrov"
"CS","Odvozená vazba","KRAJ_NUTS",100,"3115","Jihomoravský kraj","CISOB",43,"586498","Prušánky"
"CS","Odvozená vazba","KRAJ_NUTS",100,"3115","Jihomoravský kraj","CISOB",43,"586501","Radějov"
"CS","Odvozená vazba","KRAJ_NUTS",100,"3115","Jihomoravský kraj","CISOB",43,"586510","Ratíškovice"
"CS","Odvozená vazba","KRAJ_NUTS",100,"3115","Jihomoravský kraj","CISOB",43,"586528","Rohatec"
"CS","Odvozená vazba","KRAJ_NUTS",100,"3115","Jihomoravský kraj","CISOB",43,"586536","Skalka"
"CS","Odvozená vazba","KRAJ_NUTS",100,"3115","Jihomoravský kraj","CISOB",43,"586544","Skoronice"
"CS","Odvozená vazba","KRAJ_NUTS",100,"3115","Jihomoravský kraj","CISOB",43,"586552","Sobůlky"
"CS","Odvozená vazba","KRAJ_NUTS",100,"3115","Jihomoravský kraj","CISOB",43,"586561","Starý Poddvorov"
"CS","Odvozená vazba","KRAJ_NUTS",100,"3115","Jihomoravský kraj","CISOB",43,"586579","Stavěšice"
"CS","Odvozená vazba","KRAJ_NUTS",100,"3115","Jihomoravský kraj","CISOB",43,"586587","Strážnice"
"CS","Odvozená vazba","KRAJ_NUTS",100,"3115","Jihomoravský kraj","CISOB",43,"586595","Strážovice"
"CS","Odvozená vazba","KRAJ_NUTS",100,"3115","Jihomoravský kraj","CISOB",43,"586609","Sudoměřice"
"CS","Odvozená vazba","KRAJ_NUTS",100,"3115","Jihomoravský kraj","CISOB",43,"586617","Suchov"
"CS","Odvozená vazba","KRAJ_NUTS",100,"3115","Jihomoravský kraj","CISOB",43,"586625","Svatobořice-Mistřín"
"CS","Odvozená vazba","KRAJ_NUTS",100,"3115","Jihomoravský kraj","CISOB",43,"586633","Syrovín"
"CS","Odvozená vazba","KRAJ_NUTS",100,"3115","Jihomoravský kraj","CISOB",43,"586641","Šardice"
"CS","Odvozená vazba","KRAJ_NUTS",100,"3115","Jihomoravský kraj","CISOB",43,"586650","Tasov"
"CS","Odvozená vazba","KRAJ_NUTS",100,"3115","Jihomoravský kraj","CISOB",43,"586668","Těmice"
"CS","Odvozená vazba","KRAJ_NUTS",100,"3115","Jihomoravský kraj","CISOB",43,"586676","Terezín"
"CS","Odvozená vazba","KRAJ_NUTS",100,"3115","Jihomoravský kraj","CISOB",43,"586684","Tvarožná Lhota"
"CS","Odvozená vazba","KRAJ_NUTS",100,"3115","Jihomoravský kraj","CISOB",43,"586692","Uhřice"
"CS","Odvozená vazba","KRAJ_NUTS",100,"3115","Jihomoravský kraj","CISOB",43,"586706","Vacenovice"
"CS","Odvozená vazba","KRAJ_NUTS",100,"3115","Jihomoravský kraj","CISOB",43,"586714","Velká nad Veličkou"
"CS","Odvozená vazba","KRAJ_NUTS",100,"3115","Jihomoravský kraj","CISOB",43,"586722","Veselí nad Moravou"
"CS","Odvozená vazba","KRAJ_NUTS",100,"3115","Jihomoravský kraj","CISOB",43,"586731","Věteřov"
"CS","Odvozená vazba","KRAJ_NUTS",100,"3115","Jihomoravský kraj","CISOB",43,"586749","Vlkoš"
"CS","Odvozená vazba","KRAJ_NUTS",100,"3115","Jihomoravský kraj","CISOB",43,"586757","Vnorovy"
"CS","Odvozená vazba","KRAJ_NUTS",100,"3115","Jihomoravský kraj","CISOB",43,"586765","Vracov"
"CS","Odvozená vazba","KRAJ_NUTS",100,"3115","Jihomoravský kraj","CISOB",43,"586773","Vřesovice"
"CS","Odvozená vazba","KRAJ_NUTS",100,"3115","Jihomoravský kraj","CISOB",43,"586781","Žádovice"
"CS","Odvozená vazba","KRAJ_NUTS",100,"3115","Jihomoravský kraj","CISOB",43,"586790","Žarošice"
"CS","Odvozená vazba","KRAJ_NUTS",100,"3115","Jihomoravský kraj","CISOB",43,"586803","Ždánice"
"CS","Odvozená vazba","KRAJ_NUTS",100,"3115","Jihomoravský kraj","CISOB",43,"586811","Želetice"
"CS","Odvozená vazba","KRAJ_NUTS",100,"3115","Jihomoravský kraj","CISOB",43,"586820","Žeravice"
"CS","Odvozená vazba","KRAJ_NUTS",100,"3115","Jihomoravský kraj","CISOB",43,"586838","Žeraviny"
"CS","Odvozená vazba","KRAJ_NUTS",100,"3115","Jihomoravský kraj","CISOB",43,"587729","Nový Šaldorf-Sedlešovice"
"CS","Odvozená vazba","KRAJ_NUTS",100,"3115","Jihomoravský kraj","CISOB",43,"587907","Katov"
"CS","Odvozená vazba","KRAJ_NUTS",100,"3115","Jihomoravský kraj","CISOB",43,"591661","Senorady"
"CS","Odvozená vazba","KRAJ_NUTS",100,"3115","Jihomoravský kraj","CISOB",43,"592889","Vyškov"
"CS","Odvozená vazba","KRAJ_NUTS",100,"3115","Jihomoravský kraj","CISOB",43,"592897","Bohaté Málkovice"
"CS","Odvozená vazba","KRAJ_NUTS",100,"3115","Jihomoravský kraj","CISOB",43,"592901","Bohdalice-Pavlovice"
"CS","Odvozená vazba","KRAJ_NUTS",100,"3115","Jihomoravský kraj","CISOB",43,"592919","Bošovice"
"CS","Odvozená vazba","KRAJ_NUTS",100,"3115","Jihomoravský kraj","CISOB",43,"592927","Brankovice"
"CS","Odvozená vazba","KRAJ_NUTS",100,"3115","Jihomoravský kraj","CISOB",43,"592935","Březina"
"CS","Odvozená vazba","KRAJ_NUTS",100,"3115","Jihomoravský kraj","CISOB",43,"592943","Bučovice"
"CS","Odvozená vazba","KRAJ_NUTS",100,"3115","Jihomoravský kraj","CISOB",43,"592978","Dětkovice"
"CS","Odvozená vazba","KRAJ_NUTS",100,"3115","Jihomoravský kraj","CISOB",43,"592986","Dobročkovice"
"CS","Odvozená vazba","KRAJ_NUTS",100,"3115","Jihomoravský kraj","CISOB",43,"592994","Dražovice"
"CS","Odvozená vazba","KRAJ_NUTS",100,"3115","Jihomoravský kraj","CISOB",43,"593001","Drnovice"
"CS","Odvozená vazba","KRAJ_NUTS",100,"3115","Jihomoravský kraj","CISOB",43,"593010","Drysice"
"CS","Odvozená vazba","KRAJ_NUTS",100,"3115","Jihomoravský kraj","CISOB",43,"593028","Habrovany"
"CS","Odvozená vazba","KRAJ_NUTS",100,"3115","Jihomoravský kraj","CISOB",43,"593036","Hlubočany"
"CS","Odvozená vazba","KRAJ_NUTS",100,"3115","Jihomoravský kraj","CISOB",43,"593044","Hodějice"
"CS","Odvozená vazba","KRAJ_NUTS",100,"3115","Jihomoravský kraj","CISOB",43,"593052","Hostěrádky-Rešov"
"CS","Odvozená vazba","KRAJ_NUTS",100,"3115","Jihomoravský kraj","CISOB",43,"593061","Hoštice-Heroltice"
"CS","Odvozená vazba","KRAJ_NUTS",100,"3115","Jihomoravský kraj","CISOB",43,"593079","Hrušky"
"CS","Odvozená vazba","KRAJ_NUTS",100,"3115","Jihomoravský kraj","CISOB",43,"593087","Hvězdlice"
"CS","Odvozená vazba","KRAJ_NUTS",100,"3115","Jihomoravský kraj","CISOB",43,"593095","Chvalkovice"
"CS","Odvozená vazba","KRAJ_NUTS",100,"3115","Jihomoravský kraj","CISOB",43,"593117","Ivanovice na Hané"
"CS","Odvozená vazba","KRAJ_NUTS",100,"3115","Jihomoravský kraj","CISOB",43,"593125","Ježkovice"
"CS","Odvozená vazba","KRAJ_NUTS",100,"3115","Jihomoravský kraj","CISOB",43,"593141","Kobeřice u Brna"
"CS","Odvozená vazba","KRAJ_NUTS",100,"3115","Jihomoravský kraj","CISOB",43,"593150","Kojátky"
"CS","Odvozená vazba","KRAJ_NUTS",100,"3115","Jihomoravský kraj","CISOB",43,"593168","Komořany"
"CS","Odvozená vazba","KRAJ_NUTS",100,"3115","Jihomoravský kraj","CISOB",43,"593184","Kožušice"
"CS","Odvozená vazba","KRAJ_NUTS",100,"3115","Jihomoravský kraj","CISOB",43,"593192","Krásensko"
"CS","Odvozená vazba","KRAJ_NUTS",100,"3115","Jihomoravský kraj","CISOB",43,"593214","Křenovice"
"CS","Odvozená vazba","KRAJ_NUTS",100,"3115","Jihomoravský kraj","CISOB",43,"593222","Křižanovice"
"CS","Odvozená vazba","KRAJ_NUTS",100,"3115","Jihomoravský kraj","CISOB",43,"593231","Křižanovice u Vyškova"
"CS","Odvozená vazba","KRAJ_NUTS",100,"3115","Jihomoravský kraj","CISOB",43,"593249","Kučerov"
"CS","Odvozená vazba","KRAJ_NUTS",100,"3115","Jihomoravský kraj","CISOB",43,"593257","Letonice"
"CS","Odvozená vazba","KRAJ_NUTS",100,"3115","Jihomoravský kraj","CISOB",43,"593265","Lovčičky"
"CS","Odvozená vazba","KRAJ_NUTS",100,"3115","Jihomoravský kraj","CISOB",43,"593273","Luleč"
"CS","Odvozená vazba","KRAJ_NUTS",100,"3115","Jihomoravský kraj","CISOB",43,"593281","Lysovice"
"CS","Odvozená vazba","KRAJ_NUTS",100,"3115","Jihomoravský kraj","CISOB",43,"593290","Malínky"
"CS","Odvozená vazba","KRAJ_NUTS",100,"3115","Jihomoravský kraj","CISOB",43,"593320","Milešovice"
"CS","Odvozená vazba","KRAJ_NUTS",100,"3115","Jihomoravský kraj","CISOB",43,"593338","Milonice"
"CS","Odvozená vazba","KRAJ_NUTS",100,"3115","Jihomoravský kraj","CISOB",43,"593346","Moravské Málkovice"
"CS","Odvozená vazba","KRAJ_NUTS",100,"3115","Jihomoravský kraj","CISOB",43,"593354","Mouchnice"
"CS","Odvozená vazba","KRAJ_NUTS",100,"3115","Jihomoravský kraj","CISOB",43,"593371","Němčany"
"CS","Odvozená vazba","KRAJ_NUTS",100,"3115","Jihomoravský kraj","CISOB",43,"593389","Nemochovice"
"CS","Odvozená vazba","KRAJ_NUTS",100,"3115","Jihomoravský kraj","CISOB",43,"593397","Nemojany"
"CS","Odvozená vazba","KRAJ_NUTS",100,"3115","Jihomoravský kraj","CISOB",43,"593401","Nemotice"
"CS","Odvozená vazba","KRAJ_NUTS",100,"3115","Jihomoravský kraj","CISOB",43,"593419","Nesovice"
"CS","Odvozená vazba","KRAJ_NUTS",100,"3115","Jihomoravský kraj","CISOB",43,"593427","Nevojice"
"CS","Odvozená vazba","KRAJ_NUTS",100,"3115","Jihomoravský kraj","CISOB",43,"593435","Nížkovice"
"CS","Odvozená vazba","KRAJ_NUTS",100,"3115","Jihomoravský kraj","CISOB",43,"593443","Nové Sady"
"CS","Odvozená vazba","KRAJ_NUTS",100,"3115","Jihomoravský kraj","CISOB",43,"593460","Orlovice"
"CS","Odvozená vazba","KRAJ_NUTS",100,"3115","Jihomoravský kraj","CISOB",43,"593478","Otnice"
"CS","Odvozená vazba","KRAJ_NUTS",100,"3115","Jihomoravský kraj","CISOB",43,"593486","Podivice"
"CS","Odvozená vazba","KRAJ_NUTS",100,"3115","Jihomoravský kraj","CISOB",43,"593494","Prusy-Boškůvky"
"CS","Odvozená vazba","KRAJ_NUTS",100,"3115","Jihomoravský kraj","CISOB",43,"593508","Pustiměř"
"CS","Odvozená vazba","KRAJ_NUTS",100,"3115","Jihomoravský kraj","CISOB",43,"593516","Račice-Pístovice"
"CS","Odvozená vazba","KRAJ_NUTS",100,"3115","Jihomoravský kraj","CISOB",43,"593524","Radslavice"
"CS","Odvozená vazba","KRAJ_NUTS",100,"3115","Jihomoravský kraj","CISOB",43,"593532","Rašovice"
"CS","Odvozená vazba","KRAJ_NUTS",100,"3115","Jihomoravský kraj","CISOB",43,"593559","Rousínov"
"CS","Odvozená vazba","KRAJ_NUTS",100,"3115","Jihomoravský kraj","CISOB",43,"593567","Ruprechtov"
"CS","Odvozená vazba","KRAJ_NUTS",100,"3115","Jihomoravský kraj","CISOB",43,"593583","Slavkov u Brna"
"CS","Odvozená vazba","KRAJ_NUTS",100,"3115","Jihomoravský kraj","CISOB",43,"593591","Snovídky"
"CS","Odvozená vazba","KRAJ_NUTS",100,"3115","Jihomoravský kraj","CISOB",43,"593605","Studnice"
"CS","Odvozená vazba","KRAJ_NUTS",100,"3115","Jihomoravský kraj","CISOB",43,"593613","Šaratice"
"CS","Odvozená vazba","KRAJ_NUTS",100,"3115","Jihomoravský kraj","CISOB",43,"593621","Švábenice"
"CS","Odvozená vazba","KRAJ_NUTS",100,"3115","Jihomoravský kraj","CISOB",43,"593630","Topolany"
"CS","Odvozená vazba","KRAJ_NUTS",100,"3115","Jihomoravský kraj","CISOB",43,"593648","Tučapy"
"CS","Odvozená vazba","KRAJ_NUTS",100,"3115","Jihomoravský kraj","CISOB",43,"593656","Vážany"
"CS","Odvozená vazba","KRAJ_NUTS",100,"3115","Jihomoravský kraj","CISOB",43,"593664","Vážany nad Litavou"
"CS","Odvozená vazba","KRAJ_NUTS",100,"3115","Jihomoravský kraj","CISOB",43,"593681","Velešovice"
"CS","Odvozená vazba","KRAJ_NUTS",100,"3115","Jihomoravský kraj","CISOB",43,"593699","Zbýšov"
"CS","Odvozená vazba","KRAJ_NUTS",100,"3115","Jihomoravský kraj","CISOB",43,"593702","Zelená Hora"
"CS","Odvozená vazba","KRAJ_NUTS",100,"3115","Jihomoravský kraj","CISOB",43,"593711","Znojmo"
"CS","Odvozená vazba","KRAJ_NUTS",100,"3115","Jihomoravský kraj","CISOB",43,"593729","Bantice"
"CS","Odvozená vazba","KRAJ_NUTS",100,"3115","Jihomoravský kraj","CISOB",43,"593737","Běhařovice"
"CS","Odvozená vazba","KRAJ_NUTS",100,"3115","Jihomoravský kraj","CISOB",43,"593745","Bezkov"
"CS","Odvozená vazba","KRAJ_NUTS",100,"3115","Jihomoravský kraj","CISOB",43,"593753","Bítov"
"CS","Odvozená vazba","KRAJ_NUTS",100,"3115","Jihomoravský kraj","CISOB",43,"593761","Blanné"
"CS","Odvozená vazba","KRAJ_NUTS",100,"3115","Jihomoravský kraj","CISOB",43,"593770","Blížkovice"
"CS","Odvozená vazba","KRAJ_NUTS",100,"3115","Jihomoravský kraj","CISOB",43,"593788","Bohutice"
"CS","Odvozená vazba","KRAJ_NUTS",100,"3115","Jihomoravský kraj","CISOB",43,"593796","Bojanovice"
"CS","Odvozená vazba","KRAJ_NUTS",100,"3115","Jihomoravský kraj","CISOB",43,"593800","Borotice"
"CS","Odvozená vazba","KRAJ_NUTS",100,"3115","Jihomoravský kraj","CISOB",43,"593818","Boskovštejn"
"CS","Odvozená vazba","KRAJ_NUTS",100,"3115","Jihomoravský kraj","CISOB",43,"593826","Božice"
"CS","Odvozená vazba","KRAJ_NUTS",100,"3115","Jihomoravský kraj","CISOB",43,"593834","Branišovice"
"CS","Odvozená vazba","KRAJ_NUTS",100,"3115","Jihomoravský kraj","CISOB",43,"593842","Břežany"
"CS","Odvozená vazba","KRAJ_NUTS",100,"3115","Jihomoravský kraj","CISOB",43,"593851","Citonice"
"CS","Odvozená vazba","KRAJ_NUTS",100,"3115","Jihomoravský kraj","CISOB",43,"593869","Ctidružice"
"CS","Odvozená vazba","KRAJ_NUTS",100,"3115","Jihomoravský kraj","CISOB",43,"593877","Čejkovice"
"CS","Odvozená vazba","KRAJ_NUTS",100,"3115","Jihomoravský kraj","CISOB",43,"593885","Čermákovice"
"CS","Odvozená vazba","KRAJ_NUTS",100,"3115","Jihomoravský kraj","CISOB",43,"593893","Černín"
"CS","Odvozená vazba","KRAJ_NUTS",100,"3115","Jihomoravský kraj","CISOB",43,"593907","Damnice"
"CS","Odvozená vazba","KRAJ_NUTS",100,"3115","Jihomoravský kraj","CISOB",43,"593923","Dobelice"
"CS","Odvozená vazba","KRAJ_NUTS",100,"3115","Jihomoravský kraj","CISOB",43,"593931","Dobřínsko"
"CS","Odvozená vazba","KRAJ_NUTS",100,"3115","Jihomoravský kraj","CISOB",43,"593958","Dolenice"
"CS","Odvozená vazba","KRAJ_NUTS",100,"3115","Jihomoravský kraj","CISOB",43,"593966","Dolní Dubňany"
"CS","Odvozená vazba","KRAJ_NUTS",100,"3115","Jihomoravský kraj","CISOB",43,"593974","Dyjákovice"
"CS","Odvozená vazba","KRAJ_NUTS",100,"3115","Jihomoravský kraj","CISOB",43,"593982","Dyjákovičky"
"CS","Odvozená vazba","KRAJ_NUTS",100,"3115","Jihomoravský kraj","CISOB",43,"593991","Dyje"
"CS","Odvozená vazba","KRAJ_NUTS",100,"3115","Jihomoravský kraj","CISOB",43,"594008","Džbánice"
"CS","Odvozená vazba","KRAJ_NUTS",100,"3115","Jihomoravský kraj","CISOB",43,"594016","Grešlové Mýto"
"CS","Odvozená vazba","KRAJ_NUTS",100,"3115","Jihomoravský kraj","CISOB",43,"594024","Havraníky"
"CS","Odvozená vazba","KRAJ_NUTS",100,"3115","Jihomoravský kraj","CISOB",43,"594032","Hevlín"
"CS","Odvozená vazba","KRAJ_NUTS",100,"3115","Jihomoravský kraj","CISOB",43,"594041","Hluboké Mašůvky"
"CS","Odvozená vazba","KRAJ_NUTS",100,"3115","Jihomoravský kraj","CISOB",43,"594059","Hnanice"
"CS","Odvozená vazba","KRAJ_NUTS",100,"3115","Jihomoravský kraj","CISOB",43,"594067","Hodonice"
"CS","Odvozená vazba","KRAJ_NUTS",100,"3115","Jihomoravský kraj","CISOB",43,"594075","Horní Břečkov"
"CS","Odvozená vazba","KRAJ_NUTS",100,"3115","Jihomoravský kraj","CISOB",43,"594083","Horní Dubňany"
"CS","Odvozená vazba","KRAJ_NUTS",100,"3115","Jihomoravský kraj","CISOB",43,"594091","Horní Dunajovice"
"CS","Odvozená vazba","KRAJ_NUTS",100,"3115","Jihomoravský kraj","CISOB",43,"594105","Horní Kounice"
"CS","Odvozená vazba","KRAJ_NUTS",100,"3115","Jihomoravský kraj","CISOB",43,"594113","Hostěradice"
"CS","Odvozená vazba","KRAJ_NUTS",100,"3115","Jihomoravský kraj","CISOB",43,"594121","Hostim"
"CS","Odvozená vazba","KRAJ_NUTS",100,"3115","Jihomoravský kraj","CISOB",43,"594130","Hrabětice"
"CS","Odvozená vazba","KRAJ_NUTS",100,"3115","Jihomoravský kraj","CISOB",43,"594148","Hrádek"
"CS","Odvozená vazba","KRAJ_NUTS",100,"3115","Jihomoravský kraj","CISOB",43,"594156","Hrušovany nad Jevišovkou"
"CS","Odvozená vazba","KRAJ_NUTS",100,"3115","Jihomoravský kraj","CISOB",43,"594164","Chvalatice"
"CS","Odvozená vazba","KRAJ_NUTS",100,"3115","Jihomoravský kraj","CISOB",43,"594172","Chvalovice"
"CS","Odvozená vazba","KRAJ_NUTS",100,"3115","Jihomoravský kraj","CISOB",43,"594181","Jamolice"
"CS","Odvozená vazba","KRAJ_NUTS",100,"3115","Jihomoravský kraj","CISOB",43,"594199","Jaroslavice"
"CS","Odvozená vazba","KRAJ_NUTS",100,"3115","Jihomoravský kraj","CISOB",43,"594202","Jevišovice"
"CS","Odvozená vazba","KRAJ_NUTS",100,"3115","Jihomoravský kraj","CISOB",43,"594211","Jezeřany-Maršovice"
"CS","Odvozená vazba","KRAJ_NUTS",100,"3115","Jihomoravský kraj","CISOB",43,"594229","Jiřice u Miroslavi"
"CS","Odvozená vazba","KRAJ_NUTS",100,"3115","Jihomoravský kraj","CISOB",43,"594237","Kadov"
"CS","Odvozená vazba","KRAJ_NUTS",100,"3115","Jihomoravský kraj","CISOB",43,"594253","Korolupy"
"CS","Odvozená vazba","KRAJ_NUTS",100,"3115","Jihomoravský kraj","CISOB",43,"594261","Kravsko"
"CS","Odvozená vazba","KRAJ_NUTS",100,"3115","Jihomoravský kraj","CISOB",43,"594270","Krhovice"
"CS","Odvozená vazba","KRAJ_NUTS",100,"3115","Jihomoravský kraj","CISOB",43,"594288","Křepice"
"CS","Odvozená vazba","KRAJ_NUTS",100,"3115","Jihomoravský kraj","CISOB",43,"594296","Kubšice"
"CS","Odvozená vazba","KRAJ_NUTS",100,"3115","Jihomoravský kraj","CISOB",43,"594300","Kuchařovice"
"CS","Odvozená vazba","KRAJ_NUTS",100,"3115","Jihomoravský kraj","CISOB",43,"594318","Kyjovice"
"CS","Odvozená vazba","KRAJ_NUTS",100,"3115","Jihomoravský kraj","CISOB",43,"594326","Lančov"
"CS","Odvozená vazba","KRAJ_NUTS",100,"3115","Jihomoravský kraj","CISOB",43,"594334","Lechovice"
"CS","Odvozená vazba","KRAJ_NUTS",100,"3115","Jihomoravský kraj","CISOB",43,"594342","Lesná"
"CS","Odvozená vazba","KRAJ_NUTS",100,"3115","Jihomoravský kraj","CISOB",43,"594351","Lesonice"
"CS","Odvozená vazba","KRAJ_NUTS",100,"3115","Jihomoravský kraj","CISOB",43,"594369","Litobratřice"
"CS","Odvozená vazba","KRAJ_NUTS",100,"3115","Jihomoravský kraj","CISOB",43,"594377","Loděnice"
"CS","Odvozená vazba","KRAJ_NUTS",100,"3115","Jihomoravský kraj","CISOB",43,"594385","Lubnice"
"CS","Odvozená vazba","KRAJ_NUTS",100,"3115","Jihomoravský kraj","CISOB",43,"594393","Lukov"
"CS","Odvozená vazba","KRAJ_NUTS",100,"3115","Jihomoravský kraj","CISOB",43,"594407","Mackovice"
"CS","Odvozená vazba","KRAJ_NUTS",100,"3115","Jihomoravský kraj","CISOB",43,"594415","Mašovice"
"CS","Odvozená vazba","KRAJ_NUTS",100,"3115","Jihomoravský kraj","CISOB",43,"594423","Medlice"
"CS","Odvozená vazba","KRAJ_NUTS",100,"3115","Jihomoravský kraj","CISOB",43,"594431","Mikulovice"
"CS","Odvozená vazba","KRAJ_NUTS",100,"3115","Jihomoravský kraj","CISOB",43,"594440","Milíčovice"
"CS","Odvozená vazba","KRAJ_NUTS",100,"3115","Jihomoravský kraj","CISOB",43,"594458","Miroslav"
"CS","Odvozená vazba","KRAJ_NUTS",100,"3115","Jihomoravský kraj","CISOB",43,"594466","Miroslavské Knínice"
"CS","Odvozená vazba","KRAJ_NUTS",100,"3115","Jihomoravský kraj","CISOB",43,"594474","Morašice"
"CS","Odvozená vazba","KRAJ_NUTS",100,"3115","Jihomoravský kraj","CISOB",43,"594482","Moravský Krumlov"
"CS","Odvozená vazba","KRAJ_NUTS",100,"3115","Jihomoravský kraj","CISOB",43,"594512","Našiměřice"
"CS","Odvozená vazba","KRAJ_NUTS",100,"3115","Jihomoravský kraj","CISOB",43,"594521","Němčičky"
"CS","Odvozená vazba","KRAJ_NUTS",100,"3115","Jihomoravský kraj","CISOB",43,"594555","Olbramkostel"
"CS","Odvozená vazba","KRAJ_NUTS",100,"3115","Jihomoravský kraj","CISOB",43,"594563","Olbramovice"
"CS","Odvozená vazba","KRAJ_NUTS",100,"3115","Jihomoravský kraj","CISOB",43,"594571","Oleksovice"
"CS","Odvozená vazba","KRAJ_NUTS",100,"3115","Jihomoravský kraj","CISOB",43,"594580","Onšov"
"CS","Odvozená vazba","KRAJ_NUTS",100,"3115","Jihomoravský kraj","CISOB",43,"594598","Oslnovice"
"CS","Odvozená vazba","KRAJ_NUTS",100,"3115","Jihomoravský kraj","CISOB",43,"594601","Pavlice"
"CS","Odvozená vazba","KRAJ_NUTS",100,"3115","Jihomoravský kraj","CISOB",43,"594610","Petrovice"
"CS","Odvozená vazba","KRAJ_NUTS",100,"3115","Jihomoravský kraj","CISOB",43,"594628","Plaveč"
"CS","Odvozená vazba","KRAJ_NUTS",100,"3115","Jihomoravský kraj","CISOB",43,"594636","Podhradí nad Dyjí"
"CS","Odvozená vazba","KRAJ_NUTS",100,"3115","Jihomoravský kraj","CISOB",43,"594644","Podmolí"
"CS","Odvozená vazba","KRAJ_NUTS",100,"3115","Jihomoravský kraj","CISOB",43,"594652","Podmyče"
"CS","Odvozená vazba","KRAJ_NUTS",100,"3115","Jihomoravský kraj","CISOB",43,"594679","Práče"
"CS","Odvozená vazba","KRAJ_NUTS",100,"3115","Jihomoravský kraj","CISOB",43,"594687","Pravice"
"CS","Odvozená vazba","KRAJ_NUTS",100,"3115","Jihomoravský kraj","CISOB",43,"594695","Prokopov"
"CS","Odvozená vazba","KRAJ_NUTS",100,"3115","Jihomoravský kraj","CISOB",43,"594709","Prosiměřice"
"CS","Odvozená vazba","KRAJ_NUTS",100,"3115","Jihomoravský kraj","CISOB",43,"594725","Rešice"
"CS","Odvozená vazba","KRAJ_NUTS",100,"3115","Jihomoravský kraj","CISOB",43,"594733","Rozkoš"
"CS","Odvozená vazba","KRAJ_NUTS",100,"3115","Jihomoravský kraj","CISOB",43,"594741","Rudlice"
"CS","Odvozená vazba","KRAJ_NUTS",100,"3115","Jihomoravský kraj","CISOB",43,"594750","Rybníky"
"CS","Odvozená vazba","KRAJ_NUTS",100,"3115","Jihomoravský kraj","CISOB",43,"594768","Skalice"
"CS","Odvozená vazba","KRAJ_NUTS",100,"3115","Jihomoravský kraj","CISOB",43,"594776","Slatina"
"CS","Odvozená vazba","KRAJ_NUTS",100,"3115","Jihomoravský kraj","CISOB",43,"594784","Slup"
"CS","Odvozená vazba","KRAJ_NUTS",100,"3115","Jihomoravský kraj","CISOB",43,"594792","Stálky"
"CS","Odvozená vazba","KRAJ_NUTS",100,"3115","Jihomoravský kraj","CISOB",43,"594806","Starý Petřín"
"CS","Odvozená vazba","KRAJ_NUTS",100,"3115","Jihomoravský kraj","CISOB",43,"594814","Stošíkovice na Louce"
"CS","Odvozená vazba","KRAJ_NUTS",100,"3115","Jihomoravský kraj","CISOB",43,"594822","Strachotice"
"CS","Odvozená vazba","KRAJ_NUTS",100,"3115","Jihomoravský kraj","CISOB",43,"594831","Střelice"
"CS","Odvozená vazba","KRAJ_NUTS",100,"3115","Jihomoravský kraj","CISOB",43,"594849","Suchohrdly u Miroslavi"
"CS","Odvozená vazba","KRAJ_NUTS",100,"3115","Jihomoravský kraj","CISOB",43,"594865","Šafov"
"CS","Odvozená vazba","KRAJ_NUTS",100,"3115","Jihomoravský kraj","CISOB",43,"594873","Šanov"
"CS","Odvozená vazba","KRAJ_NUTS",100,"3115","Jihomoravský kraj","CISOB",43,"594881","Šatov"
"CS","Odvozená vazba","KRAJ_NUTS",100,"3115","Jihomoravský kraj","CISOB",43,"594890","Štítary"
"CS","Odvozená vazba","KRAJ_NUTS",100,"3115","Jihomoravský kraj","CISOB",43,"594903","Šumice"
"CS","Odvozená vazba","KRAJ_NUTS",100,"3115","Jihomoravský kraj","CISOB",43,"594911","Šumná"
"CS","Odvozená vazba","KRAJ_NUTS",100,"3115","Jihomoravský kraj","CISOB",43,"594920","Tasovice"
"CS","Odvozená vazba","KRAJ_NUTS",100,"3115","Jihomoravský kraj","CISOB",43,"594938","Tavíkovice"
"CS","Odvozená vazba","KRAJ_NUTS",100,"3115","Jihomoravský kraj","CISOB",43,"594946","Těšetice"
"CS","Odvozená vazba","KRAJ_NUTS",100,"3115","Jihomoravský kraj","CISOB",43,"594954","Trnové Pole"
"CS","Odvozená vazba","KRAJ_NUTS",100,"3115","Jihomoravský kraj","CISOB",43,"594962","Troskotovice"
"CS","Odvozená vazba","KRAJ_NUTS",100,"3115","Jihomoravský kraj","CISOB",43,"594971","Trstěnice"
"CS","Odvozená vazba","KRAJ_NUTS",100,"3115","Jihomoravský kraj","CISOB",43,"594989","Tulešice"
"CS","Odvozená vazba","KRAJ_NUTS",100,"3115","Jihomoravský kraj","CISOB",43,"594997","Tvořihráz"
"CS","Odvozená vazba","KRAJ_NUTS",100,"3115","Jihomoravský kraj","CISOB",43,"595004","Uherčice"
"CS","Odvozená vazba","KRAJ_NUTS",100,"3115","Jihomoravský kraj","CISOB",43,"595012","Újezd"
"CS","Odvozená vazba","KRAJ_NUTS",100,"3115","Jihomoravský kraj","CISOB",43,"595021","Únanov"
"CS","Odvozená vazba","KRAJ_NUTS",100,"3115","Jihomoravský kraj","CISOB",43,"595039","Valtrovice"
"CS","Odvozená vazba","KRAJ_NUTS",100,"3115","Jihomoravský kraj","CISOB",43,"595047","Vedrovice"
"CS","Odvozená vazba","KRAJ_NUTS",100,"3115","Jihomoravský kraj","CISOB",43,"595055","Vémyslice"
"CS","Odvozená vazba","KRAJ_NUTS",100,"3115","Jihomoravský kraj","CISOB",43,"595063","Vevčice"
"CS","Odvozená vazba","KRAJ_NUTS",100,"3115","Jihomoravský kraj","CISOB",43,"595071","Višňové"
"CS","Odvozená vazba","KRAJ_NUTS",100,"3115","Jihomoravský kraj","CISOB",43,"595080","Vítonice"
"CS","Odvozená vazba","KRAJ_NUTS",100,"3115","Jihomoravský kraj","CISOB",43,"595098","Vranov nad Dyjí"
"CS","Odvozená vazba","KRAJ_NUTS",100,"3115","Jihomoravský kraj","CISOB",43,"595101","Vranovská Ves"
"CS","Odvozená vazba","KRAJ_NUTS",100,"3115","Jihomoravský kraj","CISOB",43,"595110","Vratěnín"
"CS","Odvozená vazba","KRAJ_NUTS",100,"3115","Jihomoravský kraj","CISOB",43,"595128","Vrbovec"
"CS","Odvozená vazba","KRAJ_NUTS",100,"3115","Jihomoravský kraj","CISOB",43,"595136","Výrovice"
"CS","Odvozená vazba","KRAJ_NUTS",100,"3115","Jihomoravský kraj","CISOB",43,"595144","Vysočany"
"CS","Odvozená vazba","KRAJ_NUTS",100,"3115","Jihomoravský kraj","CISOB",43,"595152","Zálesí"
"CS","Odvozená vazba","KRAJ_NUTS",100,"3115","Jihomoravský kraj","CISOB",43,"595161","Zblovice"
"CS","Odvozená vazba","KRAJ_NUTS",100,"3115","Jihomoravský kraj","CISOB",43,"595179","Želetice"
"CS","Odvozená vazba","KRAJ_NUTS",100,"3115","Jihomoravský kraj","CISOB",43,"595187","Žerotice"
"CS","Odvozená vazba","KRAJ_NUTS",100,"3115","Jihomoravský kraj","CISOB",43,"595195","Žerůtky"
"CS","Odvozená vazba","KRAJ_NUTS",100,"3115","Jihomoravský kraj","CISOB",43,"595314","Borač"
"CS","Odvozená vazba","KRAJ_NUTS",100,"3115","Jihomoravský kraj","CISOB",43,"595331","Borovník"
"CS","Odvozená vazba","KRAJ_NUTS",100,"3115","Jihomoravský kraj","CISOB",43,"595446","Černvír"
"CS","Odvozená vazba","KRAJ_NUTS",100,"3115","Jihomoravský kraj","CISOB",43,"595527","Dolní Loučky"
"CS","Odvozená vazba","KRAJ_NUTS",100,"3115","Jihomoravský kraj","CISOB",43,"595551","Doubravník"
"CS","Odvozená vazba","KRAJ_NUTS",100,"3115","Jihomoravský kraj","CISOB",43,"595560","Drahonín"
"CS","Odvozená vazba","KRAJ_NUTS",100,"3115","Jihomoravský kraj","CISOB",43,"595667","Horní Loučky"
"CS","Odvozená vazba","KRAJ_NUTS",100,"3115","Jihomoravský kraj","CISOB",43,"595837","Kaly"
"CS","Odvozená vazba","KRAJ_NUTS",100,"3115","Jihomoravský kraj","CISOB",43,"595934","Křižínkov"
"CS","Odvozená vazba","KRAJ_NUTS",100,"3115","Jihomoravský kraj","CISOB",43,"595985","Kuřimská Nová Ves"
"CS","Odvozená vazba","KRAJ_NUTS",100,"3115","Jihomoravský kraj","CISOB",43,"595993","Kuřimské Jestřabí"
"CS","Odvozená vazba","KRAJ_NUTS",100,"3115","Jihomoravský kraj","CISOB",43,"596078","Lubné"
"CS","Odvozená vazba","KRAJ_NUTS",100,"3115","Jihomoravský kraj","CISOB",43,"596175","Nedvědice"
"CS","Odvozená vazba","KRAJ_NUTS",100,"3115","Jihomoravský kraj","CISOB",43,"596191","Níhov"
"CS","Odvozená vazba","KRAJ_NUTS",100,"3115","Jihomoravský kraj","CISOB",43,"596302","Olší"
"CS","Odvozená vazba","KRAJ_NUTS",100,"3115","Jihomoravský kraj","CISOB",43,"596400","Pernštejnské Jestřabí"
"CS","Odvozená vazba","KRAJ_NUTS",100,"3115","Jihomoravský kraj","CISOB",43,"596582","Rojetín"
"CS","Odvozená vazba","KRAJ_NUTS",100,"3115","Jihomoravský kraj","CISOB",43,"596698","Řikonín"
"CS","Odvozená vazba","KRAJ_NUTS",100,"3115","Jihomoravský kraj","CISOB",43,"596892","Tišnovská Nová Ves"
"CS","Odvozená vazba","KRAJ_NUTS",100,"3115","Jihomoravský kraj","CISOB",43,"597104","Vratislávka"
"CS","Odvozená vazba","KRAJ_NUTS",100,"3115","Jihomoravský kraj","CISOB",43,"597171","Žďárec"
"CS","Odvozená vazba","KRAJ_NUTS",100,"3123","Olomoucký kraj","CISOB",43,"500020","Petrov nad Desnou"
"CS","Odvozená vazba","KRAJ_NUTS",100,"3123","Olomoucký kraj","CISOB",43,"500135","Kozlov"
"CS","Odvozená vazba","KRAJ_NUTS",100,"3123","Olomoucký kraj","CISOB",43,"500151","Luboměř pod Strážnou"
"CS","Odvozená vazba","KRAJ_NUTS",100,"3123","Olomoucký kraj","CISOB",43,"500160","Město Libavá"
"CS","Odvozená vazba","KRAJ_NUTS",100,"3123","Olomoucký kraj","CISOB",43,"500496","Olomouc"
"CS","Odvozená vazba","KRAJ_NUTS",100,"3123","Olomoucký kraj","CISOB",43,"500526","Bělkovice-Lašťany"
"CS","Odvozená vazba","KRAJ_NUTS",100,"3123","Olomoucký kraj","CISOB",43,"500623","Bílá Lhota"
"CS","Odvozená vazba","KRAJ_NUTS",100,"3123","Olomoucký kraj","CISOB",43,"500801","Blatec"
"CS","Odvozená vazba","KRAJ_NUTS",100,"3123","Olomoucký kraj","CISOB",43,"500852","Bohuňovice"
"CS","Odvozená vazba","KRAJ_NUTS",100,"3123","Olomoucký kraj","CISOB",43,"500861","Bouzov"
"CS","Odvozená vazba","KRAJ_NUTS",100,"3123","Olomoucký kraj","CISOB",43,"500879","Bystročice"
"CS","Odvozená vazba","KRAJ_NUTS",100,"3123","Olomoucký kraj","CISOB",43,"501476","Dlouhá Loučka"
"CS","Odvozená vazba","KRAJ_NUTS",100,"3123","Olomoucký kraj","CISOB",43,"501646","Dolany"
"CS","Odvozená vazba","KRAJ_NUTS",100,"3123","Olomoucký kraj","CISOB",43,"501751","Drahanovice"
"CS","Odvozená vazba","KRAJ_NUTS",100,"3123","Olomoucký kraj","CISOB",43,"501794","Dub nad Moravou"
"CS","Odvozená vazba","KRAJ_NUTS",100,"3123","Olomoucký kraj","CISOB",43,"501841","Grygov"
"CS","Odvozená vazba","KRAJ_NUTS",100,"3123","Olomoucký kraj","CISOB",43,"502146","Hlubočky"
"CS","Odvozená vazba","KRAJ_NUTS",100,"3123","Olomoucký kraj","CISOB",43,"502235","Hněvotín"
"CS","Odvozená vazba","KRAJ_NUTS",100,"3123","Olomoucký kraj","CISOB",43,"502405","Hnojice"
"CS","Odvozená vazba","KRAJ_NUTS",100,"3123","Olomoucký kraj","CISOB",43,"502545","Horka nad Moravou"
"CS","Odvozená vazba","KRAJ_NUTS",100,"3123","Olomoucký kraj","CISOB",43,"502839","Cholina"
"CS","Odvozená vazba","KRAJ_NUTS",100,"3123","Olomoucký kraj","CISOB",43,"503142","Jívová"
"CS","Odvozená vazba","KRAJ_NUTS",100,"3123","Olomoucký kraj","CISOB",43,"503304","Kožušany-Tážaly"
"CS","Odvozená vazba","KRAJ_NUTS",100,"3123","Olomoucký kraj","CISOB",43,"503444","Litovel"
"CS","Odvozená vazba","KRAJ_NUTS",100,"3123","Olomoucký kraj","CISOB",43,"503622","Luká"
"CS","Odvozená vazba","KRAJ_NUTS",100,"3123","Olomoucký kraj","CISOB",43,"503657","Lutín"
"CS","Odvozená vazba","KRAJ_NUTS",100,"3123","Olomoucký kraj","CISOB",43,"503738","Majetín"
"CS","Odvozená vazba","KRAJ_NUTS",100,"3123","Olomoucký kraj","CISOB",43,"503941","Libavá"
"CS","Odvozená vazba","KRAJ_NUTS",100,"3123","Olomoucký kraj","CISOB",43,"504246","Mladeč"
"CS","Odvozená vazba","KRAJ_NUTS",100,"3123","Olomoucký kraj","CISOB",43,"504441","Náklo"
"CS","Odvozená vazba","KRAJ_NUTS",100,"3123","Olomoucký kraj","CISOB",43,"504505","Náměšť na Hané"
"CS","Odvozená vazba","KRAJ_NUTS",100,"3123","Olomoucký kraj","CISOB",43,"504785","Paseka"
"CS","Odvozená vazba","KRAJ_NUTS",100,"3123","Olomoucký kraj","CISOB",43,"505013","Příkazy"
"CS","Odvozená vazba","KRAJ_NUTS",100,"3123","Olomoucký kraj","CISOB",43,"505081","Senice na Hané"
"CS","Odvozená vazba","KRAJ_NUTS",100,"3123","Olomoucký kraj","CISOB",43,"505111","Slatinice"
"CS","Odvozená vazba","KRAJ_NUTS",100,"3123","Olomoucký kraj","CISOB",43,"505161","Štěpánov"
"CS","Odvozená vazba","KRAJ_NUTS",100,"3123","Olomoucký kraj","CISOB",43,"505188","Šternberk"
"CS","Odvozená vazba","KRAJ_NUTS",100,"3123","Olomoucký kraj","CISOB",43,"505218","Šumvald"
"CS","Odvozená vazba","KRAJ_NUTS",100,"3123","Olomoucký kraj","CISOB",43,"505269","Těšetice"
"CS","Odvozená vazba","KRAJ_NUTS",100,"3123","Olomoucký kraj","CISOB",43,"505293","Troubelice"
"CS","Odvozená vazba","KRAJ_NUTS",100,"3123","Olomoucký kraj","CISOB",43,"505366","Tršice"
"CS","Odvozená vazba","KRAJ_NUTS",100,"3123","Olomoucký kraj","CISOB",43,"505501","Újezd"
"CS","Odvozená vazba","KRAJ_NUTS",100,"3123","Olomoucký kraj","CISOB",43,"505587","Uničov"
"CS","Odvozená vazba","KRAJ_NUTS",100,"3123","Olomoucký kraj","CISOB",43,"505609","Velká Bystřice"
"CS","Odvozená vazba","KRAJ_NUTS",100,"3123","Olomoucký kraj","CISOB",43,"505650","Velký Týnec"
"CS","Odvozená vazba","KRAJ_NUTS",100,"3123","Olomoucký kraj","CISOB",43,"505668","Velký Újezd"
"CS","Odvozená vazba","KRAJ_NUTS",100,"3123","Olomoucký kraj","CISOB",43,"505862","Žerotín"
"CS","Odvozená vazba","KRAJ_NUTS",100,"3123","Olomoucký kraj","CISOB",43,"506761","Alojzov"
"CS","Odvozená vazba","KRAJ_NUTS",100,"3123","Olomoucký kraj","CISOB",43,"506770","Seloutky"
"CS","Odvozená vazba","KRAJ_NUTS",100,"3123","Olomoucký kraj","CISOB",43,"511382","Přerov"
"CS","Odvozená vazba","KRAJ_NUTS",100,"3123","Olomoucký kraj","CISOB",43,"512231","Bělotín"
"CS","Odvozená vazba","KRAJ_NUTS",100,"3123","Olomoucký kraj","CISOB",43,"512281","Beňov"
"CS","Odvozená vazba","KRAJ_NUTS",100,"3123","Olomoucký kraj","CISOB",43,"512401","Bezuchov"
"CS","Odvozená vazba","KRAJ_NUTS",100,"3123","Olomoucký kraj","CISOB",43,"512532","Bochoř"
"CS","Odvozená vazba","KRAJ_NUTS",100,"3123","Olomoucký kraj","CISOB",43,"512800","Brodek u Přerova"
"CS","Odvozená vazba","KRAJ_NUTS",100,"3123","Olomoucký kraj","CISOB",43,"512826","Buk"
"CS","Odvozená vazba","KRAJ_NUTS",100,"3123","Olomoucký kraj","CISOB",43,"512877","Býškovice"
"CS","Odvozená vazba","KRAJ_NUTS",100,"3123","Olomoucký kraj","CISOB",43,"512982","Citov"
"CS","Odvozená vazba","KRAJ_NUTS",100,"3123","Olomoucký kraj","CISOB",43,"513059","Čelechovice"
"CS","Odvozená vazba","KRAJ_NUTS",100,"3123","Olomoucký kraj","CISOB",43,"513067","Černotín"
"CS","Odvozená vazba","KRAJ_NUTS",100,"3123","Olomoucký kraj","CISOB",43,"513105","Dobrčice"
"CS","Odvozená vazba","KRAJ_NUTS",100,"3123","Olomoucký kraj","CISOB",43,"513199","Dolní Újezd"
"CS","Odvozená vazba","KRAJ_NUTS",100,"3123","Olomoucký kraj","CISOB",43,"513211","Domaželice"
"CS","Odvozená vazba","KRAJ_NUTS",100,"3123","Olomoucký kraj","CISOB",43,"513229","Dřevohostice"
"CS","Odvozená vazba","KRAJ_NUTS",100,"3123","Olomoucký kraj","CISOB",43,"513491","Horní Moštěnice"
"CS","Odvozená vazba","KRAJ_NUTS",100,"3123","Olomoucký kraj","CISOB",43,"513636","Hrabůvka"
"CS","Odvozená vazba","KRAJ_NUTS",100,"3123","Olomoucký kraj","CISOB",43,"513733","Hradčany"
"CS","Odvozená vazba","KRAJ_NUTS",100,"3123","Olomoucký kraj","CISOB",43,"513750","Hranice"
"CS","Odvozená vazba","KRAJ_NUTS",100,"3123","Olomoucký kraj","CISOB",43,"513768","Hustopeče nad Bečvou"
"CS","Odvozená vazba","KRAJ_NUTS",100,"3123","Olomoucký kraj","CISOB",43,"513873","Jindřichov"
"CS","Odvozená vazba","KRAJ_NUTS",100,"3123","Olomoucký kraj","CISOB",43,"514047","Klokočí"
"CS","Odvozená vazba","KRAJ_NUTS",100,"3123","Olomoucký kraj","CISOB",43,"514055","Kojetín"
"CS","Odvozená vazba","KRAJ_NUTS",100,"3123","Olomoucký kraj","CISOB",43,"514152","Kokory"
"CS","Odvozená vazba","KRAJ_NUTS",100,"3123","Olomoucký kraj","CISOB",43,"514446","Lazníčky"
"CS","Odvozená vazba","KRAJ_NUTS",100,"3123","Olomoucký kraj","CISOB",43,"514471","Lazníky"
"CS","Odvozená vazba","KRAJ_NUTS",100,"3123","Olomoucký kraj","CISOB",43,"514497","Lhota"
"CS","Odvozená vazba","KRAJ_NUTS",100,"3123","Olomoucký kraj","CISOB",43,"514527","Lhotka"
"CS","Odvozená vazba","KRAJ_NUTS",100,"3123","Olomoucký kraj","CISOB",43,"514705","Lipník nad Bečvou"
"CS","Odvozená vazba","KRAJ_NUTS",100,"3123","Olomoucký kraj","CISOB",43,"514772","Lipová"
"CS","Odvozená vazba","KRAJ_NUTS",100,"3123","Olomoucký kraj","CISOB",43,"514802","Líšná"
"CS","Odvozená vazba","KRAJ_NUTS",100,"3123","Olomoucký kraj","CISOB",43,"515191","Lobodice"
"CS","Odvozená vazba","KRAJ_NUTS",100,"3123","Olomoucký kraj","CISOB",43,"515329","Malhotice"
"CS","Odvozená vazba","KRAJ_NUTS",100,"3123","Olomoucký kraj","CISOB",43,"515418","Milenov"
"CS","Odvozená vazba","KRAJ_NUTS",100,"3123","Olomoucký kraj","CISOB",43,"515477","Milotice nad Bečvou"
"CS","Odvozená vazba","KRAJ_NUTS",100,"3123","Olomoucký kraj","CISOB",43,"515787","Nelešovice"
"CS","Odvozená vazba","KRAJ_NUTS",100,"3123","Olomoucký kraj","CISOB",43,"515825","Oldřichov"
"CS","Odvozená vazba","KRAJ_NUTS",100,"3123","Olomoucký kraj","CISOB",43,"516201","Opatovice"
"CS","Odvozená vazba","KRAJ_NUTS",100,"3123","Olomoucký kraj","CISOB",43,"516350","Oprostovice"
"CS","Odvozená vazba","KRAJ_NUTS",100,"3123","Olomoucký kraj","CISOB",43,"516619","Osek nad Bečvou"
"CS","Odvozená vazba","KRAJ_NUTS",100,"3123","Olomoucký kraj","CISOB",43,"516635","Paršovice"
"CS","Odvozená vazba","KRAJ_NUTS",100,"3123","Olomoucký kraj","CISOB",43,"516686","Partutovice"
"CS","Odvozená vazba","KRAJ_NUTS",100,"3123","Olomoucký kraj","CISOB",43,"516694","Pavlovice u Přerova"
"CS","Odvozená vazba","KRAJ_NUTS",100,"3123","Olomoucký kraj","CISOB",43,"516864","Podolí"
"CS","Odvozená vazba","KRAJ_NUTS",100,"3123","Olomoucký kraj","CISOB",43,"516899","Polkovice"
"CS","Odvozená vazba","KRAJ_NUTS",100,"3123","Olomoucký kraj","CISOB",43,"516911","Polom"
"CS","Odvozená vazba","KRAJ_NUTS",100,"3123","Olomoucký kraj","CISOB",43,"517101","Potštát"
"CS","Odvozená vazba","KRAJ_NUTS",100,"3123","Olomoucký kraj","CISOB",43,"517151","Prosenice"
"CS","Odvozená vazba","KRAJ_NUTS",100,"3123","Olomoucký kraj","CISOB",43,"517208","Provodovice"
"CS","Odvozená vazba","KRAJ_NUTS",100,"3123","Olomoucký kraj","CISOB",43,"517224","Přestavlky"
"CS","Odvozená vazba","KRAJ_NUTS",100,"3123","Olomoucký kraj","CISOB",43,"517275","Radíkov"
"CS","Odvozená vazba","KRAJ_NUTS",100,"3123","Olomoucký kraj","CISOB",43,"517321","Radkova Lhota"
"CS","Odvozená vazba","KRAJ_NUTS",100,"3123","Olomoucký kraj","CISOB",43,"517437","Radkovy"
"CS","Odvozená vazba","KRAJ_NUTS",100,"3123","Olomoucký kraj","CISOB",43,"517445","Radotín"
"CS","Odvozená vazba","KRAJ_NUTS",100,"3123","Olomoucký kraj","CISOB",43,"517534","Radslavice"
"CS","Odvozená vazba","KRAJ_NUTS",100,"3123","Olomoucký kraj","CISOB",43,"517569","Radvanice"
"CS","Odvozená vazba","KRAJ_NUTS",100,"3123","Olomoucký kraj","CISOB",43,"517585","Rakov"
"CS","Odvozená vazba","KRAJ_NUTS",100,"3123","Olomoucký kraj","CISOB",43,"517607","Rokytnice"
"CS","Odvozená vazba","KRAJ_NUTS",100,"3123","Olomoucký kraj","CISOB",43,"517615","Rouské"
"CS","Odvozená vazba","KRAJ_NUTS",100,"3123","Olomoucký kraj","CISOB",43,"517666","Říkovice"
"CS","Odvozená vazba","KRAJ_NUTS",100,"3123","Olomoucký kraj","CISOB",43,"517747","Skalička"
"CS","Odvozená vazba","KRAJ_NUTS",100,"3123","Olomoucký kraj","CISOB",43,"517836","Sobíšky"
"CS","Odvozená vazba","KRAJ_NUTS",100,"3123","Olomoucký kraj","CISOB",43,"517844","Soběchleby"
"CS","Odvozená vazba","KRAJ_NUTS",100,"3123","Olomoucký kraj","CISOB",43,"517887","Stará Ves"
"CS","Odvozená vazba","KRAJ_NUTS",100,"3123","Olomoucký kraj","CISOB",43,"517909","Střítež nad Ludinou"
"CS","Odvozená vazba","KRAJ_NUTS",100,"3123","Olomoucký kraj","CISOB",43,"518026","Sušice"
"CS","Odvozená vazba","KRAJ_NUTS",100,"3123","Olomoucký kraj","CISOB",43,"519031","Teplice nad Bečvou"
"CS","Odvozená vazba","KRAJ_NUTS",100,"3123","Olomoucký kraj","CISOB",43,"519146","Tovačov"
"CS","Odvozená vazba","KRAJ_NUTS",100,"3123","Olomoucký kraj","CISOB",43,"519651","Troubky"
"CS","Odvozená vazba","KRAJ_NUTS",100,"3123","Olomoucký kraj","CISOB",43,"520047","Tučín"
"CS","Odvozená vazba","KRAJ_NUTS",100,"3123","Olomoucký kraj","CISOB",43,"520306","Ústí"
"CS","Odvozená vazba","KRAJ_NUTS",100,"3123","Olomoucký kraj","CISOB",43,"520420","Veselíčko"
"CS","Odvozená vazba","KRAJ_NUTS",100,"3123","Olomoucký kraj","CISOB",43,"521531","Všechovice"
"CS","Odvozená vazba","KRAJ_NUTS",100,"3123","Olomoucký kraj","CISOB",43,"522775","Zámrsky"
"CS","Odvozená vazba","KRAJ_NUTS",100,"3123","Olomoucký kraj","CISOB",43,"523453","Žákovice"
"CS","Odvozená vazba","KRAJ_NUTS",100,"3123","Olomoucký kraj","CISOB",43,"523640","Želatovice"
"CS","Odvozená vazba","KRAJ_NUTS",100,"3123","Olomoucký kraj","CISOB",43,"523704","Šumperk"
"CS","Odvozená vazba","KRAJ_NUTS",100,"3123","Olomoucký kraj","CISOB",43,"523917","Bělá pod Pradědem"
"CS","Odvozená vazba","KRAJ_NUTS",100,"3123","Olomoucký kraj","CISOB",43,"524891","Bernartice"
"CS","Odvozená vazba","KRAJ_NUTS",100,"3123","Olomoucký kraj","CISOB",43,"525227","Bílá Voda"
"CS","Odvozená vazba","KRAJ_NUTS",100,"3123","Olomoucký kraj","CISOB",43,"525588","Bludov"
"CS","Odvozená vazba","KRAJ_NUTS",100,"3123","Olomoucký kraj","CISOB",43,"525804","Bohdíkov"
"CS","Odvozená vazba","KRAJ_NUTS",100,"3123","Olomoucký kraj","CISOB",43,"525880","Bohuslavice"
"CS","Odvozená vazba","KRAJ_NUTS",100,"3123","Olomoucký kraj","CISOB",43,"525979","Bohutín"
"CS","Odvozená vazba","KRAJ_NUTS",100,"3123","Olomoucký kraj","CISOB",43,"526169","Branná"
"CS","Odvozená vazba","KRAJ_NUTS",100,"3123","Olomoucký kraj","CISOB",43,"530727","Brníčko"
"CS","Odvozená vazba","KRAJ_NUTS",100,"3123","Olomoucký kraj","CISOB",43,"532894","Bušín"
"CS","Odvozená vazba","KRAJ_NUTS",100,"3123","Olomoucký kraj","CISOB",43,"533491","Černá Voda"
"CS","Odvozená vazba","KRAJ_NUTS",100,"3123","Olomoucký kraj","CISOB",43,"533688","Dlouhomilov"
"CS","Odvozená vazba","KRAJ_NUTS",100,"3123","Olomoucký kraj","CISOB",43,"534927","Dubicko"
"CS","Odvozená vazba","KRAJ_NUTS",100,"3123","Olomoucký kraj","CISOB",43,"535532","Hanušovice"
"CS","Odvozená vazba","KRAJ_NUTS",100,"3123","Olomoucký kraj","CISOB",43,"535770","Horní Studénky"
"CS","Odvozená vazba","KRAJ_NUTS",100,"3123","Olomoucký kraj","CISOB",43,"535885","Hoštejn"
"CS","Odvozená vazba","KRAJ_NUTS",100,"3123","Olomoucký kraj","CISOB",43,"536091","Hrabišín"
"CS","Odvozená vazba","KRAJ_NUTS",100,"3123","Olomoucký kraj","CISOB",43,"536113","Hynčina"
"CS","Odvozená vazba","KRAJ_NUTS",100,"3123","Olomoucký kraj","CISOB",43,"536148","Javorník"
"CS","Odvozená vazba","KRAJ_NUTS",100,"3123","Olomoucký kraj","CISOB",43,"536288","Jedlí"
"CS","Odvozená vazba","KRAJ_NUTS",100,"3123","Olomoucký kraj","CISOB",43,"536385","Jeseník"
"CS","Odvozená vazba","KRAJ_NUTS",100,"3123","Olomoucký kraj","CISOB",43,"536393","Jestřebí"
"CS","Odvozená vazba","KRAJ_NUTS",100,"3123","Olomoucký kraj","CISOB",43,"536521","Jindřichov"
"CS","Odvozená vazba","KRAJ_NUTS",100,"3123","Olomoucký kraj","CISOB",43,"536571","Kamenná"
"CS","Odvozená vazba","KRAJ_NUTS",100,"3123","Olomoucký kraj","CISOB",43,"536687","Klopina"
"CS","Odvozená vazba","KRAJ_NUTS",100,"3123","Olomoucký kraj","CISOB",43,"536733","Kolšov"
"CS","Odvozená vazba","KRAJ_NUTS",100,"3123","Olomoucký kraj","CISOB",43,"536814","Kosov"
"CS","Odvozená vazba","KRAJ_NUTS",100,"3123","Olomoucký kraj","CISOB",43,"537284","Lesnice"
"CS","Odvozená vazba","KRAJ_NUTS",100,"3123","Olomoucký kraj","CISOB",43,"537713","Leština"
"CS","Odvozená vazba","KRAJ_NUTS",100,"3123","Olomoucký kraj","CISOB",43,"539961","Libina"
"CS","Odvozená vazba","KRAJ_NUTS",100,"3123","Olomoucký kraj","CISOB",43,"540005","Lipinka"
"CS","Odvozená vazba","KRAJ_NUTS",100,"3123","Olomoucký kraj","CISOB",43,"540030","Lipová-lázně"
"CS","Odvozená vazba","KRAJ_NUTS",100,"3123","Olomoucký kraj","CISOB",43,"540161","Líšnice"
"CS","Odvozená vazba","KRAJ_NUTS",100,"3123","Olomoucký kraj","CISOB",43,"540196","Loštice"
"CS","Odvozená vazba","KRAJ_NUTS",100,"3123","Olomoucký kraj","CISOB",43,"540226","Loučná nad Desnou"
"CS","Odvozená vazba","KRAJ_NUTS",100,"3123","Olomoucký kraj","CISOB",43,"540234","Lukavice"
"CS","Odvozená vazba","KRAJ_NUTS",100,"3123","Olomoucký kraj","CISOB",43,"540331","Malá Morava"
"CS","Odvozená vazba","KRAJ_NUTS",100,"3123","Olomoucký kraj","CISOB",43,"540366","Maletín"
"CS","Odvozená vazba","KRAJ_NUTS",100,"3123","Olomoucký kraj","CISOB",43,"540382","Mikulovice"
"CS","Odvozená vazba","KRAJ_NUTS",100,"3123","Olomoucký kraj","CISOB",43,"540471","Mohelnice"
"CS","Odvozená vazba","KRAJ_NUTS",100,"3123","Olomoucký kraj","CISOB",43,"540480","Moravičany"
"CS","Odvozená vazba","KRAJ_NUTS",100,"3123","Olomoucký kraj","CISOB",43,"540501","Nový Malín"
"CS","Odvozená vazba","KRAJ_NUTS",100,"3123","Olomoucký kraj","CISOB",43,"540510","Olšany"
"CS","Odvozená vazba","KRAJ_NUTS",100,"3123","Olomoucký kraj","CISOB",43,"540544","Oskava"
"CS","Odvozená vazba","KRAJ_NUTS",100,"3123","Olomoucký kraj","CISOB",43,"540595","Palonín"
"CS","Odvozená vazba","KRAJ_NUTS",100,"3123","Olomoucký kraj","CISOB",43,"540609","Pavlov"
"CS","Odvozená vazba","KRAJ_NUTS",100,"3123","Olomoucký kraj","CISOB",43,"540650","Písařov"
"CS","Odvozená vazba","KRAJ_NUTS",100,"3123","Olomoucký kraj","CISOB",43,"540684","Písečná"
"CS","Odvozená vazba","KRAJ_NUTS",100,"3123","Olomoucký kraj","CISOB",43,"540731","Police"
"CS","Odvozená vazba","KRAJ_NUTS",100,"3123","Olomoucký kraj","CISOB",43,"540773","Postřelmov"
"CS","Odvozená vazba","KRAJ_NUTS",100,"3123","Olomoucký kraj","CISOB",43,"540854","Rájec"
"CS","Odvozená vazba","KRAJ_NUTS",100,"3123","Olomoucký kraj","CISOB",43,"540862","Rapotín"
"CS","Odvozená vazba","KRAJ_NUTS",100,"3123","Olomoucký kraj","CISOB",43,"540871","Rohle"
"CS","Odvozená vazba","KRAJ_NUTS",100,"3123","Olomoucký kraj","CISOB",43,"540919","Rovensko"
"CS","Odvozená vazba","KRAJ_NUTS",100,"3123","Olomoucký kraj","CISOB",43,"540978","Ruda nad Moravou"
"CS","Odvozená vazba","KRAJ_NUTS",100,"3123","Olomoucký kraj","CISOB",43,"540986","Sobotín"
"CS","Odvozená vazba","KRAJ_NUTS",100,"3123","Olomoucký kraj","CISOB",43,"541036","Stará Červená Voda"
"CS","Odvozená vazba","KRAJ_NUTS",100,"3123","Olomoucký kraj","CISOB",43,"541079","Staré Město"
"CS","Odvozená vazba","KRAJ_NUTS",100,"3123","Olomoucký kraj","CISOB",43,"541109","Sudkov"
"CS","Odvozená vazba","KRAJ_NUTS",100,"3123","Olomoucký kraj","CISOB",43,"541117","Supíkovice"
"CS","Odvozená vazba","KRAJ_NUTS",100,"3123","Olomoucký kraj","CISOB",43,"541125","Svébohov"
"CS","Odvozená vazba","KRAJ_NUTS",100,"3123","Olomoucký kraj","CISOB",43,"541168","Štíty"
"CS","Odvozená vazba","KRAJ_NUTS",100,"3123","Olomoucký kraj","CISOB",43,"541214","Uhelná"
"CS","Odvozená vazba","KRAJ_NUTS",100,"3123","Olomoucký kraj","CISOB",43,"541222","Úsov"
"CS","Odvozená vazba","KRAJ_NUTS",100,"3123","Olomoucký kraj","CISOB",43,"541249","Vápenná"
"CS","Odvozená vazba","KRAJ_NUTS",100,"3123","Olomoucký kraj","CISOB",43,"541265","Velké Losiny"
"CS","Odvozená vazba","KRAJ_NUTS",100,"3123","Olomoucký kraj","CISOB",43,"541303","Vidnava"
"CS","Odvozená vazba","KRAJ_NUTS",100,"3123","Olomoucký kraj","CISOB",43,"541346","Vlčice"
"CS","Odvozená vazba","KRAJ_NUTS",100,"3123","Olomoucký kraj","CISOB",43,"541354","Zábřeh"
"CS","Odvozená vazba","KRAJ_NUTS",100,"3123","Olomoucký kraj","CISOB",43,"541478","Zvole"
"CS","Odvozená vazba","KRAJ_NUTS",100,"3123","Olomoucký kraj","CISOB",43,"541575","Žulová"
"CS","Odvozená vazba","KRAJ_NUTS",100,"3123","Olomoucký kraj","CISOB",43,"543543","Hruška"
"CS","Odvozená vazba","KRAJ_NUTS",100,"3123","Olomoucký kraj","CISOB",43,"544710","Vincencov"
"CS","Odvozená vazba","KRAJ_NUTS",100,"3123","Olomoucký kraj","CISOB",43,"545279","Domašov nad Bystřicí"
"CS","Odvozená vazba","KRAJ_NUTS",100,"3123","Olomoucký kraj","CISOB",43,"546976","Hraničné Petrovice"
"CS","Odvozená vazba","KRAJ_NUTS",100,"3123","Olomoucký kraj","CISOB",43,"547018","Střeň"
"CS","Odvozená vazba","KRAJ_NUTS",100,"3123","Olomoucký kraj","CISOB",43,"547026","Bystrovany"
"CS","Odvozená vazba","KRAJ_NUTS",100,"3123","Olomoucký kraj","CISOB",43,"547077","Samotišky"
"CS","Odvozená vazba","KRAJ_NUTS",100,"3123","Olomoucký kraj","CISOB",43,"547093","Mutkov"
"CS","Odvozená vazba","KRAJ_NUTS",100,"3123","Olomoucký kraj","CISOB",43,"547123","Komárov"
"CS","Odvozená vazba","KRAJ_NUTS",100,"3123","Olomoucký kraj","CISOB",43,"547433","Vlkoš"
"CS","Odvozená vazba","KRAJ_NUTS",100,"3123","Olomoucký kraj","CISOB",43,"547450","Výkleky"
"CS","Odvozená vazba","KRAJ_NUTS",100,"3123","Olomoucký kraj","CISOB",43,"547514","Zábeštní Lhota"
"CS","Odvozená vazba","KRAJ_NUTS",100,"3123","Olomoucký kraj","CISOB",43,"549967","Hačky"
"CS","Odvozená vazba","KRAJ_NUTS",100,"3123","Olomoucký kraj","CISOB",43,"549983","Polomí"
"CS","Odvozená vazba","KRAJ_NUTS",100,"3123","Olomoucký kraj","CISOB",43,"552011","Štarnov"
"CS","Odvozená vazba","KRAJ_NUTS",100,"3123","Olomoucký kraj","CISOB",43,"552020","Hlušovice"
"CS","Odvozená vazba","KRAJ_NUTS",100,"3123","Olomoucký kraj","CISOB",43,"552038","Loučka"
"CS","Odvozená vazba","KRAJ_NUTS",100,"3123","Olomoucký kraj","CISOB",43,"552062","Bílsko"
"CS","Odvozená vazba","KRAJ_NUTS",100,"3123","Olomoucký kraj","CISOB",43,"552071","Dubčany"
"CS","Odvozená vazba","KRAJ_NUTS",100,"3123","Olomoucký kraj","CISOB",43,"552089","Tovéř"
"CS","Odvozená vazba","KRAJ_NUTS",100,"3123","Olomoucký kraj","CISOB",43,"552119","Věrovany"
"CS","Odvozená vazba","KRAJ_NUTS",100,"3123","Olomoucký kraj","CISOB",43,"552151","Skrbeň"
"CS","Odvozená vazba","KRAJ_NUTS",100,"3123","Olomoucký kraj","CISOB",43,"552160","Pňovice"
"CS","Odvozená vazba","KRAJ_NUTS",100,"3123","Olomoucký kraj","CISOB",43,"552178","Haňovice"
"CS","Odvozená vazba","KRAJ_NUTS",100,"3123","Olomoucký kraj","CISOB",43,"552186","Červenka"
"CS","Odvozená vazba","KRAJ_NUTS",100,"3123","Olomoucký kraj","CISOB",43,"552194","Slavětín"
"CS","Odvozená vazba","KRAJ_NUTS",100,"3123","Olomoucký kraj","CISOB",43,"552216","Luběnice"
"CS","Odvozená vazba","KRAJ_NUTS",100,"3123","Olomoucký kraj","CISOB",43,"552232","Loučany"
"CS","Odvozená vazba","KRAJ_NUTS",100,"3123","Olomoucký kraj","CISOB",43,"552259","Olbramice"
"CS","Odvozená vazba","KRAJ_NUTS",100,"3123","Olomoucký kraj","CISOB",43,"552267","Senička"
"CS","Odvozená vazba","KRAJ_NUTS",100,"3123","Olomoucký kraj","CISOB",43,"552305","Lipina"
"CS","Odvozená vazba","KRAJ_NUTS",100,"3123","Olomoucký kraj","CISOB",43,"552313","Domašov u Šternberka"
"CS","Odvozená vazba","KRAJ_NUTS",100,"3123","Olomoucký kraj","CISOB",43,"552330","Hlásnice"
"CS","Odvozená vazba","KRAJ_NUTS",100,"3123","Olomoucký kraj","CISOB",43,"552348","Mladějovice"
"CS","Odvozená vazba","KRAJ_NUTS",100,"3123","Olomoucký kraj","CISOB",43,"552356","Babice"
"CS","Odvozená vazba","KRAJ_NUTS",100,"3123","Olomoucký kraj","CISOB",43,"552364","Ústín"
"CS","Odvozená vazba","KRAJ_NUTS",100,"3123","Olomoucký kraj","CISOB",43,"552372","Medlov"
"CS","Odvozená vazba","KRAJ_NUTS",100,"3123","Olomoucký kraj","CISOB",43,"552381","Nová Hradečná"
"CS","Odvozená vazba","KRAJ_NUTS",100,"3123","Olomoucký kraj","CISOB",43,"552399","Želechovice"
"CS","Odvozená vazba","KRAJ_NUTS",100,"3123","Olomoucký kraj","CISOB",43,"552402","Bukovany"
"CS","Odvozená vazba","KRAJ_NUTS",100,"3123","Olomoucký kraj","CISOB",43,"552411","Přáslavice"
"CS","Odvozená vazba","KRAJ_NUTS",100,"3123","Olomoucký kraj","CISOB",43,"552429","Svésedlice"
"CS","Odvozená vazba","KRAJ_NUTS",100,"3123","Olomoucký kraj","CISOB",43,"552437","Krčmaň"
"CS","Odvozená vazba","KRAJ_NUTS",100,"3123","Olomoucký kraj","CISOB",43,"552445","Daskabát"
"CS","Odvozená vazba","KRAJ_NUTS",100,"3123","Olomoucký kraj","CISOB",43,"552755","Věžky"
"CS","Odvozená vazba","KRAJ_NUTS",100,"3123","Olomoucký kraj","CISOB",43,"552771","Čechy"
"CS","Odvozená vazba","KRAJ_NUTS",100,"3123","Olomoucký kraj","CISOB",43,"552780","Křtomil"
"CS","Odvozená vazba","KRAJ_NUTS",100,"3123","Olomoucký kraj","CISOB",43,"552810","Nahošovice"
"CS","Odvozená vazba","KRAJ_NUTS",100,"3123","Olomoucký kraj","CISOB",43,"552836","Turovice"
"CS","Odvozená vazba","KRAJ_NUTS",100,"3123","Olomoucký kraj","CISOB",43,"552844","Olšovec"
"CS","Odvozená vazba","KRAJ_NUTS",100,"3123","Olomoucký kraj","CISOB",43,"552879","Uhřičice"
"CS","Odvozená vazba","KRAJ_NUTS",100,"3123","Olomoucký kraj","CISOB",43,"552887","Stříbrnice"
"CS","Odvozená vazba","KRAJ_NUTS",100,"3123","Olomoucký kraj","CISOB",43,"552909","Měrovice nad Hanou"
"CS","Odvozená vazba","KRAJ_NUTS",100,"3123","Olomoucký kraj","CISOB",43,"552950","Šišma"
"CS","Odvozená vazba","KRAJ_NUTS",100,"3123","Olomoucký kraj","CISOB",43,"552968","Horní Těšice"
"CS","Odvozená vazba","KRAJ_NUTS",100,"3123","Olomoucký kraj","CISOB",43,"552984","Dolní Těšice"
"CS","Odvozená vazba","KRAJ_NUTS",100,"3123","Olomoucký kraj","CISOB",43,"553000","Oplocany"
"CS","Odvozená vazba","KRAJ_NUTS",100,"3123","Olomoucký kraj","CISOB",43,"553191","Vikantice"
"CS","Odvozená vazba","KRAJ_NUTS",100,"3123","Olomoucký kraj","CISOB",43,"553212","Janoušov"
"CS","Odvozená vazba","KRAJ_NUTS",100,"3123","Olomoucký kraj","CISOB",43,"553221","Hrabová"
"CS","Odvozená vazba","KRAJ_NUTS",100,"3123","Olomoucký kraj","CISOB",43,"553247","Kopřivná"
"CS","Odvozená vazba","KRAJ_NUTS",100,"3123","Olomoucký kraj","CISOB",43,"553301","Hradec-Nová Ves"
"CS","Odvozená vazba","KRAJ_NUTS",100,"3123","Olomoucký kraj","CISOB",43,"553336","Třeština"
"CS","Odvozená vazba","KRAJ_NUTS",100,"3123","Olomoucký kraj","CISOB",43,"553344","Jakubovice"
"CS","Odvozená vazba","KRAJ_NUTS",100,"3123","Olomoucký kraj","CISOB",43,"553352","Postřelmůvek"
"CS","Odvozená vazba","KRAJ_NUTS",100,"3123","Olomoucký kraj","CISOB",43,"553379","Dolní Studénky"
"CS","Odvozená vazba","KRAJ_NUTS",100,"3123","Olomoucký kraj","CISOB",43,"553387","Hraběšice"
"CS","Odvozená vazba","KRAJ_NUTS",100,"3123","Olomoucký kraj","CISOB",43,"553395","Rejchartice"
"CS","Odvozená vazba","KRAJ_NUTS",100,"3123","Olomoucký kraj","CISOB",43,"553468","Velká Kraš"
"CS","Odvozená vazba","KRAJ_NUTS",100,"3123","Olomoucký kraj","CISOB",43,"553476","Nemile"
"CS","Odvozená vazba","KRAJ_NUTS",100,"3123","Olomoucký kraj","CISOB",43,"553484","Skorošice"
"CS","Odvozená vazba","KRAJ_NUTS",100,"3123","Olomoucký kraj","CISOB",43,"554103","Řídeč"
"CS","Odvozená vazba","KRAJ_NUTS",100,"3123","Olomoucký kraj","CISOB",43,"554146","Vernířovice"
"CS","Odvozená vazba","KRAJ_NUTS",100,"3123","Olomoucký kraj","CISOB",43,"554901","Křelov-Břuchotín"
"CS","Odvozená vazba","KRAJ_NUTS",100,"3123","Olomoucký kraj","CISOB",43,"554944","Mrsklesy"
"CS","Odvozená vazba","KRAJ_NUTS",100,"3123","Olomoucký kraj","CISOB",43,"556998","Jezernice"
"CS","Odvozená vazba","KRAJ_NUTS",100,"3123","Olomoucký kraj","CISOB",43,"557196","Pavlovice u Kojetína"
"CS","Odvozená vazba","KRAJ_NUTS",100,"3123","Olomoucký kraj","CISOB",43,"557218","Kobylá nad Vidnavkou"
"CS","Odvozená vazba","KRAJ_NUTS",100,"3123","Olomoucký kraj","CISOB",43,"558419","Držovice"
"CS","Odvozená vazba","KRAJ_NUTS",100,"3123","Olomoucký kraj","CISOB",43,"568392","Doloplazy"
"CS","Odvozená vazba","KRAJ_NUTS",100,"3123","Olomoucký kraj","CISOB",43,"568872","Charváty"
"CS","Odvozená vazba","KRAJ_NUTS",100,"3123","Olomoucký kraj","CISOB",43,"568911","Měrotín"
"CS","Odvozená vazba","KRAJ_NUTS",100,"3123","Olomoucký kraj","CISOB",43,"568961","Vilémov"
"CS","Odvozená vazba","KRAJ_NUTS",100,"3123","Olomoucký kraj","CISOB",43,"569003","Liboš"
"CS","Odvozená vazba","KRAJ_NUTS",100,"3123","Olomoucký kraj","CISOB",43,"569054","Strukov"
"CS","Odvozená vazba","KRAJ_NUTS",100,"3123","Olomoucký kraj","CISOB",43,"569135","Císařov"
"CS","Odvozená vazba","KRAJ_NUTS",100,"3123","Olomoucký kraj","CISOB",43,"569143","Křenovice"
"CS","Odvozená vazba","KRAJ_NUTS",100,"3123","Olomoucký kraj","CISOB",43,"569178","Bohuslávky"
"CS","Odvozená vazba","KRAJ_NUTS",100,"3123","Olomoucký kraj","CISOB",43,"569194","Grymov"
"CS","Odvozená vazba","KRAJ_NUTS",100,"3123","Olomoucký kraj","CISOB",43,"569259","Dolní Nětčice"
"CS","Odvozená vazba","KRAJ_NUTS",100,"3123","Olomoucký kraj","CISOB",43,"569267","Hlinsko"
"CS","Odvozená vazba","KRAJ_NUTS",100,"3123","Olomoucký kraj","CISOB",43,"569275","Horní Nětčice"
"CS","Odvozená vazba","KRAJ_NUTS",100,"3123","Olomoucký kraj","CISOB",43,"569283","Kladníky"
"CS","Odvozená vazba","KRAJ_NUTS",100,"3123","Olomoucký kraj","CISOB",43,"569305","Chromeč"
"CS","Odvozená vazba","KRAJ_NUTS",100,"3123","Olomoucký kraj","CISOB",43,"569330","Ostružná"
"CS","Odvozená vazba","KRAJ_NUTS",100,"3123","Olomoucký kraj","CISOB",43,"569356","Česká Ves"
"CS","Odvozená vazba","KRAJ_NUTS",100,"3123","Olomoucký kraj","CISOB",43,"569372","Krchleby"
"CS","Odvozená vazba","KRAJ_NUTS",100,"3123","Olomoucký kraj","CISOB",43,"569381","Mírov"
"CS","Odvozená vazba","KRAJ_NUTS",100,"3123","Olomoucký kraj","CISOB",43,"569437","Bratrušov"
"CS","Odvozená vazba","KRAJ_NUTS",100,"3123","Olomoucký kraj","CISOB",43,"569445","Vikýřovice"
"CS","Odvozená vazba","KRAJ_NUTS",100,"3123","Olomoucký kraj","CISOB",43,"569453","Velké Kunětice"
"CS","Odvozená vazba","KRAJ_NUTS",100,"3123","Olomoucký kraj","CISOB",43,"569542","Horní Újezd"
"CS","Odvozená vazba","KRAJ_NUTS",100,"3123","Olomoucký kraj","CISOB",43,"569771","Suchonice"
"CS","Odvozená vazba","KRAJ_NUTS",100,"3123","Olomoucký kraj","CISOB",43,"569798","Horní Loděnice"
"CS","Odvozená vazba","KRAJ_NUTS",100,"3123","Olomoucký kraj","CISOB",43,"569844","Lužice"
"CS","Odvozená vazba","KRAJ_NUTS",100,"3123","Olomoucký kraj","CISOB",43,"570061","Špičky"
"CS","Odvozená vazba","KRAJ_NUTS",100,"3123","Olomoucký kraj","CISOB",43,"570079","Týn nad Bečvou"
"CS","Odvozená vazba","KRAJ_NUTS",100,"3123","Olomoucký kraj","CISOB",43,"570095","Vyšehoří"
"CS","Odvozená vazba","KRAJ_NUTS",100,"3123","Olomoucký kraj","CISOB",43,"570117","Šléglov"
"CS","Odvozená vazba","KRAJ_NUTS",100,"3123","Olomoucký kraj","CISOB",43,"570141","Drozdov"
"CS","Odvozená vazba","KRAJ_NUTS",100,"3123","Olomoucký kraj","CISOB",43,"570281","Stavenice"
"CS","Odvozená vazba","KRAJ_NUTS",100,"3123","Olomoucký kraj","CISOB",43,"570338","Zborov"
"CS","Odvozená vazba","KRAJ_NUTS",100,"3123","Olomoucký kraj","CISOB",43,"589250","Prostějov"
"CS","Odvozená vazba","KRAJ_NUTS",100,"3123","Olomoucký kraj","CISOB",43,"589268","Bedihošť"
"CS","Odvozená vazba","KRAJ_NUTS",100,"3123","Olomoucký kraj","CISOB",43,"589276","Bílovice-Lutotín"
"CS","Odvozená vazba","KRAJ_NUTS",100,"3123","Olomoucký kraj","CISOB",43,"589284","Biskupice"
"CS","Odvozená vazba","KRAJ_NUTS",100,"3123","Olomoucký kraj","CISOB",43,"589292","Bohuslavice"
"CS","Odvozená vazba","KRAJ_NUTS",100,"3123","Olomoucký kraj","CISOB",43,"589306","Bousín"
"CS","Odvozená vazba","KRAJ_NUTS",100,"3123","Olomoucký kraj","CISOB",43,"589314","Brodek u Konice"
"CS","Odvozená vazba","KRAJ_NUTS",100,"3123","Olomoucký kraj","CISOB",43,"589322","Brodek u Prostějova"
"CS","Odvozená vazba","KRAJ_NUTS",100,"3123","Olomoucký kraj","CISOB",43,"589331","Březsko"
"CS","Odvozená vazba","KRAJ_NUTS",100,"3123","Olomoucký kraj","CISOB",43,"589349","Budětsko"
"CS","Odvozená vazba","KRAJ_NUTS",100,"3123","Olomoucký kraj","CISOB",43,"589357","Buková"
"CS","Odvozená vazba","KRAJ_NUTS",100,"3123","Olomoucký kraj","CISOB",43,"589365","Čehovice"
"CS","Odvozená vazba","KRAJ_NUTS",100,"3123","Olomoucký kraj","CISOB",43,"589381","Čechy pod Kosířem"
"CS","Odvozená vazba","KRAJ_NUTS",100,"3123","Olomoucký kraj","CISOB",43,"589390","Čelčice"
"CS","Odvozená vazba","KRAJ_NUTS",100,"3123","Olomoucký kraj","CISOB",43,"589403","Čelechovice na Hané"
"CS","Odvozená vazba","KRAJ_NUTS",100,"3123","Olomoucký kraj","CISOB",43,"589420","Dětkovice"
"CS","Odvozená vazba","KRAJ_NUTS",100,"3123","Olomoucký kraj","CISOB",43,"589438","Dobrochov"
"CS","Odvozená vazba","KRAJ_NUTS",100,"3123","Olomoucký kraj","CISOB",43,"589446","Dobromilice"
"CS","Odvozená vazba","KRAJ_NUTS",100,"3123","Olomoucký kraj","CISOB",43,"589454","Doloplazy"
"CS","Odvozená vazba","KRAJ_NUTS",100,"3123","Olomoucký kraj","CISOB",43,"589462","Drahany"
"CS","Odvozená vazba","KRAJ_NUTS",100,"3123","Olomoucký kraj","CISOB",43,"589489","Dřevnovice"
"CS","Odvozená vazba","KRAJ_NUTS",100,"3123","Olomoucký kraj","CISOB",43,"589497","Dzbel"
"CS","Odvozená vazba","KRAJ_NUTS",100,"3123","Olomoucký kraj","CISOB",43,"589501","Hluchov"
"CS","Odvozená vazba","KRAJ_NUTS",100,"3123","Olomoucký kraj","CISOB",43,"589519","Horní Štěpánov"
"CS","Odvozená vazba","KRAJ_NUTS",100,"3123","Olomoucký kraj","CISOB",43,"589527","Hradčany-Kobeřice"
"CS","Odvozená vazba","KRAJ_NUTS",100,"3123","Olomoucký kraj","CISOB",43,"589535","Hrdibořice"
"CS","Odvozená vazba","KRAJ_NUTS",100,"3123","Olomoucký kraj","CISOB",43,"589543","Hrubčice"
"CS","Odvozená vazba","KRAJ_NUTS",100,"3123","Olomoucký kraj","CISOB",43,"589560","Hvozd"
"CS","Odvozená vazba","KRAJ_NUTS",100,"3123","Olomoucký kraj","CISOB",43,"589578","Ivaň"
"CS","Odvozená vazba","KRAJ_NUTS",100,"3123","Olomoucký kraj","CISOB",43,"589586","Jesenec"
"CS","Odvozená vazba","KRAJ_NUTS",100,"3123","Olomoucký kraj","CISOB",43,"589594","Kladky"
"CS","Odvozená vazba","KRAJ_NUTS",100,"3123","Olomoucký kraj","CISOB",43,"589608","Klenovice na Hané"
"CS","Odvozená vazba","KRAJ_NUTS",100,"3123","Olomoucký kraj","CISOB",43,"589616","Klopotovice"
"CS","Odvozená vazba","KRAJ_NUTS",100,"3123","Olomoucký kraj","CISOB",43,"589624","Konice"
"CS","Odvozená vazba","KRAJ_NUTS",100,"3123","Olomoucký kraj","CISOB",43,"589632","Kostelec na Hané"
"CS","Odvozená vazba","KRAJ_NUTS",100,"3123","Olomoucký kraj","CISOB",43,"589641","Koválovice-Osíčany"
"CS","Odvozená vazba","KRAJ_NUTS",100,"3123","Olomoucký kraj","CISOB",43,"589659","Kralice na Hané"
"CS","Odvozená vazba","KRAJ_NUTS",100,"3123","Olomoucký kraj","CISOB",43,"589667","Krumsín"
"CS","Odvozená vazba","KRAJ_NUTS",100,"3123","Olomoucký kraj","CISOB",43,"589675","Laškov"
"CS","Odvozená vazba","KRAJ_NUTS",100,"3123","Olomoucký kraj","CISOB",43,"589683","Lešany"
"CS","Odvozená vazba","KRAJ_NUTS",100,"3123","Olomoucký kraj","CISOB",43,"589691","Lipová"
"CS","Odvozená vazba","KRAJ_NUTS",100,"3123","Olomoucký kraj","CISOB",43,"589705","Ludmírov"
"CS","Odvozená vazba","KRAJ_NUTS",100,"3123","Olomoucký kraj","CISOB",43,"589713","Malé Hradisko"
"CS","Odvozená vazba","KRAJ_NUTS",100,"3123","Olomoucký kraj","CISOB",43,"589721","Mořice"
"CS","Odvozená vazba","KRAJ_NUTS",100,"3123","Olomoucký kraj","CISOB",43,"589730","Mostkovice"
"CS","Odvozená vazba","KRAJ_NUTS",100,"3123","Olomoucký kraj","CISOB",43,"589748","Myslejovice"
"CS","Odvozená vazba","KRAJ_NUTS",100,"3123","Olomoucký kraj","CISOB",43,"589756","Němčice nad Hanou"
"CS","Odvozená vazba","KRAJ_NUTS",100,"3123","Olomoucký kraj","CISOB",43,"589764","Nezamyslice"
"CS","Odvozená vazba","KRAJ_NUTS",100,"3123","Olomoucký kraj","CISOB",43,"589772","Niva"
"CS","Odvozená vazba","KRAJ_NUTS",100,"3123","Olomoucký kraj","CISOB",43,"589799","Obědkovice"
"CS","Odvozená vazba","KRAJ_NUTS",100,"3123","Olomoucký kraj","CISOB",43,"589802","Ohrozim"
"CS","Odvozená vazba","KRAJ_NUTS",100,"3123","Olomoucký kraj","CISOB",43,"589811","Ochoz"
"CS","Odvozená vazba","KRAJ_NUTS",100,"3123","Olomoucký kraj","CISOB",43,"589829","Olšany u Prostějova"
"CS","Odvozená vazba","KRAJ_NUTS",100,"3123","Olomoucký kraj","CISOB",43,"589837","Ondratice"
"CS","Odvozená vazba","KRAJ_NUTS",100,"3123","Olomoucký kraj","CISOB",43,"589845","Otaslavice"
"CS","Odvozená vazba","KRAJ_NUTS",100,"3123","Olomoucký kraj","CISOB",43,"589853","Otinoves"
"CS","Odvozená vazba","KRAJ_NUTS",100,"3123","Olomoucký kraj","CISOB",43,"589870","Pěnčín"
"CS","Odvozená vazba","KRAJ_NUTS",100,"3123","Olomoucký kraj","CISOB",43,"589888","Pivín"
"CS","Odvozená vazba","KRAJ_NUTS",100,"3123","Olomoucký kraj","CISOB",43,"589896","Plumlov"
"CS","Odvozená vazba","KRAJ_NUTS",100,"3123","Olomoucký kraj","CISOB",43,"589918","Prostějovičky"
"CS","Odvozená vazba","KRAJ_NUTS",100,"3123","Olomoucký kraj","CISOB",43,"589926","Protivanov"
"CS","Odvozená vazba","KRAJ_NUTS",100,"3123","Olomoucký kraj","CISOB",43,"589934","Přemyslovice"
"CS","Odvozená vazba","KRAJ_NUTS",100,"3123","Olomoucký kraj","CISOB",43,"589942","Ptení"
"CS","Odvozená vazba","KRAJ_NUTS",100,"3123","Olomoucký kraj","CISOB",43,"589951","Raková u Konice"
"CS","Odvozená vazba","KRAJ_NUTS",100,"3123","Olomoucký kraj","CISOB",43,"589969","Rakůvka"
"CS","Odvozená vazba","KRAJ_NUTS",100,"3123","Olomoucký kraj","CISOB",43,"589977","Rozstání"
"CS","Odvozená vazba","KRAJ_NUTS",100,"3123","Olomoucký kraj","CISOB",43,"589993","Skalka"
"CS","Odvozená vazba","KRAJ_NUTS",100,"3123","Olomoucký kraj","CISOB",43,"590002","Skřípov"
"CS","Odvozená vazba","KRAJ_NUTS",100,"3123","Olomoucký kraj","CISOB",43,"590011","Slatinky"
"CS","Odvozená vazba","KRAJ_NUTS",100,"3123","Olomoucký kraj","CISOB",43,"590029","Smržice"
"CS","Odvozená vazba","KRAJ_NUTS",100,"3123","Olomoucký kraj","CISOB",43,"590045","Srbce"
"CS","Odvozená vazba","KRAJ_NUTS",100,"3123","Olomoucký kraj","CISOB",43,"590053","Stařechovice"
"CS","Odvozená vazba","KRAJ_NUTS",100,"3123","Olomoucký kraj","CISOB",43,"590061","Stínava"
"CS","Odvozená vazba","KRAJ_NUTS",100,"3123","Olomoucký kraj","CISOB",43,"590070","Stražisko"
"CS","Odvozená vazba","KRAJ_NUTS",100,"3123","Olomoucký kraj","CISOB",43,"590088","Suchdol"
"CS","Odvozená vazba","KRAJ_NUTS",100,"3123","Olomoucký kraj","CISOB",43,"590096","Šubířov"
"CS","Odvozená vazba","KRAJ_NUTS",100,"3123","Olomoucký kraj","CISOB",43,"590100","Tištín"
"CS","Odvozená vazba","KRAJ_NUTS",100,"3123","Olomoucký kraj","CISOB",43,"590118","Tvorovice"
"CS","Odvozená vazba","KRAJ_NUTS",100,"3123","Olomoucký kraj","CISOB",43,"590126","Určice"
"CS","Odvozená vazba","KRAJ_NUTS",100,"3123","Olomoucký kraj","CISOB",43,"590134","Víceměřice"
"CS","Odvozená vazba","KRAJ_NUTS",100,"3123","Olomoucký kraj","CISOB",43,"590142","Vícov"
"CS","Odvozená vazba","KRAJ_NUTS",100,"3123","Olomoucký kraj","CISOB",43,"590151","Vitčice"
"CS","Odvozená vazba","KRAJ_NUTS",100,"3123","Olomoucký kraj","CISOB",43,"590177","Vranovice-Kelčice"
"CS","Odvozená vazba","KRAJ_NUTS",100,"3123","Olomoucký kraj","CISOB",43,"590185","Vrbátky"
"CS","Odvozená vazba","KRAJ_NUTS",100,"3123","Olomoucký kraj","CISOB",43,"590193","Vrchoslavice"
"CS","Odvozená vazba","KRAJ_NUTS",100,"3123","Olomoucký kraj","CISOB",43,"590207","Vřesovice"
"CS","Odvozená vazba","KRAJ_NUTS",100,"3123","Olomoucký kraj","CISOB",43,"590215","Výšovice"
"CS","Odvozená vazba","KRAJ_NUTS",100,"3123","Olomoucký kraj","CISOB",43,"590223","Zdětín"
"CS","Odvozená vazba","KRAJ_NUTS",100,"3123","Olomoucký kraj","CISOB",43,"590240","Želeč"
"CS","Odvozená vazba","KRAJ_NUTS",100,"3123","Olomoucký kraj","CISOB",43,"597414","Huzová"
"CS","Odvozená vazba","KRAJ_NUTS",100,"3123","Olomoucký kraj","CISOB",43,"597678","Moravský Beroun"
"CS","Odvozená vazba","KRAJ_NUTS",100,"3123","Olomoucký kraj","CISOB",43,"597686","Norberčany"
"CS","Odvozená vazba","KRAJ_NUTS",100,"3123","Olomoucký kraj","CISOB",43,"597996","Zlaté Hory"
"CS","Odvozená vazba","KRAJ_NUTS",100,"3131","Zlínský kraj","CISOB",43,"500011","Želechovice nad Dřevnicí"
"CS","Odvozená vazba","KRAJ_NUTS",100,"3131","Zlínský kraj","CISOB",43,"500062","Krhová"
"CS","Odvozená vazba","KRAJ_NUTS",100,"3131","Zlínský kraj","CISOB",43,"500071","Poličná"
"CS","Odvozená vazba","KRAJ_NUTS",100,"3131","Zlínský kraj","CISOB",43,"506737","Chvalčov"
"CS","Odvozená vazba","KRAJ_NUTS",100,"3131","Zlínský kraj","CISOB",43,"534811","Podhradí"
"CS","Odvozená vazba","KRAJ_NUTS",100,"3131","Zlínský kraj","CISOB",43,"535184","Tichov"
"CS","Odvozená vazba","KRAJ_NUTS",100,"3131","Zlínský kraj","CISOB",43,"538744","Březnice"
"CS","Odvozená vazba","KRAJ_NUTS",100,"3131","Zlínský kraj","CISOB",43,"541630","Vsetín"
"CS","Odvozená vazba","KRAJ_NUTS",100,"3131","Zlínský kraj","CISOB",43,"541648","Branky"
"CS","Odvozená vazba","KRAJ_NUTS",100,"3131","Zlínský kraj","CISOB",43,"541711","Bystřička"
"CS","Odvozená vazba","KRAJ_NUTS",100,"3131","Zlínský kraj","CISOB",43,"541800","Dolní Bečva"
"CS","Odvozená vazba","KRAJ_NUTS",100,"3131","Zlínský kraj","CISOB",43,"542318","Blazice"
"CS","Odvozená vazba","KRAJ_NUTS",100,"3131","Zlínský kraj","CISOB",43,"542342","Honětice"
"CS","Odvozená vazba","KRAJ_NUTS",100,"3131","Zlínský kraj","CISOB",43,"542393","Vrbka"
"CS","Odvozená vazba","KRAJ_NUTS",100,"3131","Zlínský kraj","CISOB",43,"542644","Francova Lhota"
"CS","Odvozená vazba","KRAJ_NUTS",100,"3131","Zlínský kraj","CISOB",43,"542679","Halenkov"
"CS","Odvozená vazba","KRAJ_NUTS",100,"3131","Zlínský kraj","CISOB",43,"542687","Horní Bečva"
"CS","Odvozená vazba","KRAJ_NUTS",100,"3131","Zlínský kraj","CISOB",43,"542725","Horní Lideč"
"CS","Odvozená vazba","KRAJ_NUTS",100,"3131","Zlínský kraj","CISOB",43,"542750","Hošťálková"
"CS","Odvozená vazba","KRAJ_NUTS",100,"3131","Zlínský kraj","CISOB",43,"542768","Hovězí"
"CS","Odvozená vazba","KRAJ_NUTS",100,"3131","Zlínský kraj","CISOB",43,"542784","Huslenky"
"CS","Odvozená vazba","KRAJ_NUTS",100,"3131","Zlínský kraj","CISOB",43,"542814","Hutisko-Solanec"
"CS","Odvozená vazba","KRAJ_NUTS",100,"3131","Zlínský kraj","CISOB",43,"542831","Choryně"
"CS","Odvozená vazba","KRAJ_NUTS",100,"3131","Zlínský kraj","CISOB",43,"542865","Jablůnka"
"CS","Odvozená vazba","KRAJ_NUTS",100,"3131","Zlínský kraj","CISOB",43,"542903","Jarcová"
"CS","Odvozená vazba","KRAJ_NUTS",100,"3131","Zlínský kraj","CISOB",43,"542911","Karolinka"
"CS","Odvozená vazba","KRAJ_NUTS",100,"3131","Zlínský kraj","CISOB",43,"542946","Kateřinice"
"CS","Odvozená vazba","KRAJ_NUTS",100,"3131","Zlínský kraj","CISOB",43,"542989","Kelč"
"CS","Odvozená vazba","KRAJ_NUTS",100,"3131","Zlínský kraj","CISOB",43,"542997","Kladeruby"
"CS","Odvozená vazba","KRAJ_NUTS",100,"3131","Zlínský kraj","CISOB",43,"543021","Kunovice"
"CS","Odvozená vazba","KRAJ_NUTS",100,"3131","Zlínský kraj","CISOB",43,"543098","Lačnov"
"CS","Odvozená vazba","KRAJ_NUTS",100,"3131","Zlínský kraj","CISOB",43,"544264","Leskovec"
"CS","Odvozená vazba","KRAJ_NUTS",100,"3131","Zlínský kraj","CISOB",43,"544302","Lešná"
"CS","Odvozená vazba","KRAJ_NUTS",100,"3131","Zlínský kraj","CISOB",43,"544370","Lidečko"
"CS","Odvozená vazba","KRAJ_NUTS",100,"3131","Zlínský kraj","CISOB",43,"544396","Liptál"
"CS","Odvozená vazba","KRAJ_NUTS",100,"3131","Zlínský kraj","CISOB",43,"544418","Loučka"
"CS","Odvozená vazba","KRAJ_NUTS",100,"3131","Zlínský kraj","CISOB",43,"544434","Lužná"
"CS","Odvozená vazba","KRAJ_NUTS",100,"3131","Zlínský kraj","CISOB",43,"544469","Malá Bystřice"
"CS","Odvozená vazba","KRAJ_NUTS",100,"3131","Zlínský kraj","CISOB",43,"544507","Mikulůvka"
"CS","Odvozená vazba","KRAJ_NUTS",100,"3131","Zlínský kraj","CISOB",43,"544566","Nový Hrozenkov"
"CS","Odvozená vazba","KRAJ_NUTS",100,"3131","Zlínský kraj","CISOB",43,"544574","Oznice"
"CS","Odvozená vazba","KRAJ_NUTS",100,"3131","Zlínský kraj","CISOB",43,"544621","Police"
"CS","Odvozená vazba","KRAJ_NUTS",100,"3131","Zlínský kraj","CISOB",43,"544655","Pozděchov"
"CS","Odvozená vazba","KRAJ_NUTS",100,"3131","Zlínský kraj","CISOB",43,"544671","Prlov"
"CS","Odvozená vazba","KRAJ_NUTS",100,"3131","Zlínský kraj","CISOB",43,"544698","Prostřední Bečva"
"CS","Odvozená vazba","KRAJ_NUTS",100,"3131","Zlínský kraj","CISOB",43,"544728","Pržno"
"CS","Odvozená vazba","KRAJ_NUTS",100,"3131","Zlínský kraj","CISOB",43,"544787","Ratiboř"
"CS","Odvozená vazba","KRAJ_NUTS",100,"3131","Zlínský kraj","CISOB",43,"544841","Rožnov pod Radhoštěm"
"CS","Odvozená vazba","KRAJ_NUTS",100,"3131","Zlínský kraj","CISOB",43,"544850","Růžďka"
"CS","Odvozená vazba","KRAJ_NUTS",100,"3131","Zlínský kraj","CISOB",43,"544906","Seninka"
"CS","Odvozená vazba","KRAJ_NUTS",100,"3131","Zlínský kraj","CISOB",43,"544914","Střelná"
"CS","Odvozená vazba","KRAJ_NUTS",100,"3131","Zlínský kraj","CISOB",43,"544922","Střítež nad Bečvou"
"CS","Odvozená vazba","KRAJ_NUTS",100,"3131","Zlínský kraj","CISOB",43,"544931","Študlov"
"CS","Odvozená vazba","KRAJ_NUTS",100,"3131","Zlínský kraj","CISOB",43,"544949","Valašská Bystřice"
"CS","Odvozená vazba","KRAJ_NUTS",100,"3131","Zlínský kraj","CISOB",43,"544990","Valašská Polanka"
"CS","Odvozená vazba","KRAJ_NUTS",100,"3131","Zlínský kraj","CISOB",43,"545058","Valašské Meziříčí"
"CS","Odvozená vazba","KRAJ_NUTS",100,"3131","Zlínský kraj","CISOB",43,"545112","Valašské Příkazy"
"CS","Odvozená vazba","KRAJ_NUTS",100,"3131","Zlínský kraj","CISOB",43,"545147","Velká Lhota"
"CS","Odvozená vazba","KRAJ_NUTS",100,"3131","Zlínský kraj","CISOB",43,"545163","Velké Karlovice"
"CS","Odvozená vazba","KRAJ_NUTS",100,"3131","Zlínský kraj","CISOB",43,"545198","Vidče"
"CS","Odvozená vazba","KRAJ_NUTS",100,"3131","Zlínský kraj","CISOB",43,"545210","Vigantice"
"CS","Odvozená vazba","KRAJ_NUTS",100,"3131","Zlínský kraj","CISOB",43,"545236","Zašová"
"CS","Odvozená vazba","KRAJ_NUTS",100,"3131","Zlínský kraj","CISOB",43,"545244","Zděchov"
"CS","Odvozená vazba","KRAJ_NUTS",100,"3131","Zlínský kraj","CISOB",43,"545252","Zubří"
"CS","Odvozená vazba","KRAJ_NUTS",100,"3131","Zlínský kraj","CISOB",43,"549401","Pozlovice"
"CS","Odvozená vazba","KRAJ_NUTS",100,"3131","Zlínský kraj","CISOB",43,"549436","Komárov"
"CS","Odvozená vazba","KRAJ_NUTS",100,"3131","Zlínský kraj","CISOB",43,"549444","Oldřichovice"
"CS","Odvozená vazba","KRAJ_NUTS",100,"3131","Zlínský kraj","CISOB",43,"549461","Pohořelice"
"CS","Odvozená vazba","KRAJ_NUTS",100,"3131","Zlínský kraj","CISOB",43,"549533","Poteč"
"CS","Odvozená vazba","KRAJ_NUTS",100,"3131","Zlínský kraj","CISOB",43,"549550","Lhotsko"
"CS","Odvozená vazba","KRAJ_NUTS",100,"3131","Zlínský kraj","CISOB",43,"549622","Lípa"
"CS","Odvozená vazba","KRAJ_NUTS",100,"3131","Zlínský kraj","CISOB",43,"549649","Tečovice"
"CS","Odvozená vazba","KRAJ_NUTS",100,"3131","Zlínský kraj","CISOB",43,"549690","Bořenovice"
"CS","Odvozená vazba","KRAJ_NUTS",100,"3131","Zlínský kraj","CISOB",43,"549720","Přílepy"
"CS","Odvozená vazba","KRAJ_NUTS",100,"3131","Zlínský kraj","CISOB",43,"550736","Hostětín"
"CS","Odvozená vazba","KRAJ_NUTS",100,"3131","Zlínský kraj","CISOB",43,"550744","Kunovice"
"CS","Odvozená vazba","KRAJ_NUTS",100,"3131","Zlínský kraj","CISOB",43,"550752","Staré Město"
"CS","Odvozená vazba","KRAJ_NUTS",100,"3131","Zlínský kraj","CISOB",43,"553026","Valašská Senice"
"CS","Odvozená vazba","KRAJ_NUTS",100,"3131","Zlínský kraj","CISOB",43,"553905","Mrlínek"
"CS","Odvozená vazba","KRAJ_NUTS",100,"3131","Zlínský kraj","CISOB",43,"556866","Lhota u Vsetína"
"CS","Odvozená vazba","KRAJ_NUTS",100,"3131","Zlínský kraj","CISOB",43,"556874","Petrůvka"
"CS","Odvozená vazba","KRAJ_NUTS",100,"3131","Zlínský kraj","CISOB",43,"556980","Rokytnice"
"CS","Odvozená vazba","KRAJ_NUTS",100,"3131","Zlínský kraj","CISOB",43,"557102","Bohuslavice nad Vláří"
"CS","Odvozená vazba","KRAJ_NUTS",100,"3131","Zlínský kraj","CISOB",43,"557145","Lukoveček"
"CS","Odvozená vazba","KRAJ_NUTS",100,"3131","Zlínský kraj","CISOB",43,"557170","Ostrata"
"CS","Odvozená vazba","KRAJ_NUTS",100,"3131","Zlínský kraj","CISOB",43,"557188","Šelešovice"
"CS","Odvozená vazba","KRAJ_NUTS",100,"3131","Zlínský kraj","CISOB",43,"569496","Podolí"
"CS","Odvozená vazba","KRAJ_NUTS",100,"3131","Zlínský kraj","CISOB",43,"570346","Janová"
"CS","Odvozená vazba","KRAJ_NUTS",100,"3131","Zlínský kraj","CISOB",43,"570371","Ústí"
"CS","Odvozená vazba","KRAJ_NUTS",100,"3131","Zlínský kraj","CISOB",43,"573434","Lhota"
"CS","Odvozená vazba","KRAJ_NUTS",100,"3131","Zlínský kraj","CISOB",43,"585068","Zlín"
"CS","Odvozená vazba","KRAJ_NUTS",100,"3131","Zlínský kraj","CISOB",43,"585076","Biskupice"
"CS","Odvozená vazba","KRAJ_NUTS",100,"3131","Zlínský kraj","CISOB",43,"585092","Bohuslavice u Zlína"
"CS","Odvozená vazba","KRAJ_NUTS",100,"3131","Zlínský kraj","CISOB",43,"585106","Bratřejov"
"CS","Odvozená vazba","KRAJ_NUTS",100,"3131","Zlínský kraj","CISOB",43,"585114","Brumov-Bylnice"
"CS","Odvozená vazba","KRAJ_NUTS",100,"3131","Zlínský kraj","CISOB",43,"585131","Březová"
"CS","Odvozená vazba","KRAJ_NUTS",100,"3131","Zlínský kraj","CISOB",43,"585149","Březůvky"
"CS","Odvozená vazba","KRAJ_NUTS",100,"3131","Zlínský kraj","CISOB",43,"585157","Dešná"
"CS","Odvozená vazba","KRAJ_NUTS",100,"3131","Zlínský kraj","CISOB",43,"585165","Dobrkovice"
"CS","Odvozená vazba","KRAJ_NUTS",100,"3131","Zlínský kraj","CISOB",43,"585173","Dolní Lhota"
"CS","Odvozená vazba","KRAJ_NUTS",100,"3131","Zlínský kraj","CISOB",43,"585181","Doubravy"
"CS","Odvozená vazba","KRAJ_NUTS",100,"3131","Zlínský kraj","CISOB",43,"585190","Drnovice"
"CS","Odvozená vazba","KRAJ_NUTS",100,"3131","Zlínský kraj","CISOB",43,"585203","Držková"
"CS","Odvozená vazba","KRAJ_NUTS",100,"3131","Zlínský kraj","CISOB",43,"585211","Fryšták"
"CS","Odvozená vazba","KRAJ_NUTS",100,"3131","Zlínský kraj","CISOB",43,"585220","Halenkovice"
"CS","Odvozená vazba","KRAJ_NUTS",100,"3131","Zlínský kraj","CISOB",43,"585238","Haluzice"
"CS","Odvozená vazba","KRAJ_NUTS",100,"3131","Zlínský kraj","CISOB",43,"585246","Horní Lhota"
"CS","Odvozená vazba","KRAJ_NUTS",100,"3131","Zlínský kraj","CISOB",43,"585254","Hostišová"
"CS","Odvozená vazba","KRAJ_NUTS",100,"3131","Zlínský kraj","CISOB",43,"585262","Hrobice"
"CS","Odvozená vazba","KRAJ_NUTS",100,"3131","Zlínský kraj","CISOB",43,"585271","Hřivínův Újezd"
"CS","Odvozená vazba","KRAJ_NUTS",100,"3131","Zlínský kraj","CISOB",43,"585289","Hvozdná"
"CS","Odvozená vazba","KRAJ_NUTS",100,"3131","Zlínský kraj","CISOB",43,"585301","Jasenná"
"CS","Odvozená vazba","KRAJ_NUTS",100,"3131","Zlínský kraj","CISOB",43,"585319","Jestřabí"
"CS","Odvozená vazba","KRAJ_NUTS",100,"3131","Zlínský kraj","CISOB",43,"585327","Kaňovice"
"CS","Odvozená vazba","KRAJ_NUTS",100,"3131","Zlínský kraj","CISOB",43,"585343","Kašava"
"CS","Odvozená vazba","KRAJ_NUTS",100,"3131","Zlínský kraj","CISOB",43,"585432","Loučka"
"CS","Odvozená vazba","KRAJ_NUTS",100,"3131","Zlínský kraj","CISOB",43,"585441","Ludkovice"
"CS","Odvozená vazba","KRAJ_NUTS",100,"3131","Zlínský kraj","CISOB",43,"585459","Luhačovice"
"CS","Odvozená vazba","KRAJ_NUTS",100,"3131","Zlínský kraj","CISOB",43,"585467","Lukov"
"CS","Odvozená vazba","KRAJ_NUTS",100,"3131","Zlínský kraj","CISOB",43,"585483","Lutonina"
"CS","Odvozená vazba","KRAJ_NUTS",100,"3131","Zlínský kraj","CISOB",43,"585491","Machová"
"CS","Odvozená vazba","KRAJ_NUTS",100,"3131","Zlínský kraj","CISOB",43,"585505","Mysločovice"
"CS","Odvozená vazba","KRAJ_NUTS",100,"3131","Zlínský kraj","CISOB",43,"585513","Napajedla"
"CS","Odvozená vazba","KRAJ_NUTS",100,"3131","Zlínský kraj","CISOB",43,"585521","Návojná"
"CS","Odvozená vazba","KRAJ_NUTS",100,"3131","Zlínský kraj","CISOB",43,"585530","Nedašov"
"CS","Odvozená vazba","KRAJ_NUTS",100,"3131","Zlínský kraj","CISOB",43,"585548","Nedašova Lhota"
"CS","Odvozená vazba","KRAJ_NUTS",100,"3131","Zlínský kraj","CISOB",43,"585556","Neubuz"
"CS","Odvozená vazba","KRAJ_NUTS",100,"3131","Zlínský kraj","CISOB",43,"585599","Otrokovice"
"CS","Odvozená vazba","KRAJ_NUTS",100,"3131","Zlínský kraj","CISOB",43,"585611","Podkopná Lhota"
"CS","Odvozená vazba","KRAJ_NUTS",100,"3131","Zlínský kraj","CISOB",43,"585661","Provodov"
"CS","Odvozená vazba","KRAJ_NUTS",100,"3131","Zlínský kraj","CISOB",43,"585670","Racková"
"CS","Odvozená vazba","KRAJ_NUTS",100,"3131","Zlínský kraj","CISOB",43,"585726","Sazovice"
"CS","Odvozená vazba","KRAJ_NUTS",100,"3131","Zlínský kraj","CISOB",43,"585734","Sehradice"
"CS","Odvozená vazba","KRAJ_NUTS",100,"3131","Zlínský kraj","CISOB",43,"585751","Slavičín"
"CS","Odvozená vazba","KRAJ_NUTS",100,"3131","Zlínský kraj","CISOB",43,"585769","Slopné"
"CS","Odvozená vazba","KRAJ_NUTS",100,"3131","Zlínský kraj","CISOB",43,"585777","Slušovice"
"CS","Odvozená vazba","KRAJ_NUTS",100,"3131","Zlínský kraj","CISOB",43,"585793","Spytihněv"
"CS","Odvozená vazba","KRAJ_NUTS",100,"3131","Zlínský kraj","CISOB",43,"585807","Šanov"
"CS","Odvozená vazba","KRAJ_NUTS",100,"3131","Zlínský kraj","CISOB",43,"585815","Šarovy"
"CS","Odvozená vazba","KRAJ_NUTS",100,"3131","Zlínský kraj","CISOB",43,"585831","Štítná nad Vláří-Popov"
"CS","Odvozená vazba","KRAJ_NUTS",100,"3131","Zlínský kraj","CISOB",43,"585858","Tlumačov"
"CS","Odvozená vazba","KRAJ_NUTS",100,"3131","Zlínský kraj","CISOB",43,"585866","Trnava"
"CS","Odvozená vazba","KRAJ_NUTS",100,"3131","Zlínský kraj","CISOB",43,"585874","Ublo"
"CS","Odvozená vazba","KRAJ_NUTS",100,"3131","Zlínský kraj","CISOB",43,"585882","Újezd"
"CS","Odvozená vazba","KRAJ_NUTS",100,"3131","Zlínský kraj","CISOB",43,"585891","Valašské Klobouky"
"CS","Odvozená vazba","KRAJ_NUTS",100,"3131","Zlínský kraj","CISOB",43,"585912","Velký Ořechov"
"CS","Odvozená vazba","KRAJ_NUTS",100,"3131","Zlínský kraj","CISOB",43,"585921","Veselá"
"CS","Odvozená vazba","KRAJ_NUTS",100,"3131","Zlínský kraj","CISOB",43,"585939","Vizovice"
"CS","Odvozená vazba","KRAJ_NUTS",100,"3131","Zlínský kraj","CISOB",43,"585955","Vlachovice"
"CS","Odvozená vazba","KRAJ_NUTS",100,"3131","Zlínský kraj","CISOB",43,"585963","Vlčková"
"CS","Odvozená vazba","KRAJ_NUTS",100,"3131","Zlínský kraj","CISOB",43,"585971","Všemina"
"CS","Odvozená vazba","KRAJ_NUTS",100,"3131","Zlínský kraj","CISOB",43,"585980","Vysoké Pole"
"CS","Odvozená vazba","KRAJ_NUTS",100,"3131","Zlínský kraj","CISOB",43,"585998","Zádveřice-Raková"
"CS","Odvozená vazba","KRAJ_NUTS",100,"3131","Zlínský kraj","CISOB",43,"586013","Žlutava"
"CS","Odvozená vazba","KRAJ_NUTS",100,"3131","Zlínský kraj","CISOB",43,"586871","Lipová"
"CS","Odvozená vazba","KRAJ_NUTS",100,"3131","Zlínský kraj","CISOB",43,"586919","Rudimov"
"CS","Odvozená vazba","KRAJ_NUTS",100,"3131","Zlínský kraj","CISOB",43,"586960","Křekov"
"CS","Odvozená vazba","KRAJ_NUTS",100,"3131","Zlínský kraj","CISOB",43,"586994","Vlachova Lhota"
"CS","Odvozená vazba","KRAJ_NUTS",100,"3131","Zlínský kraj","CISOB",43,"587052","Karlovice"
"CS","Odvozená vazba","KRAJ_NUTS",100,"3131","Zlínský kraj","CISOB",43,"587257","Zástřizly"
"CS","Odvozená vazba","KRAJ_NUTS",100,"3131","Zlínský kraj","CISOB",43,"587354","Karolín"
"CS","Odvozená vazba","KRAJ_NUTS",100,"3131","Zlínský kraj","CISOB",43,"587397","Prasklice"
"CS","Odvozená vazba","KRAJ_NUTS",100,"3131","Zlínský kraj","CISOB",43,"588296","Kroměříž"
"CS","Odvozená vazba","KRAJ_NUTS",100,"3131","Zlínský kraj","CISOB",43,"588300","Bařice-Velké Těšany"
"CS","Odvozená vazba","KRAJ_NUTS",100,"3131","Zlínský kraj","CISOB",43,"588318","Bělov"
"CS","Odvozená vazba","KRAJ_NUTS",100,"3131","Zlínský kraj","CISOB",43,"588326","Bezměrov"
"CS","Odvozená vazba","KRAJ_NUTS",100,"3131","Zlínský kraj","CISOB",43,"588377","Brusné"
"CS","Odvozená vazba","KRAJ_NUTS",100,"3131","Zlínský kraj","CISOB",43,"588385","Břest"
"CS","Odvozená vazba","KRAJ_NUTS",100,"3131","Zlínský kraj","CISOB",43,"588393","Bystřice pod Hostýnem"
"CS","Odvozená vazba","KRAJ_NUTS",100,"3131","Zlínský kraj","CISOB",43,"588407","Cetechovice"
"CS","Odvozená vazba","KRAJ_NUTS",100,"3131","Zlínský kraj","CISOB",43,"588431","Dřínov"
"CS","Odvozená vazba","KRAJ_NUTS",100,"3131","Zlínský kraj","CISOB",43,"588458","Holešov"
"CS","Odvozená vazba","KRAJ_NUTS",100,"3131","Zlínský kraj","CISOB",43,"588474","Horní Lapač"
"CS","Odvozená vazba","KRAJ_NUTS",100,"3131","Zlínský kraj","CISOB",43,"588482","Hoštice"
"CS","Odvozená vazba","KRAJ_NUTS",100,"3131","Zlínský kraj","CISOB",43,"588491","Hulín"
"CS","Odvozená vazba","KRAJ_NUTS",100,"3131","Zlínský kraj","CISOB",43,"588504","Chomýž"
"CS","Odvozená vazba","KRAJ_NUTS",100,"3131","Zlínský kraj","CISOB",43,"588512","Chropyně"
"CS","Odvozená vazba","KRAJ_NUTS",100,"3131","Zlínský kraj","CISOB",43,"588521","Kostelany"
"CS","Odvozená vazba","KRAJ_NUTS",100,"3131","Zlínský kraj","CISOB",43,"588547","Chvalnov-Lísky"
"CS","Odvozená vazba","KRAJ_NUTS",100,"3131","Zlínský kraj","CISOB",43,"588555","Jankovice"
"CS","Odvozená vazba","KRAJ_NUTS",100,"3131","Zlínský kraj","CISOB",43,"588563","Jarohněvice"
"CS","Odvozená vazba","KRAJ_NUTS",100,"3131","Zlínský kraj","CISOB",43,"588598","Komárno"
"CS","Odvozená vazba","KRAJ_NUTS",100,"3131","Zlínský kraj","CISOB",43,"588601","Koryčany"
"CS","Odvozená vazba","KRAJ_NUTS",100,"3131","Zlínský kraj","CISOB",43,"588610","Kostelec u Holešova"
"CS","Odvozená vazba","KRAJ_NUTS",100,"3131","Zlínský kraj","CISOB",43,"588628","Kunkovice"
"CS","Odvozená vazba","KRAJ_NUTS",100,"3131","Zlínský kraj","CISOB",43,"588636","Kurovice"
"CS","Odvozená vazba","KRAJ_NUTS",100,"3131","Zlínský kraj","CISOB",43,"588644","Kvasice"
"CS","Odvozená vazba","KRAJ_NUTS",100,"3131","Zlínský kraj","CISOB",43,"588652","Kyselovice"
"CS","Odvozená vazba","KRAJ_NUTS",100,"3131","Zlínský kraj","CISOB",43,"588661","Lechotice"
"CS","Odvozená vazba","KRAJ_NUTS",100,"3131","Zlínský kraj","CISOB",43,"588695","Litenčice"
"CS","Odvozená vazba","KRAJ_NUTS",100,"3131","Zlínský kraj","CISOB",43,"588709","Loukov"
"CS","Odvozená vazba","KRAJ_NUTS",100,"3131","Zlínský kraj","CISOB",43,"588717","Lubná"
"CS","Odvozená vazba","KRAJ_NUTS",100,"3131","Zlínský kraj","CISOB",43,"588725","Ludslavice"
"CS","Odvozená vazba","KRAJ_NUTS",100,"3131","Zlínský kraj","CISOB",43,"588733","Lutopecny"
"CS","Odvozená vazba","KRAJ_NUTS",100,"3131","Zlínský kraj","CISOB",43,"588741","Martinice"
"CS","Odvozená vazba","KRAJ_NUTS",100,"3131","Zlínský kraj","CISOB",43,"588750","Míškovice"
"CS","Odvozená vazba","KRAJ_NUTS",100,"3131","Zlínský kraj","CISOB",43,"588768","Morkovice-Slížany"
"CS","Odvozená vazba","KRAJ_NUTS",100,"3131","Zlínský kraj","CISOB",43,"588784","Němčice"
"CS","Odvozená vazba","KRAJ_NUTS",100,"3131","Zlínský kraj","CISOB",43,"588806","Nítkovice"
"CS","Odvozená vazba","KRAJ_NUTS",100,"3131","Zlínský kraj","CISOB",43,"588814","Nová Dědina"
"CS","Odvozená vazba","KRAJ_NUTS",100,"3131","Zlínský kraj","CISOB",43,"588822","Osíčko"
"CS","Odvozená vazba","KRAJ_NUTS",100,"3131","Zlínský kraj","CISOB",43,"588831","Pacetluky"
"CS","Odvozená vazba","KRAJ_NUTS",100,"3131","Zlínský kraj","CISOB",43,"588849","Pačlavice"
"CS","Odvozená vazba","KRAJ_NUTS",100,"3131","Zlínský kraj","CISOB",43,"588865","Počenice-Tetětice"
"CS","Odvozená vazba","KRAJ_NUTS",100,"3131","Zlínský kraj","CISOB",43,"588873","Podhradní Lhota"
"CS","Odvozená vazba","KRAJ_NUTS",100,"3131","Zlínský kraj","CISOB",43,"588890","Pravčice"
"CS","Odvozená vazba","KRAJ_NUTS",100,"3131","Zlínský kraj","CISOB",43,"588903","Prusinovice"
"CS","Odvozená vazba","KRAJ_NUTS",100,"3131","Zlínský kraj","CISOB",43,"588920","Rajnochovice"
"CS","Odvozená vazba","KRAJ_NUTS",100,"3131","Zlínský kraj","CISOB",43,"588938","Rataje"
"CS","Odvozená vazba","KRAJ_NUTS",100,"3131","Zlínský kraj","CISOB",43,"588946","Roštění"
"CS","Odvozená vazba","KRAJ_NUTS",100,"3131","Zlínský kraj","CISOB",43,"588954","Roštín"
"CS","Odvozená vazba","KRAJ_NUTS",100,"3131","Zlínský kraj","CISOB",43,"588962","Rusava"
"CS","Odvozená vazba","KRAJ_NUTS",100,"3131","Zlínský kraj","CISOB",43,"588971","Rymice"
"CS","Odvozená vazba","KRAJ_NUTS",100,"3131","Zlínský kraj","CISOB",43,"588989","Skaštice"
"CS","Odvozená vazba","KRAJ_NUTS",100,"3131","Zlínský kraj","CISOB",43,"588997","Slavkov pod Hostýnem"
"CS","Odvozená vazba","KRAJ_NUTS",100,"3131","Zlínský kraj","CISOB",43,"589004","Soběsuky"
"CS","Odvozená vazba","KRAJ_NUTS",100,"3131","Zlínský kraj","CISOB",43,"589039","Střílky"
"CS","Odvozená vazba","KRAJ_NUTS",100,"3131","Zlínský kraj","CISOB",43,"589047","Střížovice"
"CS","Odvozená vazba","KRAJ_NUTS",100,"3131","Zlínský kraj","CISOB",43,"589055","Sulimov"
"CS","Odvozená vazba","KRAJ_NUTS",100,"3131","Zlínský kraj","CISOB",43,"589080","Troubky-Zdislavice"
"CS","Odvozená vazba","KRAJ_NUTS",100,"3131","Zlínský kraj","CISOB",43,"589098","Třebětice"
"CS","Odvozená vazba","KRAJ_NUTS",100,"3131","Zlínský kraj","CISOB",43,"589110","Uhřice"
"CS","Odvozená vazba","KRAJ_NUTS",100,"3131","Zlínský kraj","CISOB",43,"589128","Věžky"
"CS","Odvozená vazba","KRAJ_NUTS",100,"3131","Zlínský kraj","CISOB",43,"589136","Vítonice"
"CS","Odvozená vazba","KRAJ_NUTS",100,"3131","Zlínský kraj","CISOB",43,"589152","Zahnašovice"
"CS","Odvozená vazba","KRAJ_NUTS",100,"3131","Zlínský kraj","CISOB",43,"589161","Záříčí"
"CS","Odvozená vazba","KRAJ_NUTS",100,"3131","Zlínský kraj","CISOB",43,"589187","Zborovice"
"CS","Odvozená vazba","KRAJ_NUTS",100,"3131","Zlínský kraj","CISOB",43,"589195","Zdounky"
"CS","Odvozená vazba","KRAJ_NUTS",100,"3131","Zlínský kraj","CISOB",43,"589217","Zlobice"
"CS","Odvozená vazba","KRAJ_NUTS",100,"3131","Zlínský kraj","CISOB",43,"589225","Žalkovice"
"CS","Odvozená vazba","KRAJ_NUTS",100,"3131","Zlínský kraj","CISOB",43,"589233","Žeranovice"
"CS","Odvozená vazba","KRAJ_NUTS",100,"3131","Zlínský kraj","CISOB",43,"592005","Uherské Hradiště"
"CS","Odvozená vazba","KRAJ_NUTS",100,"3131","Zlínský kraj","CISOB",43,"592013","Babice"
"CS","Odvozená vazba","KRAJ_NUTS",100,"3131","Zlínský kraj","CISOB",43,"592021","Bánov"
"CS","Odvozená vazba","KRAJ_NUTS",100,"3131","Zlínský kraj","CISOB",43,"592030","Bílovice"
"CS","Odvozená vazba","KRAJ_NUTS",100,"3131","Zlínský kraj","CISOB",43,"592048","Bojkovice"
"CS","Odvozená vazba","KRAJ_NUTS",100,"3131","Zlínský kraj","CISOB",43,"592056","Boršice u Blatnice"
"CS","Odvozená vazba","KRAJ_NUTS",100,"3131","Zlínský kraj","CISOB",43,"592064","Boršice"
"CS","Odvozená vazba","KRAJ_NUTS",100,"3131","Zlínský kraj","CISOB",43,"592072","Břestek"
"CS","Odvozená vazba","KRAJ_NUTS",100,"3131","Zlínský kraj","CISOB",43,"592081","Březolupy"
"CS","Odvozená vazba","KRAJ_NUTS",100,"3131","Zlínský kraj","CISOB",43,"592099","Březová"
"CS","Odvozená vazba","KRAJ_NUTS",100,"3131","Zlínský kraj","CISOB",43,"592102","Buchlovice"
"CS","Odvozená vazba","KRAJ_NUTS",100,"3131","Zlínský kraj","CISOB",43,"592111","Bystřice pod Lopeníkem"
"CS","Odvozená vazba","KRAJ_NUTS",100,"3131","Zlínský kraj","CISOB",43,"592137","Částkov"
"CS","Odvozená vazba","KRAJ_NUTS",100,"3131","Zlínský kraj","CISOB",43,"592145","Dolní Němčí"
"CS","Odvozená vazba","KRAJ_NUTS",100,"3131","Zlínský kraj","CISOB",43,"592153","Drslavice"
"CS","Odvozená vazba","KRAJ_NUTS",100,"3131","Zlínský kraj","CISOB",43,"592170","Hluk"
"CS","Odvozená vazba","KRAJ_NUTS",100,"3131","Zlínský kraj","CISOB",43,"592188","Horní Němčí"
"CS","Odvozená vazba","KRAJ_NUTS",100,"3131","Zlínský kraj","CISOB",43,"592196","Hostějov"
"CS","Odvozená vazba","KRAJ_NUTS",100,"3131","Zlínský kraj","CISOB",43,"592200","Hradčovice"
"CS","Odvozená vazba","KRAJ_NUTS",100,"3131","Zlínský kraj","CISOB",43,"592218","Huštěnovice"
"CS","Odvozená vazba","KRAJ_NUTS",100,"3131","Zlínský kraj","CISOB",43,"592226","Jalubí"
"CS","Odvozená vazba","KRAJ_NUTS",100,"3131","Zlínský kraj","CISOB",43,"592234","Jankovice"
"CS","Odvozená vazba","KRAJ_NUTS",100,"3131","Zlínský kraj","CISOB",43,"592251","Kelníky"
"CS","Odvozená vazba","KRAJ_NUTS",100,"3131","Zlínský kraj","CISOB",43,"592269","Kněžpole"
"CS","Odvozená vazba","KRAJ_NUTS",100,"3131","Zlínský kraj","CISOB",43,"592277","Komňa"
"CS","Odvozená vazba","KRAJ_NUTS",100,"3131","Zlínský kraj","CISOB",43,"592285","Korytná"
"CS","Odvozená vazba","KRAJ_NUTS",100,"3131","Zlínský kraj","CISOB",43,"592293","Kostelany nad Moravou"
"CS","Odvozená vazba","KRAJ_NUTS",100,"3131","Zlínský kraj","CISOB",43,"592307","Košíky"
"CS","Odvozená vazba","KRAJ_NUTS",100,"3131","Zlínský kraj","CISOB",43,"592323","Kudlovice"
"CS","Odvozená vazba","KRAJ_NUTS",100,"3131","Zlínský kraj","CISOB",43,"592340","Lopeník"
"CS","Odvozená vazba","KRAJ_NUTS",100,"3131","Zlínský kraj","CISOB",43,"592366","Medlovice"
"CS","Odvozená vazba","KRAJ_NUTS",100,"3131","Zlínský kraj","CISOB",43,"592382","Mistřice"
"CS","Odvozená vazba","KRAJ_NUTS",100,"3131","Zlínský kraj","CISOB",43,"592391","Modrá"
"CS","Odvozená vazba","KRAJ_NUTS",100,"3131","Zlínský kraj","CISOB",43,"592404","Nedachlebice"
"CS","Odvozená vazba","KRAJ_NUTS",100,"3131","Zlínský kraj","CISOB",43,"592412","Nedakonice"
"CS","Odvozená vazba","KRAJ_NUTS",100,"3131","Zlínský kraj","CISOB",43,"592421","Nezdenice"
"CS","Odvozená vazba","KRAJ_NUTS",100,"3131","Zlínský kraj","CISOB",43,"592439","Nivnice"
"CS","Odvozená vazba","KRAJ_NUTS",100,"3131","Zlínský kraj","CISOB",43,"592447","Ořechov"
"CS","Odvozená vazba","KRAJ_NUTS",100,"3131","Zlínský kraj","CISOB",43,"592455","Ostrožská Lhota"
"CS","Odvozená vazba","KRAJ_NUTS",100,"3131","Zlínský kraj","CISOB",43,"592463","Ostrožská Nová Ves"
"CS","Odvozená vazba","KRAJ_NUTS",100,"3131","Zlínský kraj","CISOB",43,"592471","Osvětimany"
"CS","Odvozená vazba","KRAJ_NUTS",100,"3131","Zlínský kraj","CISOB",43,"592480","Pašovice"
"CS","Odvozená vazba","KRAJ_NUTS",100,"3131","Zlínský kraj","CISOB",43,"592498","Pitín"
"CS","Odvozená vazba","KRAJ_NUTS",100,"3131","Zlínský kraj","CISOB",43,"592501","Podolí"
"CS","Odvozená vazba","KRAJ_NUTS",100,"3131","Zlínský kraj","CISOB",43,"592510","Polešovice"
"CS","Odvozená vazba","KRAJ_NUTS",100,"3131","Zlínský kraj","CISOB",43,"592528","Popovice"
"CS","Odvozená vazba","KRAJ_NUTS",100,"3131","Zlínský kraj","CISOB",43,"592536","Prakšice"
"CS","Odvozená vazba","KRAJ_NUTS",100,"3131","Zlínský kraj","CISOB",43,"592552","Rudice"
"CS","Odvozená vazba","KRAJ_NUTS",100,"3131","Zlínský kraj","CISOB",43,"592561","Salaš"
"CS","Odvozená vazba","KRAJ_NUTS",100,"3131","Zlínský kraj","CISOB",43,"592579","Slavkov"
"CS","Odvozená vazba","KRAJ_NUTS",100,"3131","Zlínský kraj","CISOB",43,"592587","Staré Hutě"
"CS","Odvozená vazba","KRAJ_NUTS",100,"3131","Zlínský kraj","CISOB",43,"592609","Starý Hrozenkov"
"CS","Odvozená vazba","KRAJ_NUTS",100,"3131","Zlínský kraj","CISOB",43,"592617","Strání"
"CS","Odvozená vazba","KRAJ_NUTS",100,"3131","Zlínský kraj","CISOB",43,"592625","Stříbrnice"
"CS","Odvozená vazba","KRAJ_NUTS",100,"3131","Zlínský kraj","CISOB",43,"592633","Stupava"
"CS","Odvozená vazba","KRAJ_NUTS",100,"3131","Zlínský kraj","CISOB",43,"592641","Suchá Loz"
"CS","Odvozená vazba","KRAJ_NUTS",100,"3131","Zlínský kraj","CISOB",43,"592650","Sušice"
"CS","Odvozená vazba","KRAJ_NUTS",100,"3131","Zlínský kraj","CISOB",43,"592668","Svárov"
"CS","Odvozená vazba","KRAJ_NUTS",100,"3131","Zlínský kraj","CISOB",43,"592676","Šumice"
"CS","Odvozená vazba","KRAJ_NUTS",100,"3131","Zlínský kraj","CISOB",43,"592692","Topolná"
"CS","Odvozená vazba","KRAJ_NUTS",100,"3131","Zlínský kraj","CISOB",43,"592706","Traplice"
"CS","Odvozená vazba","KRAJ_NUTS",100,"3131","Zlínský kraj","CISOB",43,"592714","Tučapy"
"CS","Odvozená vazba","KRAJ_NUTS",100,"3131","Zlínský kraj","CISOB",43,"592722","Tupesy"
"CS","Odvozená vazba","KRAJ_NUTS",100,"3131","Zlínský kraj","CISOB",43,"592731","Uherský Brod"
"CS","Odvozená vazba","KRAJ_NUTS",100,"3131","Zlínský kraj","CISOB",43,"592749","Uherský Ostroh"
"CS","Odvozená vazba","KRAJ_NUTS",100,"3131","Zlínský kraj","CISOB",43,"592757","Újezdec"
"CS","Odvozená vazba","KRAJ_NUTS",100,"3131","Zlínský kraj","CISOB",43,"592773","Vápenice"
"CS","Odvozená vazba","KRAJ_NUTS",100,"3131","Zlínský kraj","CISOB",43,"592781","Vážany"
"CS","Odvozená vazba","KRAJ_NUTS",100,"3131","Zlínský kraj","CISOB",43,"592790","Velehrad"
"CS","Odvozená vazba","KRAJ_NUTS",100,"3131","Zlínský kraj","CISOB",43,"592803","Veletiny"
"CS","Odvozená vazba","KRAJ_NUTS",100,"3131","Zlínský kraj","CISOB",43,"592820","Vlčnov"
"CS","Odvozená vazba","KRAJ_NUTS",100,"3131","Zlínský kraj","CISOB",43,"592838","Vyškovec"
"CS","Odvozená vazba","KRAJ_NUTS",100,"3131","Zlínský kraj","CISOB",43,"592846","Záhorovice"
"CS","Odvozená vazba","KRAJ_NUTS",100,"3131","Zlínský kraj","CISOB",43,"592854","Zlámanec"
"CS","Odvozená vazba","KRAJ_NUTS",100,"3131","Zlínský kraj","CISOB",43,"592862","Zlechov"
"CS","Odvozená vazba","KRAJ_NUTS",100,"3131","Zlínský kraj","CISOB",43,"592871","Žítková"
"CS","Odvozená vazba","KRAJ_NUTS",100,"3140","Moravskoslezský kraj","CISOB",43,"500046","Libhošť"
"CS","Odvozená vazba","KRAJ_NUTS",100,"3140","Moravskoslezský kraj","CISOB",43,"500259","Veřovice"
"CS","Odvozená vazba","KRAJ_NUTS",100,"3140","Moravskoslezský kraj","CISOB",43,"500291","Vřesina"
"CS","Odvozená vazba","KRAJ_NUTS",100,"3140","Moravskoslezský kraj","CISOB",43,"505927","Opava"
"CS","Odvozená vazba","KRAJ_NUTS",100,"3140","Moravskoslezský kraj","CISOB",43,"506192","Bohuslavice"
"CS","Odvozená vazba","KRAJ_NUTS",100,"3140","Moravskoslezský kraj","CISOB",43,"506214","Bolatice"
"CS","Odvozená vazba","KRAJ_NUTS",100,"3140","Moravskoslezský kraj","CISOB",43,"506320","Brumovice"
"CS","Odvozená vazba","KRAJ_NUTS",100,"3140","Moravskoslezský kraj","CISOB",43,"506451","Březová"
"CS","Odvozená vazba","KRAJ_NUTS",100,"3140","Moravskoslezský kraj","CISOB",43,"506460","Budišov nad Budišovkou"
"CS","Odvozená vazba","KRAJ_NUTS",100,"3140","Moravskoslezský kraj","CISOB",43,"506702","Dolní Benešov"
"CS","Odvozená vazba","KRAJ_NUTS",100,"3140","Moravskoslezský kraj","CISOB",43,"506711","Dolní Lhota"
"CS","Odvozená vazba","KRAJ_NUTS",100,"3140","Moravskoslezský kraj","CISOB",43,"506753","Háj ve Slezsku"
"CS","Odvozená vazba","KRAJ_NUTS",100,"3140","Moravskoslezský kraj","CISOB",43,"507016","Hlučín"
"CS","Odvozená vazba","KRAJ_NUTS",100,"3140","Moravskoslezský kraj","CISOB",43,"507091","Nýdek"
"CS","Odvozená vazba","KRAJ_NUTS",100,"3140","Moravskoslezský kraj","CISOB",43,"507105","Hněvošice"
"CS","Odvozená vazba","KRAJ_NUTS",100,"3140","Moravskoslezský kraj","CISOB",43,"507113","Holasovice"
"CS","Odvozená vazba","KRAJ_NUTS",100,"3140","Moravskoslezský kraj","CISOB",43,"507181","Pržno"
"CS","Odvozená vazba","KRAJ_NUTS",100,"3140","Moravskoslezský kraj","CISOB",43,"507237","Komorní Lhotka"
"CS","Odvozená vazba","KRAJ_NUTS",100,"3140","Moravskoslezský kraj","CISOB",43,"507261","Hrabyně"
"CS","Odvozená vazba","KRAJ_NUTS",100,"3140","Moravskoslezský kraj","CISOB",43,"507270","Hradec nad Moravicí"
"CS","Odvozená vazba","KRAJ_NUTS",100,"3140","Moravskoslezský kraj","CISOB",43,"507334","Chuchelná"
"CS","Odvozená vazba","KRAJ_NUTS",100,"3140","Moravskoslezský kraj","CISOB",43,"507377","Jakartovice"
"CS","Odvozená vazba","KRAJ_NUTS",100,"3140","Moravskoslezský kraj","CISOB",43,"507423","Janovice"
"CS","Odvozená vazba","KRAJ_NUTS",100,"3140","Moravskoslezský kraj","CISOB",43,"507458","Košařiska"
"CS","Odvozená vazba","KRAJ_NUTS",100,"3140","Moravskoslezský kraj","CISOB",43,"507504","Kobeřice"
"CS","Odvozená vazba","KRAJ_NUTS",100,"3140","Moravskoslezský kraj","CISOB",43,"507547","Milíkov"
"CS","Odvozená vazba","KRAJ_NUTS",100,"3140","Moravskoslezský kraj","CISOB",43,"507580","Kravaře"
"CS","Odvozená vazba","KRAJ_NUTS",100,"3140","Moravskoslezský kraj","CISOB",43,"507920","Litultovice"
"CS","Odvozená vazba","KRAJ_NUTS",100,"3140","Moravskoslezský kraj","CISOB",43,"507971","Ludgeřovice"
"CS","Odvozená vazba","KRAJ_NUTS",100,"3140","Moravskoslezský kraj","CISOB",43,"508128","Markvartovice"
"CS","Odvozená vazba","KRAJ_NUTS",100,"3140","Moravskoslezský kraj","CISOB",43,"508144","Melč"
"CS","Odvozená vazba","KRAJ_NUTS",100,"3140","Moravskoslezský kraj","CISOB",43,"508373","Mokré Lazce"
"CS","Odvozená vazba","KRAJ_NUTS",100,"3140","Moravskoslezský kraj","CISOB",43,"509574","Oldřišov"
"CS","Odvozená vazba","KRAJ_NUTS",100,"3140","Moravskoslezský kraj","CISOB",43,"509612","Otice"
"CS","Odvozená vazba","KRAJ_NUTS",100,"3140","Moravskoslezský kraj","CISOB",43,"509647","Píšť"
"CS","Odvozená vazba","KRAJ_NUTS",100,"3140","Moravskoslezský kraj","CISOB",43,"509736","Pustá Polom"
"CS","Odvozená vazba","KRAJ_NUTS",100,"3140","Moravskoslezský kraj","CISOB",43,"509841","Raduň"
"CS","Odvozená vazba","KRAJ_NUTS",100,"3140","Moravskoslezský kraj","CISOB",43,"510131","Skřipov"
"CS","Odvozená vazba","KRAJ_NUTS",100,"3140","Moravskoslezský kraj","CISOB",43,"510289","Slavkov"
"CS","Odvozená vazba","KRAJ_NUTS",100,"3140","Moravskoslezský kraj","CISOB",43,"510297","Služovice"
"CS","Odvozená vazba","KRAJ_NUTS",100,"3140","Moravskoslezský kraj","CISOB",43,"510343","Stěbořice"
"CS","Odvozená vazba","KRAJ_NUTS",100,"3140","Moravskoslezský kraj","CISOB",43,"510378","Sudice"
"CS","Odvozená vazba","KRAJ_NUTS",100,"3140","Moravskoslezský kraj","CISOB",43,"510432","Šilheřovice"
"CS","Odvozená vazba","KRAJ_NUTS",100,"3140","Moravskoslezský kraj","CISOB",43,"510483","Štěpánkovice"
"CS","Odvozená vazba","KRAJ_NUTS",100,"3140","Moravskoslezský kraj","CISOB",43,"510491","Štítina"
"CS","Odvozená vazba","KRAJ_NUTS",100,"3140","Moravskoslezský kraj","CISOB",43,"510882","Velká Polom"
"CS","Odvozená vazba","KRAJ_NUTS",100,"3140","Moravskoslezský kraj","CISOB",43,"510891","Velké Heraltice"
"CS","Odvozená vazba","KRAJ_NUTS",100,"3140","Moravskoslezský kraj","CISOB",43,"510939","Velké Hoštice"
"CS","Odvozená vazba","KRAJ_NUTS",100,"3140","Moravskoslezský kraj","CISOB",43,"511021","Vítkov"
"CS","Odvozená vazba","KRAJ_NUTS",100,"3140","Moravskoslezský kraj","CISOB",43,"511161","Vršovice"
"CS","Odvozená vazba","KRAJ_NUTS",100,"3140","Moravskoslezský kraj","CISOB",43,"511633","Bocanovice"
"CS","Odvozená vazba","KRAJ_NUTS",100,"3140","Moravskoslezský kraj","CISOB",43,"511935","Bukovec"
"CS","Odvozená vazba","KRAJ_NUTS",100,"3140","Moravskoslezský kraj","CISOB",43,"511951","Dolní Lomná"
"CS","Odvozená vazba","KRAJ_NUTS",100,"3140","Moravskoslezský kraj","CISOB",43,"511986","Horní Lomná"
"CS","Odvozená vazba","KRAJ_NUTS",100,"3140","Moravskoslezský kraj","CISOB",43,"512028","Písek"
"CS","Odvozená vazba","KRAJ_NUTS",100,"3140","Moravskoslezský kraj","CISOB",43,"512176","Hrádek"
"CS","Odvozená vazba","KRAJ_NUTS",100,"3140","Moravskoslezský kraj","CISOB",43,"512184","Metylovice"
"CS","Odvozená vazba","KRAJ_NUTS",100,"3140","Moravskoslezský kraj","CISOB",43,"512192","Horní Domaslavice"
"CS","Odvozená vazba","KRAJ_NUTS",100,"3140","Moravskoslezský kraj","CISOB",43,"512745","Těškovice"
"CS","Odvozená vazba","KRAJ_NUTS",100,"3140","Moravskoslezský kraj","CISOB",43,"512869","Strahovice"
"CS","Odvozená vazba","KRAJ_NUTS",100,"3140","Moravskoslezský kraj","CISOB",43,"512893","Nové Lublice"
"CS","Odvozená vazba","KRAJ_NUTS",100,"3140","Moravskoslezský kraj","CISOB",43,"512907","Kyjovice"
"CS","Odvozená vazba","KRAJ_NUTS",100,"3140","Moravskoslezský kraj","CISOB",43,"512923","Chlebičov"
"CS","Odvozená vazba","KRAJ_NUTS",100,"3140","Moravskoslezský kraj","CISOB",43,"512974","Bělá"
"CS","Odvozená vazba","KRAJ_NUTS",100,"3140","Moravskoslezský kraj","CISOB",43,"546950","Nová Pláň"
"CS","Odvozená vazba","KRAJ_NUTS",100,"3140","Moravskoslezský kraj","CISOB",43,"546984","Bílov"
"CS","Odvozená vazba","KRAJ_NUTS",100,"3140","Moravskoslezský kraj","CISOB",43,"547000","Životice u Nového Jičína"
"CS","Odvozená vazba","KRAJ_NUTS",100,"3140","Moravskoslezský kraj","CISOB",43,"547131","Svatoňovice"
"CS","Odvozená vazba","KRAJ_NUTS",100,"3140","Moravskoslezský kraj","CISOB",43,"547182","Kozmice"
"CS","Odvozená vazba","KRAJ_NUTS",100,"3140","Moravskoslezský kraj","CISOB",43,"547191","Jezdkovice"
"CS","Odvozená vazba","KRAJ_NUTS",100,"3140","Moravskoslezský kraj","CISOB",43,"549665","Raškovice"
"CS","Odvozená vazba","KRAJ_NUTS",100,"3140","Moravskoslezský kraj","CISOB",43,"549673","Krásná"
"CS","Odvozená vazba","KRAJ_NUTS",100,"3140","Moravskoslezský kraj","CISOB",43,"551694","Velká Štáhle"
"CS","Odvozená vazba","KRAJ_NUTS",100,"3140","Moravskoslezský kraj","CISOB",43,"551708","Dlouhá Stráň"
"CS","Odvozená vazba","KRAJ_NUTS",100,"3140","Moravskoslezský kraj","CISOB",43,"551724","Mezina"
"CS","Odvozená vazba","KRAJ_NUTS",100,"3140","Moravskoslezský kraj","CISOB",43,"551732","Moravskoslezský Kočov"
"CS","Odvozená vazba","KRAJ_NUTS",100,"3140","Moravskoslezský kraj","CISOB",43,"551767","Staré Město"
"CS","Odvozená vazba","KRAJ_NUTS",100,"3140","Moravskoslezský kraj","CISOB",43,"551783","Valšov"
"CS","Odvozená vazba","KRAJ_NUTS",100,"3140","Moravskoslezský kraj","CISOB",43,"551805","Horní Životice"
"CS","Odvozená vazba","KRAJ_NUTS",100,"3140","Moravskoslezský kraj","CISOB",43,"551813","Staré Heřminovy"
"CS","Odvozená vazba","KRAJ_NUTS",100,"3140","Moravskoslezský kraj","CISOB",43,"551821","Tvrdkov"
"CS","Odvozená vazba","KRAJ_NUTS",100,"3140","Moravskoslezský kraj","CISOB",43,"551848","Petrovice"
"CS","Odvozená vazba","KRAJ_NUTS",100,"3140","Moravskoslezský kraj","CISOB",43,"551864","Dívčí Hrad"
"CS","Odvozená vazba","KRAJ_NUTS",100,"3140","Moravskoslezský kraj","CISOB",43,"551872","Hlinka"
"CS","Odvozená vazba","KRAJ_NUTS",100,"3140","Moravskoslezský kraj","CISOB",43,"551881","Slezské Pavlovice"
"CS","Odvozená vazba","KRAJ_NUTS",100,"3140","Moravskoslezský kraj","CISOB",43,"551902","Malá Štáhle"
"CS","Odvozená vazba","KRAJ_NUTS",100,"3140","Moravskoslezský kraj","CISOB",43,"551911","Stará Ves"
"CS","Odvozená vazba","KRAJ_NUTS",100,"3140","Moravskoslezský kraj","CISOB",43,"551929","Andělská Hora"
"CS","Odvozená vazba","KRAJ_NUTS",100,"3140","Moravskoslezský kraj","CISOB",43,"551945","Rudná pod Pradědem"
"CS","Odvozená vazba","KRAJ_NUTS",100,"3140","Moravskoslezský kraj","CISOB",43,"551996","Ludvíkov"
"CS","Odvozená vazba","KRAJ_NUTS",100,"3140","Moravskoslezský kraj","CISOB",43,"552003","Čaková"
"CS","Odvozená vazba","KRAJ_NUTS",100,"3140","Moravskoslezský kraj","CISOB",43,"552488","Vojkovice"
"CS","Odvozená vazba","KRAJ_NUTS",100,"3140","Moravskoslezský kraj","CISOB",43,"552500","Pazderna"
"CS","Odvozená vazba","KRAJ_NUTS",100,"3140","Moravskoslezský kraj","CISOB",43,"552518","Nošovice"
"CS","Odvozená vazba","KRAJ_NUTS",100,"3140","Moravskoslezský kraj","CISOB",43,"552526","Nižní Lhoty"
"CS","Odvozená vazba","KRAJ_NUTS",100,"3140","Moravskoslezský kraj","CISOB",43,"552542","Dobratice"
"CS","Odvozená vazba","KRAJ_NUTS",100,"3140","Moravskoslezský kraj","CISOB",43,"552551","Staré Město"
"CS","Odvozená vazba","KRAJ_NUTS",100,"3140","Moravskoslezský kraj","CISOB",43,"552569","Staříč"
"CS","Odvozená vazba","KRAJ_NUTS",100,"3140","Moravskoslezský kraj","CISOB",43,"552577","Pstruží"
"CS","Odvozená vazba","KRAJ_NUTS",100,"3140","Moravskoslezský kraj","CISOB",43,"552593","Malenovice"
"CS","Odvozená vazba","KRAJ_NUTS",100,"3140","Moravskoslezský kraj","CISOB",43,"552607","Dolní Tošanovice"
"CS","Odvozená vazba","KRAJ_NUTS",100,"3140","Moravskoslezský kraj","CISOB",43,"552615","Vělopolí"
"CS","Odvozená vazba","KRAJ_NUTS",100,"3140","Moravskoslezský kraj","CISOB",43,"552623","Třanovice"
"CS","Odvozená vazba","KRAJ_NUTS",100,"3140","Moravskoslezský kraj","CISOB",43,"552631","Horní Tošanovice"
"CS","Odvozená vazba","KRAJ_NUTS",100,"3140","Moravskoslezský kraj","CISOB",43,"552640","Řeka"
"CS","Odvozená vazba","KRAJ_NUTS",100,"3140","Moravskoslezský kraj","CISOB",43,"552658","Smilovice"
"CS","Odvozená vazba","KRAJ_NUTS",100,"3140","Moravskoslezský kraj","CISOB",43,"552674","Střítež"
"CS","Odvozená vazba","KRAJ_NUTS",100,"3140","Moravskoslezský kraj","CISOB",43,"552682","Vyšní Lhoty"
"CS","Odvozená vazba","KRAJ_NUTS",100,"3140","Moravskoslezský kraj","CISOB",43,"552691","Žabeň"
"CS","Odvozená vazba","KRAJ_NUTS",100,"3140","Moravskoslezský kraj","CISOB",43,"552739","Horní Suchá"
"CS","Odvozená vazba","KRAJ_NUTS",100,"3140","Moravskoslezský kraj","CISOB",43,"553042","Mladecko"
"CS","Odvozená vazba","KRAJ_NUTS",100,"3140","Moravskoslezský kraj","CISOB",43,"553051","Dolní Životice"
"CS","Odvozená vazba","KRAJ_NUTS",100,"3140","Moravskoslezský kraj","CISOB",43,"553093","Hlavnice"
"CS","Odvozená vazba","KRAJ_NUTS",100,"3140","Moravskoslezský kraj","CISOB",43,"553107","Bratříkovice"
"CS","Odvozená vazba","KRAJ_NUTS",100,"3140","Moravskoslezský kraj","CISOB",43,"553115","Lhotka u Litultovic"
"CS","Odvozená vazba","KRAJ_NUTS",100,"3140","Moravskoslezský kraj","CISOB",43,"553158","Neplachovice"
"CS","Odvozená vazba","KRAJ_NUTS",100,"3140","Moravskoslezský kraj","CISOB",43,"553492","Závada"
"CS","Odvozená vazba","KRAJ_NUTS",100,"3140","Moravskoslezský kraj","CISOB",43,"554014","Návsí"
"CS","Odvozená vazba","KRAJ_NUTS",100,"3140","Moravskoslezský kraj","CISOB",43,"554049","Olbramice"
"CS","Odvozená vazba","KRAJ_NUTS",100,"3140","Moravskoslezský kraj","CISOB",43,"554065","Jakubčovice nad Odrou"
"CS","Odvozená vazba","KRAJ_NUTS",100,"3140","Moravskoslezský kraj","CISOB",43,"554171","Šenov u Nového Jičína"
"CS","Odvozená vazba","KRAJ_NUTS",100,"3140","Moravskoslezský kraj","CISOB",43,"554197","Branka u Opavy"
"CS","Odvozená vazba","KRAJ_NUTS",100,"3140","Moravskoslezský kraj","CISOB",43,"554821","Ostrava"
"CS","Odvozená vazba","KRAJ_NUTS",100,"3140","Moravskoslezský kraj","CISOB",43,"554910","Vražné"
"CS","Odvozená vazba","KRAJ_NUTS",100,"3140","Moravskoslezský kraj","CISOB",43,"554928","Vendryně"
"CS","Odvozená vazba","KRAJ_NUTS",100,"3140","Moravskoslezský kraj","CISOB",43,"554936","Bítov"
"CS","Odvozená vazba","KRAJ_NUTS",100,"3140","Moravskoslezský kraj","CISOB",43,"555088","Havířov"
"CS","Odvozená vazba","KRAJ_NUTS",100,"3140","Moravskoslezský kraj","CISOB",43,"555274","Nové Sedlice"
"CS","Odvozená vazba","KRAJ_NUTS",100,"3140","Moravskoslezský kraj","CISOB",43,"555291","Chotěbuz"
"CS","Odvozená vazba","KRAJ_NUTS",100,"3140","Moravskoslezský kraj","CISOB",43,"555312","Kujavy"
"CS","Odvozená vazba","KRAJ_NUTS",100,"3140","Moravskoslezský kraj","CISOB",43,"556858","Bravantice"
"CS","Odvozená vazba","KRAJ_NUTS",100,"3140","Moravskoslezský kraj","CISOB",43,"556971","Ropice"
"CS","Odvozená vazba","KRAJ_NUTS",100,"3140","Moravskoslezský kraj","CISOB",43,"557226","Písečná"
"CS","Odvozená vazba","KRAJ_NUTS",100,"3140","Moravskoslezský kraj","CISOB",43,"568163","Žermanice"
"CS","Odvozená vazba","KRAJ_NUTS",100,"3140","Moravskoslezský kraj","CISOB",43,"568180","Kružberk"
"CS","Odvozená vazba","KRAJ_NUTS",100,"3140","Moravskoslezský kraj","CISOB",43,"568198","Staré Těchanovice"
"CS","Odvozená vazba","KRAJ_NUTS",100,"3140","Moravskoslezský kraj","CISOB",43,"568210","Hať"
"CS","Odvozená vazba","KRAJ_NUTS",100,"3140","Moravskoslezský kraj","CISOB",43,"568228","Darkovice"
"CS","Odvozená vazba","KRAJ_NUTS",100,"3140","Moravskoslezský kraj","CISOB",43,"568236","Děhylov"
"CS","Odvozená vazba","KRAJ_NUTS",100,"3140","Moravskoslezský kraj","CISOB",43,"568244","Vřesina"
"CS","Odvozená vazba","KRAJ_NUTS",100,"3140","Moravskoslezský kraj","CISOB",43,"568261","Budišovice"
"CS","Odvozená vazba","KRAJ_NUTS",100,"3140","Moravskoslezský kraj","CISOB",43,"568279","Mikolajice"
"CS","Odvozená vazba","KRAJ_NUTS",100,"3140","Moravskoslezský kraj","CISOB",43,"568317","Radkov"
"CS","Odvozená vazba","KRAJ_NUTS",100,"3140","Moravskoslezský kraj","CISOB",43,"568333","Štáblovice"
"CS","Odvozená vazba","KRAJ_NUTS",100,"3140","Moravskoslezský kraj","CISOB",43,"568341","Uhlířov"
"CS","Odvozená vazba","KRAJ_NUTS",100,"3140","Moravskoslezský kraj","CISOB",43,"568368","Hlubočec"
"CS","Odvozená vazba","KRAJ_NUTS",100,"3140","Moravskoslezský kraj","CISOB",43,"568376","Rohov"
"CS","Odvozená vazba","KRAJ_NUTS",100,"3140","Moravskoslezský kraj","CISOB",43,"568406","Slatina"
"CS","Odvozená vazba","KRAJ_NUTS",100,"3140","Moravskoslezský kraj","CISOB",43,"568422","Velké Albrechtice"
"CS","Odvozená vazba","KRAJ_NUTS",100,"3140","Moravskoslezský kraj","CISOB",43,"568431","Bordovice"
"CS","Odvozená vazba","KRAJ_NUTS",100,"3140","Moravskoslezský kraj","CISOB",43,"568449","Zbyslavice"
"CS","Odvozená vazba","KRAJ_NUTS",100,"3140","Moravskoslezský kraj","CISOB",43,"568473","Závišice"
"CS","Odvozená vazba","KRAJ_NUTS",100,"3140","Moravskoslezský kraj","CISOB",43,"568481","Bernartice nad Odrou"
"CS","Odvozená vazba","KRAJ_NUTS",100,"3140","Moravskoslezský kraj","CISOB",43,"568511","Hostašovice"
"CS","Odvozená vazba","KRAJ_NUTS",100,"3140","Moravskoslezský kraj","CISOB",43,"568546","Kunín"
"CS","Odvozená vazba","KRAJ_NUTS",100,"3140","Moravskoslezský kraj","CISOB",43,"568554","Rybí"
"CS","Odvozená vazba","KRAJ_NUTS",100,"3140","Moravskoslezský kraj","CISOB",43,"568562","Heřmanice u Oder"
"CS","Odvozená vazba","KRAJ_NUTS",100,"3140","Moravskoslezský kraj","CISOB",43,"568571","Heřmánky"
"CS","Odvozená vazba","KRAJ_NUTS",100,"3140","Moravskoslezský kraj","CISOB",43,"568589","Mankovice"
"CS","Odvozená vazba","KRAJ_NUTS",100,"3140","Moravskoslezský kraj","CISOB",43,"568643","Kateřinice"
"CS","Odvozená vazba","KRAJ_NUTS",100,"3140","Moravskoslezský kraj","CISOB",43,"568686","Mošnov"
"CS","Odvozená vazba","KRAJ_NUTS",100,"3140","Moravskoslezský kraj","CISOB",43,"568716","Skotnice"
"CS","Odvozená vazba","KRAJ_NUTS",100,"3140","Moravskoslezský kraj","CISOB",43,"568732","Ženklava"
"CS","Odvozená vazba","KRAJ_NUTS",100,"3140","Moravskoslezský kraj","CISOB",43,"568741","Albrechtičky"
"CS","Odvozená vazba","KRAJ_NUTS",100,"3140","Moravskoslezský kraj","CISOB",43,"568775","Pustějov"
"CS","Odvozená vazba","KRAJ_NUTS",100,"3140","Moravskoslezský kraj","CISOB",43,"568791","Soběšovice"
"CS","Odvozená vazba","KRAJ_NUTS",100,"3140","Moravskoslezský kraj","CISOB",43,"568813","Pražmo"
"CS","Odvozená vazba","KRAJ_NUTS",100,"3140","Moravskoslezský kraj","CISOB",43,"568830","Řepiště"
"CS","Odvozená vazba","KRAJ_NUTS",100,"3140","Moravskoslezský kraj","CISOB",43,"568864","Doubrava"
"CS","Odvozená vazba","KRAJ_NUTS",100,"3140","Moravskoslezský kraj","CISOB",43,"569097","Moravice"
"CS","Odvozená vazba","KRAJ_NUTS",100,"3140","Moravskoslezský kraj","CISOB",43,"569101","Třebom"
"CS","Odvozená vazba","KRAJ_NUTS",100,"3140","Moravskoslezský kraj","CISOB",43,"569119","Čavisov"
"CS","Odvozená vazba","KRAJ_NUTS",100,"3140","Moravskoslezský kraj","CISOB",43,"569500","Horní Lhota"
"CS","Odvozená vazba","KRAJ_NUTS",100,"3140","Moravskoslezský kraj","CISOB",43,"569526","Milotice nad Opavou"
"CS","Odvozená vazba","KRAJ_NUTS",100,"3140","Moravskoslezský kraj","CISOB",43,"569551","Nové Heřminovy"
"CS","Odvozená vazba","KRAJ_NUTS",100,"3140","Moravskoslezský kraj","CISOB",43,"569577","Oborná"
"CS","Odvozená vazba","KRAJ_NUTS",100,"3140","Moravskoslezský kraj","CISOB",43,"569607","Býkov-Láryšov"
"CS","Odvozená vazba","KRAJ_NUTS",100,"3140","Moravskoslezský kraj","CISOB",43,"569631","Sviadnov"
"CS","Odvozená vazba","KRAJ_NUTS",100,"3140","Moravskoslezský kraj","CISOB",43,"569666","Hladké Životice"
"CS","Odvozená vazba","KRAJ_NUTS",100,"3140","Moravskoslezský kraj","CISOB",43,"569747","Vrchy"
"CS","Odvozená vazba","KRAJ_NUTS",100,"3140","Moravskoslezský kraj","CISOB",43,"569755","Trnávka"
"CS","Odvozená vazba","KRAJ_NUTS",100,"3140","Moravskoslezský kraj","CISOB",43,"569895","Dobroslavice"
"CS","Odvozená vazba","KRAJ_NUTS",100,"3140","Moravskoslezský kraj","CISOB",43,"569909","Chvalíkovice"
"CS","Odvozená vazba","KRAJ_NUTS",100,"3140","Moravskoslezský kraj","CISOB",43,"569950","Čermná ve Slezsku"
"CS","Odvozená vazba","KRAJ_NUTS",100,"3140","Moravskoslezský kraj","CISOB",43,"570036","Větřkovice"
"CS","Odvozená vazba","KRAJ_NUTS",100,"3140","Moravskoslezský kraj","CISOB",43,"597180","Bruntál"
"CS","Odvozená vazba","KRAJ_NUTS",100,"3140","Moravskoslezský kraj","CISOB",43,"597198","Bílčice"
"CS","Odvozená vazba","KRAJ_NUTS",100,"3140","Moravskoslezský kraj","CISOB",43,"597201","Bohušov"
"CS","Odvozená vazba","KRAJ_NUTS",100,"3140","Moravskoslezský kraj","CISOB",43,"597210","Brantice"
"CS","Odvozená vazba","KRAJ_NUTS",100,"3140","Moravskoslezský kraj","CISOB",43,"597228","Břidličná"
"CS","Odvozená vazba","KRAJ_NUTS",100,"3140","Moravskoslezský kraj","CISOB",43,"597252","Dětřichov nad Bystřicí"
"CS","Odvozená vazba","KRAJ_NUTS",100,"3140","Moravskoslezský kraj","CISOB",43,"597287","Dolní Moravice"
"CS","Odvozená vazba","KRAJ_NUTS",100,"3140","Moravskoslezský kraj","CISOB",43,"597317","Dvorce"
"CS","Odvozená vazba","KRAJ_NUTS",100,"3140","Moravskoslezský kraj","CISOB",43,"597325","Heřmanovice"
"CS","Odvozená vazba","KRAJ_NUTS",100,"3140","Moravskoslezský kraj","CISOB",43,"597341","Holčovice"
"CS","Odvozená vazba","KRAJ_NUTS",100,"3140","Moravskoslezský kraj","CISOB",43,"597350","Horní Benešov"
"CS","Odvozená vazba","KRAJ_NUTS",100,"3140","Moravskoslezský kraj","CISOB",43,"597368","Horní Město"
"CS","Odvozená vazba","KRAJ_NUTS",100,"3140","Moravskoslezský kraj","CISOB",43,"597392","Hošťálkovy"
"CS","Odvozená vazba","KRAJ_NUTS",100,"3140","Moravskoslezský kraj","CISOB",43,"597431","Janov"
"CS","Odvozená vazba","KRAJ_NUTS",100,"3140","Moravskoslezský kraj","CISOB",43,"597449","Jindřichov"
"CS","Odvozená vazba","KRAJ_NUTS",100,"3140","Moravskoslezský kraj","CISOB",43,"597457","Jiříkov"
"CS","Odvozená vazba","KRAJ_NUTS",100,"3140","Moravskoslezský kraj","CISOB",43,"597473","Karlova Studánka"
"CS","Odvozená vazba","KRAJ_NUTS",100,"3140","Moravskoslezský kraj","CISOB",43,"597481","Karlovice"
"CS","Odvozená vazba","KRAJ_NUTS",100,"3140","Moravskoslezský kraj","CISOB",43,"597511","Krasov"
"CS","Odvozená vazba","KRAJ_NUTS",100,"3140","Moravskoslezský kraj","CISOB",43,"597520","Krnov"
"CS","Odvozená vazba","KRAJ_NUTS",100,"3140","Moravskoslezský kraj","CISOB",43,"597538","Křišťanovice"
"CS","Odvozená vazba","KRAJ_NUTS",100,"3140","Moravskoslezský kraj","CISOB",43,"597546","Leskovec nad Moravicí"
"CS","Odvozená vazba","KRAJ_NUTS",100,"3140","Moravskoslezský kraj","CISOB",43,"597554","Lichnov"
"CS","Odvozená vazba","KRAJ_NUTS",100,"3140","Moravskoslezský kraj","CISOB",43,"597571","Liptaň"
"CS","Odvozená vazba","KRAJ_NUTS",100,"3140","Moravskoslezský kraj","CISOB",43,"597589","Lomnice"
"CS","Odvozená vazba","KRAJ_NUTS",100,"3140","Moravskoslezský kraj","CISOB",43,"597601","Malá Morávka"
"CS","Odvozená vazba","KRAJ_NUTS",100,"3140","Moravskoslezský kraj","CISOB",43,"597635","Město Albrechtice"
"CS","Odvozená vazba","KRAJ_NUTS",100,"3140","Moravskoslezský kraj","CISOB",43,"597716","Osoblaha"
"CS","Odvozená vazba","KRAJ_NUTS",100,"3140","Moravskoslezský kraj","CISOB",43,"597724","Razová"
"CS","Odvozená vazba","KRAJ_NUTS",100,"3140","Moravskoslezský kraj","CISOB",43,"597741","Roudno"
"CS","Odvozená vazba","KRAJ_NUTS",100,"3140","Moravskoslezský kraj","CISOB",43,"597775","Rusín"
"CS","Odvozená vazba","KRAJ_NUTS",100,"3140","Moravskoslezský kraj","CISOB",43,"597783","Rýmařov"
"CS","Odvozená vazba","KRAJ_NUTS",100,"3140","Moravskoslezský kraj","CISOB",43,"597791","Ryžoviště"
"CS","Odvozená vazba","KRAJ_NUTS",100,"3140","Moravskoslezský kraj","CISOB",43,"597813","Slezské Rudoltice"
"CS","Odvozená vazba","KRAJ_NUTS",100,"3140","Moravskoslezský kraj","CISOB",43,"597821","Sosnová"
"CS","Odvozená vazba","KRAJ_NUTS",100,"3140","Moravskoslezský kraj","CISOB",43,"597872","Světlá Hora"
"CS","Odvozená vazba","KRAJ_NUTS",100,"3140","Moravskoslezský kraj","CISOB",43,"597881","Svobodné Heřmanice"
"CS","Odvozená vazba","KRAJ_NUTS",100,"3140","Moravskoslezský kraj","CISOB",43,"597899","Široká Niva"
"CS","Odvozená vazba","KRAJ_NUTS",100,"3140","Moravskoslezský kraj","CISOB",43,"597911","Třemešná"
"CS","Odvozená vazba","KRAJ_NUTS",100,"3140","Moravskoslezský kraj","CISOB",43,"597937","Úvalno"
"CS","Odvozená vazba","KRAJ_NUTS",100,"3140","Moravskoslezský kraj","CISOB",43,"597945","Václavov u Bruntálu"
"CS","Odvozená vazba","KRAJ_NUTS",100,"3140","Moravskoslezský kraj","CISOB",43,"597961","Vrbno pod Pradědem"
"CS","Odvozená vazba","KRAJ_NUTS",100,"3140","Moravskoslezský kraj","CISOB",43,"597970","Vysoká"
"CS","Odvozená vazba","KRAJ_NUTS",100,"3140","Moravskoslezský kraj","CISOB",43,"597988","Zátor"
"CS","Odvozená vazba","KRAJ_NUTS",100,"3140","Moravskoslezský kraj","CISOB",43,"598003","Frýdek-Místek"
"CS","Odvozená vazba","KRAJ_NUTS",100,"3140","Moravskoslezský kraj","CISOB",43,"598011","Baška"
"CS","Odvozená vazba","KRAJ_NUTS",100,"3140","Moravskoslezský kraj","CISOB",43,"598020","Bílá"
"CS","Odvozená vazba","KRAJ_NUTS",100,"3140","Moravskoslezský kraj","CISOB",43,"598038","Brušperk"
"CS","Odvozená vazba","KRAJ_NUTS",100,"3140","Moravskoslezský kraj","CISOB",43,"598046","Bruzovice"
"CS","Odvozená vazba","KRAJ_NUTS",100,"3140","Moravskoslezský kraj","CISOB",43,"598062","Bystřice"
"CS","Odvozená vazba","KRAJ_NUTS",100,"3140","Moravskoslezský kraj","CISOB",43,"598071","Čeladná"
"CS","Odvozená vazba","KRAJ_NUTS",100,"3140","Moravskoslezský kraj","CISOB",43,"598089","Dobrá"
"CS","Odvozená vazba","KRAJ_NUTS",100,"3140","Moravskoslezský kraj","CISOB",43,"598101","Dolní Domaslavice"
"CS","Odvozená vazba","KRAJ_NUTS",100,"3140","Moravskoslezský kraj","CISOB",43,"598135","Fryčovice"
"CS","Odvozená vazba","KRAJ_NUTS",100,"3140","Moravskoslezský kraj","CISOB",43,"598143","Frýdlant nad Ostravicí"
"CS","Odvozená vazba","KRAJ_NUTS",100,"3140","Moravskoslezský kraj","CISOB",43,"598160","Hnojník"
"CS","Odvozená vazba","KRAJ_NUTS",100,"3140","Moravskoslezský kraj","CISOB",43,"598178","Horní Bludovice"
"CS","Odvozená vazba","KRAJ_NUTS",100,"3140","Moravskoslezský kraj","CISOB",43,"598232","Hrčava"
"CS","Odvozená vazba","KRAJ_NUTS",100,"3140","Moravskoslezský kraj","CISOB",43,"598259","Jablunkov"
"CS","Odvozená vazba","KRAJ_NUTS",100,"3140","Moravskoslezský kraj","CISOB",43,"598275","Kaňovice"
"CS","Odvozená vazba","KRAJ_NUTS",100,"3140","Moravskoslezský kraj","CISOB",43,"598321","Kozlovice"
"CS","Odvozená vazba","KRAJ_NUTS",100,"3140","Moravskoslezský kraj","CISOB",43,"598348","Krmelín"
"CS","Odvozená vazba","KRAJ_NUTS",100,"3140","Moravskoslezský kraj","CISOB",43,"598356","Kunčice pod Ondřejníkem"
"CS","Odvozená vazba","KRAJ_NUTS",100,"3140","Moravskoslezský kraj","CISOB",43,"598364","Lhotka"
"CS","Odvozená vazba","KRAJ_NUTS",100,"3140","Moravskoslezský kraj","CISOB",43,"598399","Lučina"
"CS","Odvozená vazba","KRAJ_NUTS",100,"3140","Moravskoslezský kraj","CISOB",43,"598445","Morávka"
"CS","Odvozená vazba","KRAJ_NUTS",100,"3140","Moravskoslezský kraj","CISOB",43,"598453","Mosty u Jablunkova"
"CS","Odvozená vazba","KRAJ_NUTS",100,"3140","Moravskoslezský kraj","CISOB",43,"598542","Ostravice"
"CS","Odvozená vazba","KRAJ_NUTS",100,"3140","Moravskoslezský kraj","CISOB",43,"598551","Palkovice"
"CS","Odvozená vazba","KRAJ_NUTS",100,"3140","Moravskoslezský kraj","CISOB",43,"598569","Paskov"
"CS","Odvozená vazba","KRAJ_NUTS",100,"3140","Moravskoslezský kraj","CISOB",43,"598674","Sedliště"
"CS","Odvozená vazba","KRAJ_NUTS",100,"3140","Moravskoslezský kraj","CISOB",43,"598691","Hukvaldy"
"CS","Odvozená vazba","KRAJ_NUTS",100,"3140","Moravskoslezský kraj","CISOB",43,"598739","Stará Ves nad Ondřejnicí"
"CS","Odvozená vazba","KRAJ_NUTS",100,"3140","Moravskoslezský kraj","CISOB",43,"598747","Staré Hamry"
"CS","Odvozená vazba","KRAJ_NUTS",100,"3140","Moravskoslezský kraj","CISOB",43,"598798","Šenov"
"CS","Odvozená vazba","KRAJ_NUTS",100,"3140","Moravskoslezský kraj","CISOB",43,"598810","Třinec"
"CS","Odvozená vazba","KRAJ_NUTS",100,"3140","Moravskoslezský kraj","CISOB",43,"598836","Václavovice"
"CS","Odvozená vazba","KRAJ_NUTS",100,"3140","Moravskoslezský kraj","CISOB",43,"598879","Vratimov"
"CS","Odvozená vazba","KRAJ_NUTS",100,"3140","Moravskoslezský kraj","CISOB",43,"598917","Karviná"
"CS","Odvozená vazba","KRAJ_NUTS",100,"3140","Moravskoslezský kraj","CISOB",43,"598925","Albrechtice"
"CS","Odvozená vazba","KRAJ_NUTS",100,"3140","Moravskoslezský kraj","CISOB",43,"598933","Český Těšín"
"CS","Odvozená vazba","KRAJ_NUTS",100,"3140","Moravskoslezský kraj","CISOB",43,"598941","Dětmarovice"
"CS","Odvozená vazba","KRAJ_NUTS",100,"3140","Moravskoslezský kraj","CISOB",43,"598968","Dolní Lutyně"
"CS","Odvozená vazba","KRAJ_NUTS",100,"3140","Moravskoslezský kraj","CISOB",43,"599051","Bohumín"
"CS","Odvozená vazba","KRAJ_NUTS",100,"3140","Moravskoslezský kraj","CISOB",43,"599069","Orlová"
"CS","Odvozená vazba","KRAJ_NUTS",100,"3140","Moravskoslezský kraj","CISOB",43,"599077","Petrovice u Karviné"
"CS","Odvozená vazba","KRAJ_NUTS",100,"3140","Moravskoslezský kraj","CISOB",43,"599085","Petřvald"
"CS","Odvozená vazba","KRAJ_NUTS",100,"3140","Moravskoslezský kraj","CISOB",43,"599107","Rychvald"
"CS","Odvozená vazba","KRAJ_NUTS",100,"3140","Moravskoslezský kraj","CISOB",43,"599140","Stonava"
"CS","Odvozená vazba","KRAJ_NUTS",100,"3140","Moravskoslezský kraj","CISOB",43,"599158","Těrlicko"
"CS","Odvozená vazba","KRAJ_NUTS",100,"3140","Moravskoslezský kraj","CISOB",43,"599191","Nový Jičín"
"CS","Odvozená vazba","KRAJ_NUTS",100,"3140","Moravskoslezský kraj","CISOB",43,"599212","Bartošovice"
"CS","Odvozená vazba","KRAJ_NUTS",100,"3140","Moravskoslezský kraj","CISOB",43,"599247","Bílovec"
"CS","Odvozená vazba","KRAJ_NUTS",100,"3140","Moravskoslezský kraj","CISOB",43,"599344","Frenštát pod Radhoštěm"
"CS","Odvozená vazba","KRAJ_NUTS",100,"3140","Moravskoslezský kraj","CISOB",43,"599352","Fulnek"
"CS","Odvozená vazba","KRAJ_NUTS",100,"3140","Moravskoslezský kraj","CISOB",43,"599409","Hodslavice"
"CS","Odvozená vazba","KRAJ_NUTS",100,"3140","Moravskoslezský kraj","CISOB",43,"599468","Jeseník nad Odrou"
"CS","Odvozená vazba","KRAJ_NUTS",100,"3140","Moravskoslezský kraj","CISOB",43,"599506","Jistebník"
"CS","Odvozená vazba","KRAJ_NUTS",100,"3140","Moravskoslezský kraj","CISOB",43,"599549","Klimkovice"
"CS","Odvozená vazba","KRAJ_NUTS",100,"3140","Moravskoslezský kraj","CISOB",43,"599565","Kopřivnice"
"CS","Odvozená vazba","KRAJ_NUTS",100,"3140","Moravskoslezský kraj","CISOB",43,"599603","Lichnov"
"CS","Odvozená vazba","KRAJ_NUTS",100,"3140","Moravskoslezský kraj","CISOB",43,"599646","Luboměř"
"CS","Odvozená vazba","KRAJ_NUTS",100,"3140","Moravskoslezský kraj","CISOB",43,"599689","Mořkov"
"CS","Odvozená vazba","KRAJ_NUTS",100,"3140","Moravskoslezský kraj","CISOB",43,"599701","Odry"
"CS","Odvozená vazba","KRAJ_NUTS",100,"3140","Moravskoslezský kraj","CISOB",43,"599743","Petřvald"
"CS","Odvozená vazba","KRAJ_NUTS",100,"3140","Moravskoslezský kraj","CISOB",43,"599808","Příbor"
"CS","Odvozená vazba","KRAJ_NUTS",100,"3140","Moravskoslezský kraj","CISOB",43,"599832","Sedlnice"
"CS","Odvozená vazba","KRAJ_NUTS",100,"3140","Moravskoslezský kraj","CISOB",43,"599867","Spálov"
"CS","Odvozená vazba","KRAJ_NUTS",100,"3140","Moravskoslezský kraj","CISOB",43,"599905","Starý Jičín"
"CS","Odvozená vazba","KRAJ_NUTS",100,"3140","Moravskoslezský kraj","CISOB",43,"599921","Studénka"
"CS","Odvozená vazba","KRAJ_NUTS",100,"3140","Moravskoslezský kraj","CISOB",43,"599930","Suchdol nad Odrou"
"CS","Odvozená vazba","KRAJ_NUTS",100,"3140","Moravskoslezský kraj","CISOB",43,"599948","Štramberk"
"CS","Odvozená vazba","KRAJ_NUTS",100,"3140","Moravskoslezský kraj","CISOB",43,"599956","Tichá"
"CS","Odvozená vazba","KRAJ_NUTS",100,"3140","Moravskoslezský kraj","CISOB",43,"599964","Tísek"
"CS","Odvozená vazba","KRAJ_NUTS",100,"3140","Moravskoslezský kraj","CISOB",43,"599999","Trojanovice"